sale_year,town,flat_type,historical_group,lease_band_low,lease_band_high,n,median_lease_years,median_price_per_sqm,q25_price_per_sqm,q75_price_per_sqm
2017,ANG MO KIO,2 ROOM,historical_mature,55,60,11,59.416666666666664,5454.545454545455,5227.272727272727,5670.454545454546
2017,ANG MO KIO,2 ROOM,historical_mature,60,65,8,62.0,5306.818181818182,5170.454545454545,5414.772727272728
2017,ANG MO KIO,2 ROOM,historical_mature,65,70,4,67.66666666666666,4866.666666666667,4638.888888888889,5094.444444444444
2017,ANG MO KIO,3 ROOM,historical_mature,55,60,97,59.25,4315.068493150685,4179.104477611941,4657.534246575343
2017,ANG MO KIO,3 ROOM,historical_mature,60,65,376,61.583333333333336,4377.843137254902,4109.58904109589,4614.417910447762
2017,ANG MO KIO,3 ROOM,historical_mature,65,70,33,66.5,4477.611940298508,4298.507462686567,4676.470588235294
2017,ANG MO KIO,3 ROOM,historical_mature,90,95,15,94.08333333333333,6642.857142857143,6378.571428571428,6728.571428571429
2017,ANG MO KIO,4 ROOM,historical_mature,55,60,45,59.333333333333336,4670.32967032967,4432.98969072165,4979.591836734694
2017,ANG MO KIO,4 ROOM,historical_mature,60,65,131,61.416666666666664,4760.869565217391,4494.505494505494,5108.695652173913
2017,ANG MO KIO,4 ROOM,historical_mature,65,70,4,66.25,4374.039938556067,4280.21978021978,4663.978494623656
2017,ANG MO KIO,4 ROOM,historical_mature,70,75,5,74.66666666666667,3932.9056603773583,3872.549019607843,4411.764705882353
2017,ANG MO KIO,4 ROOM,historical_mature,75,80,2,75.54166666666667,4458.73786407767,4438.106796116505,4479.368932038835
2017,ANG MO KIO,4 ROOM,historical_mature,80,85,22,83.54166666666666,6473.684210526316,5912.2807017543855,6994.505494505494
2017,ANG MO KIO,4 ROOM,historical_mature,85,90,7,87.66666666666667,6343.2,6100.0,6638.888888888889
2017,ANG MO KIO,4 ROOM,historical_mature,90,95,34,93.58333333333333,7571.428571428572,7218.169191919192,7897.619047619048
2017,ANG MO KIO,5 ROOM,historical_mature,55,60,2,59.04166666666667,5418.699186991869,5331.30081300813,5506.09756097561
2017,ANG MO KIO,5 ROOM,historical_mature,60,65,61,62.083333333333336,5082.644628099173,4745.762711864407,5487.394957983193
2017,ANG MO KIO,5 ROOM,historical_mature,70,75,7,74.58333333333333,4696.969696969697,4419.191919191919,4991.657292838396
2017,ANG MO KIO,5 ROOM,historical_mature,75,80,8,77.875,4842.981053149606,4729.47803442029,5060.253337897981
2017,ANG MO KIO,5 ROOM,historical_mature,80,85,14,83.79166666666666,7168.181818181818,6579.545454545454,7306.818181818182
2017,ANG MO KIO,5 ROOM,historical_mature,85,90,12,87.45833333333333,6777.641277641278,5977.272727272727,7032.862407862408
2017,ANG MO KIO,5 ROOM,historical_mature,90,95,35,93.25,7053.571428571428,6888.909386068477,7480.740850059032
2017,ANG MO KIO,EXECUTIVE,historical_mature,55,60,1,58.666666666666664,5310.5590062111805,5310.5590062111805,5310.5590062111805
2017,ANG MO KIO,EXECUTIVE,historical_mature,60,65,1,62.583333333333336,5214.7239263803685,5214.7239263803685,5214.7239263803685
2017,ANG MO KIO,EXECUTIVE,historical_mature,75,80,7,77.91666666666667,5503.355704697987,5100.6711409395975,5570.51282051282
2017,BEDOK,2 ROOM,historical_mature,55,60,1,59.75,4933.333333333333,4933.333333333333,4933.333333333333
2017,BEDOK,2 ROOM,historical_mature,60,65,3,60.166666666666664,5022.222222222223,4955.555555555556,5155.555555555556
2017,BEDOK,2 ROOM,historical_mature,65,70,5,67.75,5444.444444444444,5333.333333333333,5444.444444444444
2017,BEDOK,3 ROOM,historical_mature,50,55,9,54.166666666666664,4230.7692307692305,4038.4615384615386,4307.692307692308
2017,BEDOK,3 ROOM,historical_mature,55,60,132,59.166666666666664,4477.611940298508,4295.88673005374,4646.32196162047
2017,BEDOK,3 ROOM,historical_mature,60,65,246,61.333333333333336,4429.653204565408,4253.731343283582,4701.492537313433
2017,BEDOK,3 ROOM,historical_mature,65,70,92,67.33333333333333,4472.139303482587,4328.299906716418,4637.68115942029
2017,BEDOK,3 ROOM,historical_mature,70,75,3,70.33333333333333,4460.31746031746,4388.888888888889,4480.15873015873
2017,BEDOK,3 ROOM,historical_mature,90,95,7,91.91666666666667,6693.548387096775,6282.608695652174,7195.652173913044
2017,BEDOK,4 ROOM,historical_mature,55,60,81,59.333333333333336,4380.952380952381,4166.666666666667,4583.333333333333
2017,BEDOK,4 ROOM,historical_mature,60,65,126,61.125,4456.521739130435,4281.105990783411,4673.017200191113
2017,BEDOK,4 ROOM,historical_mature,65,70,70,67.25,4390.552995391705,4222.413003663003,4583.333333333333
2017,BEDOK,4 ROOM,historical_mature,70,75,12,70.54166666666666,4931.776556776556,4558.734939759036,6009.615384615385
2017,BEDOK,4 ROOM,historical_mature,75,80,15,78.41666666666667,4538.461538461538,4351.851851851852,4583.333333333333
2017,BEDOK,4 ROOM,historical_mature,80,85,43,82.33333333333333,4904.761904761905,4633.333333333334,5095.238095238095
2017,BEDOK,4 ROOM,historical_mature,85,90,25,87.5,6369.565217391304,6211.764705882353,6489.130434782609
2017,BEDOK,4 ROOM,historical_mature,90,95,17,91.83333333333333,6907.216494845361,6659.79381443299,7164.948453608247
2017,BEDOK,5 ROOM,historical_mature,50,55,1,54.5,4076.923076923077,4076.923076923077,4076.923076923077
2017,BEDOK,5 ROOM,historical_mature,55,60,33,59.25,5333.333333333333,5017.391304347826,5739.130434782609
2017,BEDOK,5 ROOM,historical_mature,60,65,72,62.375,4227.272727272728,3911.0743801652893,4741.680672268907
2017,BEDOK,5 ROOM,historical_mature,65,70,29,67.25,4112.7819548872185,3770.4918032786886,4631.147540983607
2017,BEDOK,5 ROOM,historical_mature,70,75,13,74.41666666666667,5165.289256198347,4849.624060150376,6393.44262295082
2017,BEDOK,5 ROOM,historical_mature,75,80,24,77.95833333333334,4570.147147752469,4308.031496062992,4697.284552845528
2017,BEDOK,5 ROOM,historical_mature,80,85,24,82.33333333333333,5094.021739130435,4891.304347826087,5271.739130434782
2017,BEDOK,5 ROOM,historical_mature,85,90,3,87.41666666666667,6345.454545454545,6263.636363636364,6504.545454545454
2017,BEDOK,5 ROOM,historical_mature,90,95,5,91.75,7008.928571428572,6956.521739130435,7098.214285714285
2017,BEDOK,EXECUTIVE,historical_mature,55,60,1,59.333333333333336,4630.681818181818,4630.681818181818,4630.681818181818
2017,BEDOK,EXECUTIVE,historical_mature,65,70,20,66.41666666666666,4593.471596896255,4377.835002835002,4773.488281988282
2017,BEDOK,EXECUTIVE,historical_mature,70,75,14,72.58333333333334,5447.272727272728,4958.302176696543,5721.93217741163
2017,BEDOK,EXECUTIVE,historical_mature,75,80,22,77.91666666666666,4923.076923076923,4756.08873884736,5237.540075779656
2017,BISHAN,3 ROOM,historical_mature,50,55,1,54.916666666666664,3932.8358208955224,3932.8358208955224,3932.8358208955224
2017,BISHAN,3 ROOM,historical_mature,55,60,8,55.125,4154.411764705883,3816.176470588235,4384.615384615385
2017,BISHAN,3 ROOM,historical_mature,65,70,31,68.16666666666667,6250.0,5546.875,6539.0625
2017,BISHAN,3 ROOM,historical_mature,70,75,3,70.58333333333333,5703.125,5585.9375,5859.375
2017,BISHAN,4 ROOM,historical_mature,55,60,1,55.916666666666664,4409.090909090909,4409.090909090909,4409.090909090909
2017,BISHAN,4 ROOM,historical_mature,65,70,94,68.04166666666666,6006.664160401002,5595.238095238095,6369.047619047619
2017,BISHAN,4 ROOM,historical_mature,70,75,95,73.83333333333333,5500.0,5287.087912087912,5829.288025889968
2017,BISHAN,4 ROOM,historical_mature,75,80,2,79.625,6610.0291262135925,6193.364077669903,7026.694174757282
2017,BISHAN,4 ROOM,historical_mature,80,85,4,80.125,6141.176470588235,5718.6953989516605,6486.274509803921
2017,BISHAN,4 ROOM,historical_mature,90,95,16,93.25,8042.105263157895,7797.368421052633,8442.105263157893
2017,BISHAN,5 ROOM,historical_mature,65,70,57,68.75,6090.909090909091,5916.666666666667,6429.752066115702
2017,BISHAN,5 ROOM,historical_mature,70,75,49,73.41666666666667,5833.333333333333,5676.691729323308,6198.347107438017
2017,BISHAN,5 ROOM,historical_mature,75,80,5,79.66666666666667,6652.892561983471,6422.764227642277,6707.317073170731
2017,BISHAN,5 ROOM,historical_mature,80,85,7,80.25,6333.333333333333,6221.124773231204,6430.894308943089
2017,BISHAN,5 ROOM,historical_mature,90,95,33,93.25,8208.333333333334,7791.666666666667,8383.333333333334
2017,BISHAN,EXECUTIVE,historical_mature,65,70,16,68.75,6262.9322732062465,6152.350981118105,6607.422109948274
2017,BISHAN,EXECUTIVE,historical_mature,70,75,23,73.83333333333333,5945.2054794520545,5663.365938091213,6187.2483221476505
2017,BISHAN,MULTI-GENERATION,historical_mature,65,70,1,68.58333333333333,5384.615384615385,5384.615384615385,5384.615384615385
2017,BUKIT BATOK,3 ROOM,historical_non_mature,60,65,2,64.875,4006.849315068493,3989.72602739726,4023.972602739726
2017,BUKIT BATOK,3 ROOM,historical_non_mature,65,70,302,67.08333333333333,3985.5072463768115,3808.219178082192,4178.082191780822
2017,BUKIT BATOK,3 ROOM,historical_non_mature,70,75,9,70.0,4000.0,3970.5882352941176,4093.75
2017,BUKIT BATOK,3 ROOM,historical_non_mature,75,80,1,79.66666666666667,4104.477611940299,4104.477611940299,4104.477611940299
2017,BUKIT BATOK,3 ROOM,historical_non_mature,80,85,1,80.0,4358.20895522388,4358.20895522388,4358.20895522388
2017,BUKIT BATOK,4 ROOM,historical_non_mature,65,70,178,67.20833333333334,3916.630481980026,3750.0,4093.443126022913
2017,BUKIT BATOK,4 ROOM,historical_non_mature,70,75,10,70.79166666666666,3986.2960735458373,3842.7197802197807,4091.666666666667
2017,BUKIT BATOK,4 ROOM,historical_non_mature,75,80,46,79.41666666666667,4197.843137254902,4024.6153846153848,4361.699029126214
2017,BUKIT BATOK,4 ROOM,historical_non_mature,80,85,11,80.08333333333333,4267.3267326732675,3891.666666666667,4423.273657289003
2017,BUKIT BATOK,4 ROOM,historical_non_mature,85,90,43,86.33333333333333,4652.173913043478,4500.0,5000.0
2017,BUKIT BATOK,5 ROOM,historical_non_mature,65,70,26,67.0,3925.2586370410513,3537.2710622710624,4391.833333333334
2017,BUKIT BATOK,5 ROOM,historical_non_mature,75,80,26,79.08333333333333,4438.468992248062,4272.171010807375,4646.175230214867
2017,BUKIT BATOK,5 ROOM,historical_non_mature,80,85,2,80.20833333333333,4403.178122690318,4247.043606799704,4559.312638580931
2017,BUKIT BATOK,5 ROOM,historical_non_mature,85,90,26,86.125,4700.0736919675755,4540.254237288135,5609.090909090909
2017,BUKIT BATOK,EXECUTIVE,historical_non_mature,65,70,33,66.91666666666667,4315.068493150685,4116.129032258064,4438.356164383562
2017,BUKIT BATOK,EXECUTIVE,historical_non_mature,75,80,20,79.125,4745.379220779221,4442.613125561882,5034.172661870503
2017,BUKIT MERAH,1 ROOM,historical_mature,55,60,9,56.666666666666664,6548.387096774193,6129.032258064516,6774.193548387097
2017,BUKIT MERAH,2 ROOM,historical_mature,50,55,13,53.166666666666664,5882.35294117647,5306.122448979592,6162.790697674419
2017,BUKIT MERAH,2 ROOM,historical_mature,55,60,8,58.58333333333333,5504.040404040405,5443.333333333333,5698.863636363636
2017,BUKIT MERAH,2 ROOM,historical_mature,90,95,1,94.25,8723.404255319148,8723.404255319148,8723.404255319148
2017,BUKIT MERAH,3 ROOM,historical_mature,45,50,5,49.083333333333336,5114.8,4916.666666666667,5158.333333333333
2017,BUKIT MERAH,3 ROOM,historical_mature,50,55,55,52.916666666666664,5873.015873015873,5346.153846153846,6488.857501569366
2017,BUKIT MERAH,3 ROOM,historical_mature,55,60,116,57.333333333333336,4934.115138592751,4738.0566801619425,5236.509758897819
2017,BUKIT MERAH,3 ROOM,historical_mature,60,65,49,64.0,5384.615384615385,4970.149253731343,5815.384615384615
2017,BUKIT MERAH,3 ROOM,historical_mature,65,70,19,65.58333333333333,4870.12987012987,4832.252252252252,5033.333333333334
2017,BUKIT MERAH,3 ROOM,historical_mature,80,85,10,84.75,7875.0,7833.333333333333,8175.0
2017,BUKIT MERAH,3 ROOM,historical_mature,90,95,44,94.66666666666667,8550.72463768116,8345.269619643717,8790.322580645161
2017,BUKIT MERAH,3 ROOM,historical_mature,95,100,17,95.16666666666667,8382.35294117647,7866.666666666667,8529.411764705883
2017,BUKIT MERAH,4 ROOM,historical_mature,50,55,11,52.166666666666664,5830.5084745762715,5371.621621621622,6081.25
2017,BUKIT MERAH,4 ROOM,historical_mature,55,60,33,57.75,5604.395604395604,5227.272727272727,5886.363636363636
2017,BUKIT MERAH,4 ROOM,historical_mature,60,65,8,62.33333333333333,5645.1612903225805,5393.291257597008,5999.355709507883
2017,BUKIT MERAH,4 ROOM,historical_mature,65,70,36,66.625,5492.578416728902,5201.115384615385,5970.238095238095
2017,BUKIT MERAH,4 ROOM,historical_mature,75,80,17,79.0,5909.090909090909,5820.0,6141.414141414141
2017,BUKIT MERAH,4 ROOM,historical_mature,80,85,62,83.41666666666667,7394.444444444444,6583.333333333334,7730.555555555556
2017,BUKIT MERAH,4 ROOM,historical_mature,85,90,47,87.5,7388.0,6250.0,7980.0
2017,BUKIT MERAH,4 ROOM,historical_mature,90,95,69,94.5,8289.118279569893,8000.0,8563.829787234043
2017,BUKIT MERAH,4 ROOM,historical_mature,95,100,32,95.25,8234.476641040805,7881.578947368422,8684.21052631579
2017,BUKIT MERAH,5 ROOM,historical_mature,55,60,27,58.416666666666664,5330.578512396694,5162.393162393162,5536.183535762483
2017,BUKIT MERAH,5 ROOM,historical_mature,60,65,21,61.25,5823.529411764706,5614.754098360656,5887.096774193548
2017,BUKIT MERAH,5 ROOM,historical_mature,65,70,18,66.125,5507.35294117647,5295.215100965759,5927.922309337135
2017,BUKIT MERAH,5 ROOM,historical_mature,75,80,15,77.25,6312.5,5996.031746031746,6539.310515873016
2017,BUKIT MERAH,5 ROOM,historical_mature,80,85,49,83.41666666666667,7190.082644628099,6454.545454545455,7545.454545454545
2017,BUKIT MERAH,5 ROOM,historical_mature,85,90,28,87.29166666666666,7313.04347826087,6261.0472686025405,7745.849802371542
2017,BUKIT MERAH,5 ROOM,historical_mature,90,95,6,92.33333333333334,7930.16894609815,7728.720836685438,8096.590909090909
2017,BUKIT MERAH,5 ROOM,historical_mature,95,100,4,95.25,8340.770404271549,8070.366132723112,8432.017543859649
2017,BUKIT PANJANG,3 ROOM,historical_non_mature,65,70,22,69.58333333333333,3972.6027397260273,3698.6301369863013,4068.4931506849316
2017,BUKIT PANJANG,3 ROOM,historical_non_mature,70,75,42,70.5,3835.6164383561645,3690.6301369863017,3972.6027397260273
2017,BUKIT PANJANG,3 ROOM,historical_non_mature,90,95,3,94.33333333333333,4558.823529411765,4485.2941176470595,4669.117647058823
2017,BUKIT PANJANG,3 ROOM,historical_non_mature,95,100,6,95.375,4873.134328358208,4850.746268656716,4917.910447761194
2017,BUKIT PANJANG,4 ROOM,historical_non_mature,65,70,33,69.41666666666667,3495.145631067961,3320.625,3641.5238095238096
2017,BUKIT PANJANG,4 ROOM,historical_non_mature,70,75,67,70.41666666666667,3321.1009174311926,3252.4271844660193,3485.4368932038833
2017,BUKIT PANJANG,4 ROOM,historical_non_mature,75,80,47,79.58333333333333,3725.4901960784314,3408.755581440497,4405.940594059406
2017,BUKIT PANJANG,4 ROOM,historical_non_mature,80,85,85,81.41666666666667,3960.3960396039606,3611.1111111111113,4294.117647058823
2017,BUKIT PANJANG,4 ROOM,historical_non_mature,85,90,29,86.08333333333333,4533.333333333333,4387.096774193548,4777.777777777777
2017,BUKIT PANJANG,4 ROOM,historical_non_mature,90,95,26,94.33333333333333,4478.4946236559135,4368.279569892473,4583.333333333333
2017,BUKIT PANJANG,4 ROOM,historical_non_mature,95,100,35,95.41666666666667,4826.752688172043,4677.419354838709,4930.10752688172
2017,BUKIT PANJANG,5 ROOM,historical_non_mature,65,70,9,69.75,3578.5123966942147,3560.6060606060605,3918.032786885246
2017,BUKIT PANJANG,5 ROOM,historical_non_mature,70,75,28,70.54166666666666,3452.0807061790665,3289.184326269492,3565.5737704918033
2017,BUKIT PANJANG,5 ROOM,historical_non_mature,75,80,28,79.375,4326.436092229775,3701.6562520997113,4732.244843109588
2017,BUKIT PANJANG,5 ROOM,historical_non_mature,80,85,110,83.20833333333334,4104.095004095005,3706.818181818182,4656.25
2017,BUKIT PANJANG,5 ROOM,historical_non_mature,85,90,35,86.16666666666667,4390.909090909091,4254.545454545455,4659.090909090909
2017,BUKIT PANJANG,EXECUTIVE,historical_non_mature,65,70,6,69.66666666666666,4028.0631659056316,3866.4383561643835,4301.702815829529
2017,BUKIT PANJANG,EXECUTIVE,historical_non_mature,70,75,28,70.45833333333334,3863.013698630137,3750.552364118427,4109.58904109589
2017,BUKIT PANJANG,EXECUTIVE,historical_non_mature,75,80,5,78.91666666666667,3928.5714285714284,3647.887323943662,4606.896551724138
2017,BUKIT PANJANG,EXECUTIVE,historical_non_mature,80,85,50,83.33333333333333,4482.142857142857,3694.110576923077,4949.489795918367
2017,BUKIT TIMAH,3 ROOM,historical_mature,55,60,11,57.5,6153.846153846154,5923.076923076923,6400.4158004158
2017,BUKIT TIMAH,3 ROOM,historical_mature,65,70,1,69.75,5781.25,5781.25,5781.25
2017,BUKIT TIMAH,4 ROOM,historical_mature,55,60,3,55.666666666666664,6043.956043956044,5879.120879120879,6428.571428571428
2017,BUKIT TIMAH,4 ROOM,historical_mature,65,70,1,69.75,7067.307692307692,7067.307692307692,7067.307692307692
2017,BUKIT TIMAH,4 ROOM,historical_mature,70,75,17,70.33333333333333,6538.461538461538,6250.0,6788.461538461538
2017,BUKIT TIMAH,5 ROOM,historical_mature,55,60,3,56.0,7416.666666666667,7260.333333333334,7520.833333333334
2017,BUKIT TIMAH,5 ROOM,historical_mature,70,75,8,70.5,6557.377049180328,6384.413422131148,6663.934426229508
2017,BUKIT TIMAH,EXECUTIVE,historical_mature,65,70,2,69.875,6314.684931506849,6188.164383561644,6441.205479452055
2017,BUKIT TIMAH,EXECUTIVE,historical_mature,70,75,11,70.5,6331.0344827586205,6198.630136986301,6561.502579612169
2017,CENTRAL AREA,2 ROOM,historical_mature,50,55,2,52.91666666666667,4528.301886792453,4528.301886792453,4528.301886792453
2017,CENTRAL AREA,2 ROOM,historical_mature,60,65,3,64.0,4545.454545454545,4541.245791245791,5109.265734265734
2017,CENTRAL AREA,3 ROOM,historical_mature,55,60,38,58.25,6325.4879448909305,5910.458839406208,7399.939467312348
2017,CENTRAL AREA,3 ROOM,historical_mature,60,65,18,62.416666666666664,7291.666666666666,6911.764705882353,7580.882352941177
2017,CENTRAL AREA,3 ROOM,historical_mature,65,70,23,66.66666666666667,5513.513513513513,5169.844502036283,6526.006331976481
2017,CENTRAL AREA,4 ROOM,historical_mature,55,60,3,56.083333333333336,6363.636363636364,6298.701298701299,6493.506493506494
2017,CENTRAL AREA,4 ROOM,historical_mature,60,65,16,62.0,7804.878048780488,5592.2745580666815,7942.073170731707
2017,CENTRAL AREA,4 ROOM,historical_mature,65,70,9,66.08333333333333,5841.121495327103,5504.587155963302,6521.739130434783
2017,CENTRAL AREA,4 ROOM,historical_mature,80,85,2,84.54166666666666,6007.843137254902,5845.098039215686,6170.588235294117
2017,CENTRAL AREA,4 ROOM,historical_mature,90,95,41,92.66666666666667,9463.157894736842,8978.494623655914,9684.21052631579
2017,CENTRAL AREA,5 ROOM,historical_mature,60,65,1,60.5,6718.75,6718.75,6718.75
2017,CENTRAL AREA,5 ROOM,historical_mature,65,70,1,67.33333333333333,5144.927536231884,5144.927536231884,5144.927536231884
2017,CENTRAL AREA,5 ROOM,historical_mature,80,85,2,84.25,5809.519047619047,5666.664285714286,5952.3738095238095
2017,CENTRAL AREA,5 ROOM,historical_mature,90,95,23,92.41666666666667,9295.238095238095,8831.775700934579,9831.77570093458
2017,CHOA CHU KANG,2 ROOM,historical_non_mature,90,95,3,93.08333333333333,5434.782608695652,5326.086956521739,5434.782608695652
2017,CHOA CHU KANG,3 ROOM,historical_non_mature,55,60,2,59.58333333333333,3791.0447761194027,3746.2686567164183,3835.820895522388
2017,CHOA CHU KANG,3 ROOM,historical_non_mature,60,65,16,60.5,3731.3432835820895,3631.756756756757,3830.3336259877083
2017,CHOA CHU KANG,3 ROOM,historical_non_mature,65,70,14,65.95833333333334,3581.0810810810813,3523.6486486486483,3621.6216216216217
2017,CHOA CHU KANG,3 ROOM,historical_non_mature,70,75,12,71.25,3814.301369863014,3732.876712328767,3835.6164383561645
2017,CHOA CHU KANG,3 ROOM,historical_non_mature,90,95,8,94.70833333333334,4478.930997187973,4381.948950897686,4634.328358208955
2017,CHOA CHU KANG,3 ROOM,historical_non_mature,95,100,6,95.25,4652.216856892011,4508.944249341528,4757.462686567164
2017,CHOA CHU KANG,4 ROOM,historical_non_mature,55,60,3,59.666666666666664,3060.6060606060605,3020.2020202020203,3149.8682476943345
2017,CHOA CHU KANG,4 ROOM,historical_non_mature,60,65,13,60.666666666666664,3333.3333333333335,3313.131313131313,3571.4285714285716
2017,CHOA CHU KANG,4 ROOM,historical_non_mature,65,70,6,65.95833333333334,3213.0485436893205,3006.58138206739,3329.863704256908
2017,CHOA CHU KANG,4 ROOM,historical_non_mature,70,75,101,72.25,3238.095238095238,3153.846153846154,3427.1844660194174
2017,CHOA CHU KANG,4 ROOM,historical_non_mature,75,80,121,78.08333333333333,3413.4615384615386,3207.5471698113206,3660.714285714286
2017,CHOA CHU KANG,4 ROOM,historical_non_mature,80,85,112,81.41666666666667,3396.2264150943397,3264.574257425743,3602.777777777778
2017,CHOA CHU KANG,4 ROOM,historical_non_mature,85,90,5,85.08333333333333,3648.3516483516482,3611.1111111111113,3733.3333333333335
2017,CHOA CHU KANG,4 ROOM,historical_non_mature,90,95,12,94.75,4190.217391304348,4116.847826086957,4338.760869565218
2017,CHOA CHU KANG,4 ROOM,historical_non_mature,95,100,15,95.08333333333333,4347.826086956522,4119.565217391304,4365.760869565218
2017,CHOA CHU KANG,5 ROOM,historical_non_mature,60,65,4,60.416666666666664,3352.9411764705883,3243.6974789915967,3367.6470588235293
2017,CHOA CHU KANG,5 ROOM,historical_non_mature,65,70,3,65.58333333333333,3362.787878787879,3310.181818181818,3438.969696969697
2017,CHOA CHU KANG,5 ROOM,historical_non_mature,70,75,29,74.25,3401.6393442622953,3140.495867768595,3690.640287769784
2017,CHOA CHU KANG,5 ROOM,historical_non_mature,75,80,88,77.58333333333333,3551.381926568216,3263.795531656104,3814.659552845528
2017,CHOA CHU KANG,5 ROOM,historical_non_mature,80,85,120,82.04166666666666,3381.048387096774,3236.5702479338843,3566.770186335404
2017,CHOA CHU KANG,5 ROOM,historical_non_mature,85,90,10,85.20833333333334,3602.272727272727,3443.5647829647833,3724.745454545455
2017,CHOA CHU KANG,EXECUTIVE,historical_non_mature,70,75,28,71.95833333333333,3725.5932857418484,3547.945205479452,3890.2912156336815
2017,CHOA CHU KANG,EXECUTIVE,historical_non_mature,75,80,45,77.41666666666667,3768.707482993197,3552.6315789473683,3865.248226950355
2017,CHOA CHU KANG,EXECUTIVE,historical_non_mature,80,85,28,81.375,3662.4113475177305,3439.2761493825324,3795.744680851064
2017,CLEMENTI,2 ROOM,historical_mature,90,95,1,94.75,6938.775510204082,6938.775510204082,6938.775510204082
2017,CLEMENTI,3 ROOM,historical_mature,55,60,23,59.666666666666664,5037.037037037037,4539.671785606744,5325.962778699097
2017,CLEMENTI,3 ROOM,historical_mature,60,65,163,61.666666666666664,4850.746268656716,4347.105933745905,5223.880597014925
2017,CLEMENTI,3 ROOM,historical_mature,65,70,16,65.83333333333333,4417.708753529649,4173.289397169994,5037.313432835821
2017,CLEMENTI,3 ROOM,historical_mature,80,85,3,84.5,5655.737704918033,5532.786885245901,5737.704918032787
2017,CLEMENTI,3 ROOM,historical_mature,85,90,1,85.0,5655.737704918033,5655.737704918033,5655.737704918033
2017,CLEMENTI,3 ROOM,historical_mature,90,95,3,94.83333333333333,7685.714285714285,7404.500978473581,8257.142857142857
2017,CLEMENTI,3 ROOM,historical_mature,95,100,9,95.25,7356.164383561644,7297.2972972972975,7567.5675675675675
2017,CLEMENTI,4 ROOM,historical_mature,55,60,25,59.5,4891.304347826087,4527.472527472528,5340.20618556701
2017,CLEMENTI,4 ROOM,historical_mature,60,65,68,61.166666666666664,5264.735544598834,4627.568084089824,5890.318920210225
2017,CLEMENTI,4 ROOM,historical_mature,65,70,13,65.75,4660.194174757282,4369.369369369369,5368.347826086957
2017,CLEMENTI,4 ROOM,historical_mature,80,85,9,84.5,7755.555555555556,7722.222222222223,7777.777777777777
2017,CLEMENTI,4 ROOM,historical_mature,85,90,6,88.33333333333334,7877.777777777777,7195.177777777778,8036.111111111111
2017,CLEMENTI,4 ROOM,historical_mature,90,95,13,94.75,7280.083333333333,6822.916666666667,8134.25
2017,CLEMENTI,4 ROOM,historical_mature,95,100,31,95.25,7300.0,7025.0,7498.111263736264
2017,CLEMENTI,5 ROOM,historical_mature,55,60,4,59.916666666666664,5515.004055150041,5375.839416058394,5637.254901960785
2017,CLEMENTI,5 ROOM,historical_mature,60,65,15,60.583333333333336,5240.875912408759,4988.571428571428,5567.226890756303
2017,CLEMENTI,5 ROOM,historical_mature,65,70,3,66.41666666666667,5595.0413223140495,5435.315936747576,5726.092089728453
2017,CLEMENTI,5 ROOM,historical_mature,80,85,5,84.58333333333333,7118.181818181818,7000.0,7181.818181818182
2017,CLEMENTI,5 ROOM,historical_mature,85,90,2,88.5,6354.545454545454,6268.181818181818,6440.90909090909
2017,CLEMENTI,5 ROOM,historical_mature,90,95,5,94.25,7310.924369747899,7168.141592920354,8571.42857142857
2017,CLEMENTI,5 ROOM,historical_mature,95,100,6,95.375,7599.956540634506,7439.471295665986,7875.993700314984
2017,CLEMENTI,EXECUTIVE,historical_mature,65,70,14,66.375,5573.1292517006805,5257.291666666667,5884.3537414965995
2017,GEYLANG,2 ROOM,historical_mature,45,50,5,48.75,4733.333333333333,4500.0,4844.444444444444
2017,GEYLANG,2 ROOM,historical_mature,50,55,14,52.5,4884.920634920634,4702.777777777777,5119.047619047619
2017,GEYLANG,2 ROOM,historical_mature,55,60,1,55.5,4782.608695652174,4782.608695652174,4782.608695652174
2017,GEYLANG,2 ROOM,historical_mature,65,70,2,67.45833333333334,5388.888888888889,5383.333333333333,5394.444444444444
2017,GEYLANG,3 ROOM,historical_mature,45,50,46,48.54166666666667,4231.615360696518,3951.8656716417913,4464.406779661017
2017,GEYLANG,3 ROOM,historical_mature,50,55,94,51.0,4333.333333333333,4065.57881773399,4516.695804195804
2017,GEYLANG,3 ROOM,historical_mature,55,60,56,58.666666666666664,4576.271186440678,4384.615384615385,4834.419817470665
2017,GEYLANG,3 ROOM,historical_mature,60,65,36,62.833333333333336,5193.695187165775,4834.124830393486,5577.2058823529405
2017,GEYLANG,3 ROOM,historical_mature,65,70,22,67.33333333333333,5270.27027027027,5016.891891891892,5466.666666666667
2017,GEYLANG,3 ROOM,historical_mature,80,85,13,81.83333333333333,4841.269841269841,4682.539682539683,5000.0
2017,GEYLANG,3 ROOM,historical_mature,85,90,8,88.58333333333334,7599.066666666667,7287.5,7698.6
2017,GEYLANG,4 ROOM,historical_mature,50,55,2,51.58333333333333,4142.975330926594,4026.962996389892,4258.987665463297
2017,GEYLANG,4 ROOM,historical_mature,55,60,21,58.416666666666664,5108.695652173913,4835.1648351648355,5494.505494505494
2017,GEYLANG,4 ROOM,historical_mature,60,65,21,62.166666666666664,4945.054945054945,4395.604395604396,5516.483516483517
2017,GEYLANG,4 ROOM,historical_mature,65,70,63,67.0,4500.0,4226.190476190476,5000.0
2017,GEYLANG,4 ROOM,historical_mature,70,75,5,71.66666666666667,4055.5555555555557,3853.211009174312,4086.5384615384614
2017,GEYLANG,4 ROOM,historical_mature,75,80,9,79.58333333333333,5623.762376237623,5460.78431372549,6960.78431372549
2017,GEYLANG,4 ROOM,historical_mature,80,85,11,82.08333333333333,6666.666666666667,5633.711315851642,6846.315789473684
2017,GEYLANG,4 ROOM,historical_mature,85,90,17,87.25,7588.235294117647,7204.301075268817,7827.956989247312
2017,GEYLANG,4 ROOM,historical_mature,90,95,23,93.33333333333333,6842.105263157895,6710.526315789473,7068.421052631578
2017,GEYLANG,5 ROOM,historical_mature,55,60,15,58.583333333333336,5299.145299145299,4905.982905982906,5814.7487362473985
2017,GEYLANG,5 ROOM,historical_mature,60,65,13,62.333333333333336,5084.745762711865,5000.0,5856.060606060606
2017,GEYLANG,5 ROOM,historical_mature,65,70,18,65.91666666666667,5108.471074380165,4228.06868987942,5443.133802816901
2017,GEYLANG,5 ROOM,historical_mature,70,75,9,72.08333333333333,4333.333333333333,3893.44262295082,4458.333333333333
2017,GEYLANG,5 ROOM,historical_mature,75,80,10,78.91666666666666,5280.143569553806,5079.127533238672,5610.709366391184
2017,GEYLANG,5 ROOM,historical_mature,80,85,10,82.0,7704.545454545454,7054.364864864865,7768.181818181819
2017,GEYLANG,5 ROOM,historical_mature,85,90,3,86.66666666666667,7272.727272727273,7250.0,7409.090909090909
2017,GEYLANG,EXECUTIVE,historical_mature,65,70,20,68.125,5382.500482346131,4726.027397260274,5710.815156599553
2017,HOUGANG,2 ROOM,historical_non_mature,90,95,7,93.91666666666667,5425.531914893617,5180.851063829787,5425.531914893617
2017,HOUGANG,3 ROOM,historical_non_mature,55,60,27,57.333333333333336,4109.58904109589,3873.287671232877,4279.661016949152
2017,HOUGANG,3 ROOM,historical_non_mature,60,65,43,63.916666666666664,4179.104477611941,4036.98419666374,4368.385345997287
2017,HOUGANG,3 ROOM,historical_non_mature,65,70,121,67.75,4202.898550724638,4074.626865671642,4486.486486486487
2017,HOUGANG,3 ROOM,historical_non_mature,70,75,4,70.66666666666667,4265.625,4132.8125,4414.0625
2017,HOUGANG,3 ROOM,historical_non_mature,90,95,5,94.25,4850.746268656716,4701.492537313433,4925.373134328358
2017,HOUGANG,4 ROOM,historical_non_mature,55,60,4,58.45833333333333,3958.7751855779425,3819.8730711796916,4215.601802757157
2017,HOUGANG,4 ROOM,historical_non_mature,60,65,16,64.25,3766.3854003139713,3661.7225859247137,3950.543120473996
2017,HOUGANG,4 ROOM,historical_non_mature,65,70,166,67.33333333333333,3979.043230195304,3785.887656033287,4211.309523809525
2017,HOUGANG,4 ROOM,historical_non_mature,70,75,93,73.91666666666667,4038.4615384615386,3730.769230769231,4295.238095238095
2017,HOUGANG,4 ROOM,historical_non_mature,75,80,59,79.33333333333333,4000.0,3845.792079207921,4200.532386867791
2017,HOUGANG,4 ROOM,historical_non_mature,80,85,54,81.25,3905.0,3700.0,4051.567656765677
2017,HOUGANG,4 ROOM,historical_non_mature,85,90,18,85.29166666666666,4250.0,4127.450980392157,4397.058823529412
2017,HOUGANG,5 ROOM,historical_non_mature,55,60,3,57.083333333333336,3900.0,3900.0,3910.0
2017,HOUGANG,5 ROOM,historical_non_mature,60,65,9,64.75,3917.910447761194,3625.9541984732823,4759.124087591241
2017,HOUGANG,5 ROOM,historical_non_mature,65,70,53,67.0,3983.3333333333335,3760.3305785123966,4458.333333333333
2017,HOUGANG,5 ROOM,historical_non_mature,70,75,33,74.16666666666667,4453.125,4132.231404958678,4756.09756097561
2017,HOUGANG,5 ROOM,historical_non_mature,75,80,58,79.375,3983.1920903954806,3862.5,4219.76652892562
2017,HOUGANG,5 ROOM,historical_non_mature,80,85,63,80.66666666666667,3965.217391304348,3706.896551724138,4137.147335423198
2017,HOUGANG,5 ROOM,historical_non_mature,85,90,27,85.5,3818.181818181818,3750.0,3969.545454545455
2017,HOUGANG,EXECUTIVE,historical_non_mature,65,70,49,68.0,4391.891891891892,4206.896551724138,4665.517241379311
2017,HOUGANG,EXECUTIVE,historical_non_mature,70,75,34,74.25,4736.529680365296,4431.19139547711,4928.221973720995
2017,HOUGANG,EXECUTIVE,historical_non_mature,75,80,8,78.875,5446.345975948196,4301.785714285715,5686.391304347826
2017,HOUGANG,EXECUTIVE,historical_non_mature,80,85,26,81.08333333333333,4244.116788321167,4105.839416058394,4317.518248175183
2017,JURONG EAST,2 ROOM,historical_non_mature,90,95,1,94.91666666666667,5106.382978723404,5106.382978723404,5106.382978723404
2017,JURONG EAST,2 ROOM,historical_non_mature,95,100,3,95.16666666666667,4893.617021276596,4787.234042553191,5470.064324591786
2017,JURONG EAST,3 ROOM,historical_non_mature,45,50,3,48.0,3462.686567164179,3223.880597014925,3597.0149253731342
2017,JURONG EAST,3 ROOM,historical_non_mature,55,60,11,58.833333333333336,3581.0810810810813,3432.4324324324325,3728.2379782379785
2017,JURONG EAST,3 ROOM,historical_non_mature,60,65,92,64.41666666666667,4073.96839332748,3805.9701492537315,4269.424934152766
2017,JURONG EAST,3 ROOM,historical_non_mature,65,70,59,65.41666666666667,4094.5945945945946,3950.58491327148,4284.388866478419
2017,JURONG EAST,3 ROOM,historical_non_mature,70,75,4,70.875,4561.924167257264,4448.529411764705,4640.680368532956
2017,JURONG EAST,3 ROOM,historical_non_mature,90,95,3,94.91666666666667,4652.777777777777,4597.222222222223,5104.166666666666
2017,JURONG EAST,3 ROOM,historical_non_mature,95,100,6,95.04166666666666,5298.611111111111,5156.25,5440.972222222223
2017,JURONG EAST,4 ROOM,historical_non_mature,55,60,4,59.875,3604.1237113402062,3524.7422680412374,3621.134020618557
2017,JURONG EAST,4 ROOM,historical_non_mature,60,65,39,63.416666666666664,4030.612244897959,3600.9987113402062,4281.746031746032
2017,JURONG EAST,4 ROOM,historical_non_mature,65,70,27,66.25,4121.212121212121,3816.7822806377026,4453.834209268992
2017,JURONG EAST,4 ROOM,historical_non_mature,75,80,3,75.33333333333333,4836.95652173913,4194.1791954490045,4933.32974601808
2017,JURONG EAST,4 ROOM,historical_non_mature,80,85,36,80.66666666666666,4900.0,4648.514851485149,5032.5
2017,JURONG EAST,4 ROOM,historical_non_mature,85,90,3,85.16666666666667,4033.3333333333335,4005.677655677656,4072.2222222222226
2017,JURONG EAST,4 ROOM,historical_non_mature,90,95,9,94.83333333333333,4850.574712643678,4673.913043478261,5108.695652173913
2017,JURONG EAST,4 ROOM,historical_non_mature,95,100,17,95.16666666666667,5108.695652173913,5054.347826086957,5217.391304347826
2017,JURONG EAST,5 ROOM,historical_non_mature,60,65,42,63.83333333333333,4099.449035812672,3548.615525888253,4328.512396694215
2017,JURONG EAST,5 ROOM,historical_non_mature,65,70,22,66.375,3927.2486772486773,3810.321350762527,4411.7584745762715
2017,JURONG EAST,5 ROOM,historical_non_mature,70,75,1,70.33333333333333,6291.666666666667,6291.666666666667,6291.666666666667
2017,JURONG EAST,5 ROOM,historical_non_mature,75,80,3,79.91666666666667,4958.677685950413,4812.62217630854,4991.735537190083
2017,JURONG EAST,5 ROOM,historical_non_mature,80,85,26,80.5,5267.276422764227,5082.644628099173,5384.297520661157
2017,JURONG EAST,5 ROOM,historical_non_mature,85,90,3,85.25,3896.551724137931,3810.344827586207,3993.730407523511
2017,JURONG EAST,5 ROOM,historical_non_mature,95,100,6,95.29166666666666,5062.71186440678,4474.152542372882,5239.406779661017
2017,JURONG EAST,EXECUTIVE,historical_non_mature,65,70,16,67.0,4101.7743863197575,3864.8815230790306,4293.087535218109
2017,JURONG EAST,EXECUTIVE,historical_non_mature,75,80,1,75.0,4161.8497109826585,4161.8497109826585,4161.8497109826585
2017,JURONG EAST,EXECUTIVE,historical_non_mature,80,85,17,80.25,5500.0,5209.79020979021,5671.428571428572
2017,JURONG WEST,2 ROOM,historical_non_mature,55,60,2,59.666666666666664,4522.727272727272,4511.363636363636,4534.090909090909
2017,JURONG WEST,2 ROOM,historical_non_mature,60,65,3,60.25,4375.0,4270.833333333334,5025.337837837838
2017,JURONG WEST,2 ROOM,historical_non_mature,90,95,4,90.33333333333333,4788.461538461539,4532.9670329670325,5075.320512820514
2017,JURONG WEST,3 ROOM,historical_non_mature,50,55,27,53.166666666666664,3529.235294117647,3404.4117647058824,3592.5153643546973
2017,JURONG WEST,3 ROOM,historical_non_mature,55,60,106,57.91666666666667,3757.1662571662573,3615.3846153846152,3933.8705195887746
2017,JURONG WEST,3 ROOM,historical_non_mature,60,65,27,63.916666666666664,4179.104477611941,4030.85183836913,4328.813250819076
2017,JURONG WEST,3 ROOM,historical_non_mature,65,70,107,66.5,4013.698630136986,3810.359589041096,4270.169423154497
2017,JURONG WEST,3 ROOM,historical_non_mature,70,75,26,70.5,3767.123287671233,3702.054794520548,3886.986301369863
2017,JURONG WEST,3 ROOM,historical_non_mature,90,95,13,93.91666666666667,4955.223880597015,4666.666666666667,5179.104477611941
2017,JURONG WEST,3 ROOM,historical_non_mature,95,100,3,95.41666666666667,5000.0,4852.941176470588,5073.529411764706
2017,JURONG WEST,4 ROOM,historical_non_mature,60,65,4,64.79166666666666,3698.9247311827958,3603.4660260809887,3784.1191066997517
2017,JURONG WEST,4 ROOM,historical_non_mature,65,70,129,66.5,3557.8947368421054,3365.3846153846152,3913.0434782608695
2017,JURONG WEST,4 ROOM,historical_non_mature,70,75,121,71.41666666666667,3158.878504672897,3076.923076923077,3333.3333333333335
2017,JURONG WEST,4 ROOM,historical_non_mature,75,80,144,78.0,3378.344481605351,3210.3402140672783,3900.4901960784314
2017,JURONG WEST,4 ROOM,historical_non_mature,80,85,205,82.66666666666667,4362.6373626373625,4000.0,4623.655913978495
2017,JURONG WEST,4 ROOM,historical_non_mature,85,90,25,88.08333333333333,4285.714285714285,3617.021276595745,4591.397849462365
2017,JURONG WEST,4 ROOM,historical_non_mature,90,95,27,91.66666666666667,4531.914893617021,4317.068800764453,4913.100645469758
2017,JURONG WEST,4 ROOM,historical_non_mature,95,100,1,95.5,4623.655913978495,4623.655913978495,4623.655913978495
2017,JURONG WEST,5 ROOM,historical_non_mature,55,60,7,58.166666666666664,3750.0,3500.0,3800.8953168044077
2017,JURONG WEST,5 ROOM,historical_non_mature,60,65,9,64.08333333333333,4406.779661016949,4254.237288135593,4474.576271186441
2017,JURONG WEST,5 ROOM,historical_non_mature,65,70,36,66.79166666666666,3464.3979351363487,3250.0,3591.949748471899
2017,JURONG WEST,5 ROOM,historical_non_mature,70,75,30,71.16666666666667,3189.269746646796,3012.5371111397963,3340.1020186966534
2017,JURONG WEST,5 ROOM,historical_non_mature,75,80,71,77.5,3452.3809523809523,3212.860310421286,3822.439024390244
2017,JURONG WEST,5 ROOM,historical_non_mature,80,85,240,83.08333333333333,4222.332015810276,3906.5636363636368,4500.0
2017,JURONG WEST,5 ROOM,historical_non_mature,85,90,65,89.58333333333333,4026.2545454545457,3839.285714285714,4163.636363636364
2017,JURONG WEST,5 ROOM,historical_non_mature,90,95,33,90.16666666666667,4227.272727272727,4090.909090909091,4345.454545454545
2017,JURONG WEST,EXECUTIVE,historical_non_mature,65,70,24,67.25,3608.583864118896,3397.496420261321,3813.3333333333335
2017,JURONG WEST,EXECUTIVE,historical_non_mature,70,75,20,72.625,3470.04347004347,3336.63145365273,3774.182275649986
2017,JURONG WEST,EXECUTIVE,historical_non_mature,75,80,23,78.33333333333333,3902.097902097902,3646.4719753310355,3989.795918367347
2017,JURONG WEST,EXECUTIVE,historical_non_mature,80,85,88,82.54166666666666,4360.001175226231,3969.1080196399344,4580.6514913657775
2017,KALLANG/WHAMPOA,2 ROOM,historical_mature,50,55,7,52.0,5333.333333333333,5187.5,5591.666666666666
2017,KALLANG/WHAMPOA,2 ROOM,historical_mature,60,65,3,61.25,5738.0952380952385,5273.809523809524,5964.285714285715
2017,KALLANG/WHAMPOA,2 ROOM,historical_mature,65,70,1,67.83333333333333,4888.888888888889,4888.888888888889,4888.888888888889
2017,KALLANG/WHAMPOA,3 ROOM,historical_mature,50,55,61,53.166666666666664,4529.411764705882,4017.8571428571427,5233.333333333333
2017,KALLANG/WHAMPOA,3 ROOM,historical_mature,55,60,101,55.833333333333336,4491.525423728814,4123.076923076923,4876.923076923077
2017,KALLANG/WHAMPOA,3 ROOM,historical_mature,60,65,93,61.916666666666664,5294.117647058823,4735.294117647059,5558.823529411765
2017,KALLANG/WHAMPOA,3 ROOM,historical_mature,65,70,31,67.16666666666667,5472.972972972973,5091.377091377091,5555.555555555556
2017,KALLANG/WHAMPOA,3 ROOM,historical_mature,85,90,2,86.04166666666667,7258.064516129032,7056.451612903225,7459.677419354839
2017,KALLANG/WHAMPOA,3 ROOM,historical_mature,90,95,10,93.875,7447.6530391520655,7275.36231884058,8203.144989339018
2017,KALLANG/WHAMPOA,4 ROOM,historical_mature,50,55,4,53.5,5883.462421113023,5370.144578313253,6395.833333333334
2017,KALLANG/WHAMPOA,4 ROOM,historical_mature,55,60,38,55.833333333333336,4494.126563092081,4120.879120879121,5148.838932806324
2017,KALLANG/WHAMPOA,4 ROOM,historical_mature,60,65,20,63.25,5437.171524128045,4915.106382978724,5902.293577981652
2017,KALLANG/WHAMPOA,4 ROOM,historical_mature,65,70,37,68.66666666666667,5119.047619047619,4884.615384615385,5480.7692307692305
2017,KALLANG/WHAMPOA,4 ROOM,historical_mature,70,75,2,70.91666666666666,5118.889288281811,4937.949317038102,5299.829259525521
2017,KALLANG/WHAMPOA,4 ROOM,historical_mature,75,80,16,78.66666666666667,5259.684706334711,5070.505772402419,5701.626860505366
2017,KALLANG/WHAMPOA,4 ROOM,historical_mature,80,85,20,81.04166666666666,5698.333333333334,5524.476744186047,5945.0
2017,KALLANG/WHAMPOA,4 ROOM,historical_mature,85,90,42,86.25,7011.111111111111,6736.111111111111,7546.288888888889
2017,KALLANG/WHAMPOA,4 ROOM,historical_mature,90,95,40,93.75,7739.8021494870545,7290.02808988764,8219.064949608062
2017,KALLANG/WHAMPOA,5 ROOM,historical_mature,55,60,16,56.41666666666667,5367.521367521367,4971.153846153847,5526.315789473684
2017,KALLANG/WHAMPOA,5 ROOM,historical_mature,60,65,14,63.083333333333336,5614.406779661017,5476.6949152542375,5805.0847457627115
2017,KALLANG/WHAMPOA,5 ROOM,historical_mature,65,70,25,67.0,5650.0,5416.666666666667,5864.406779661017
2017,KALLANG/WHAMPOA,5 ROOM,historical_mature,70,75,1,70.75,5371.900826446281,5371.900826446281,5371.900826446281
2017,KALLANG/WHAMPOA,5 ROOM,historical_mature,75,80,18,78.75,5331.048387096775,5000.0,5698.373983739837
2017,KALLANG/WHAMPOA,5 ROOM,historical_mature,80,85,16,80.91666666666667,5783.333333333333,5467.50975107024,6235.772357723577
2017,KALLANG/WHAMPOA,5 ROOM,historical_mature,85,90,29,86.33333333333333,7000.0,6454.545454545455,7272.727272727273
2017,KALLANG/WHAMPOA,5 ROOM,historical_mature,90,95,28,92.66666666666667,8023.707450913144,7611.011262880422,8418.502958072537
2017,KALLANG/WHAMPOA,EXECUTIVE,historical_mature,65,70,12,67.08333333333333,5569.444444444445,5331.081081081081,5784.131205673759
2017,KALLANG/WHAMPOA,EXECUTIVE,historical_mature,75,80,4,76.125,5413.812785388128,5299.657534246575,5427.364864864865
2017,MARINE PARADE,2 ROOM,historical_mature,55,60,1,57.0,5534.883720930233,5534.883720930233,5534.883720930233
2017,MARINE PARADE,3 ROOM,historical_mature,55,60,58,56.833333333333336,5923.076923076923,5657.894736842105,6157.894736842105
2017,MARINE PARADE,4 ROOM,historical_mature,55,60,41,57.0,5977.0114942528735,5340.909090909091,6609.19540229885
2017,MARINE PARADE,5 ROOM,historical_mature,55,60,24,56.916666666666664,6712.007504690431,6420.538133952768,7218.75
2017,PASIR RIS,3 ROOM,historical_mature,60,65,6,62.91666666666667,4401.515151515152,4200.21645021645,4583.333333333334
2017,PASIR RIS,4 ROOM,historical_mature,70,75,99,71.25,3899.0825688073396,3759.4570538495773,4135.2688573562355
2017,PASIR RIS,4 ROOM,historical_mature,75,80,143,77.33333333333333,3750.0,3625.0,3894.230769230769
2017,PASIR RIS,5 ROOM,historical_mature,70,75,71,74.33333333333333,3842.9752066115702,3709.005376344086,4024.7933884297518
2017,PASIR RIS,5 ROOM,historical_mature,75,80,142,77.125,3762.8733908261465,3627.6687738549617,3893.44262295082
2017,PASIR RIS,EXECUTIVE,historical_mature,65,70,1,69.91666666666667,3938.3561643835615,3938.3561643835615,3938.3561643835615
2017,PASIR RIS,EXECUTIVE,historical_mature,70,75,70,74.33333333333333,4369.86301369863,3963.9250355808576,4689.030473426447
2017,PASIR RIS,EXECUTIVE,historical_mature,75,80,94,76.45833333333334,3922.546707781607,3673.469387755102,4302.992170022371
2017,PUNGGOL,2 ROOM,historical_non_mature,90,95,6,94.0,5250.0,5200.0,5495.0
2017,PUNGGOL,2 ROOM,historical_non_mature,95,100,5,95.41666666666667,5543.478260869565,5434.782608695652,5586.95652173913
2017,PUNGGOL,3 ROOM,historical_non_mature,90,95,32,94.33333333333333,5260.9243697479,5051.369863013699,5409.523809523809
2017,PUNGGOL,3 ROOM,historical_non_mature,95,100,26,95.58333333333333,5072.463768115942,5000.0,5188.405797101449
2017,PUNGGOL,4 ROOM,historical_non_mature,80,85,28,84.66666666666667,4038.4160756501183,3932.6832151300237,4177.631578947368
2017,PUNGGOL,4 ROOM,historical_non_mature,85,90,122,85.91666666666667,4178.362573099415,4022.039072039072,4315.86568986569
2017,PUNGGOL,4 ROOM,historical_non_mature,90,95,440,94.33333333333333,4892.4731182795695,4584.677419354839,5210.526315789473
2017,PUNGGOL,4 ROOM,historical_non_mature,95,100,186,95.33333333333333,4793.6827956989255,4648.764584763212,5177.419354838709
2017,PUNGGOL,5 ROOM,historical_non_mature,80,85,98,84.66666666666667,3800.0,3610.227272727273,3922.727272727273
2017,PUNGGOL,5 ROOM,historical_non_mature,85,90,225,85.58333333333333,3909.090909090909,3727.2727272727275,4090.909090909091
2017,PUNGGOL,5 ROOM,historical_non_mature,90,95,68,94.66666666666667,5235.619469026549,5000.0,5443.465549936789
2017,PUNGGOL,5 ROOM,historical_non_mature,95,100,47,95.33333333333333,5089.285714285715,4674.561403508772,5330.305853128397
2017,PUNGGOL,EXECUTIVE,historical_non_mature,80,85,8,84.79166666666666,4096.153846153847,3986.5384615384614,4235.892307692307
2017,PUNGGOL,EXECUTIVE,historical_non_mature,85,90,25,85.66666666666667,4335.9375,4257.8125,4376.0615384615385
2017,QUEENSTOWN,2 ROOM,historical_mature,45,50,13,48.5,4891.304347826087,4521.739130434783,5000.0
2017,QUEENSTOWN,2 ROOM,historical_mature,50,55,1,51.833333333333336,5116.279069767442,5116.279069767442,5116.279069767442
2017,QUEENSTOWN,2 ROOM,historical_mature,55,60,1,58.583333333333336,5444.444444444444,5444.444444444444,5444.444444444444
2017,QUEENSTOWN,2 ROOM,historical_mature,95,100,1,96.58333333333333,7659.574468085107,7659.574468085107,7659.574468085107
2017,QUEENSTOWN,3 ROOM,historical_mature,45,50,30,48.666666666666664,5254.310344827586,5120.833333333333,5565.4103448275855
2017,QUEENSTOWN,3 ROOM,historical_mature,50,55,76,51.75,4939.425770308123,4644.886363636363,5250.0
2017,QUEENSTOWN,3 ROOM,historical_mature,55,60,97,56.833333333333336,5716.273972602739,5384.615384615385,6307.692307692308
2017,QUEENSTOWN,3 ROOM,historical_mature,60,65,4,61.375,5298.507462686567,5097.014925373134,5380.5970149253735
2017,QUEENSTOWN,3 ROOM,historical_mature,85,90,1,89.66666666666667,8550.0,8550.0,8550.0
2017,QUEENSTOWN,3 ROOM,historical_mature,90,95,25,93.83333333333333,8134.328358208955,7681.159420289855,8507.462686567163
2017,QUEENSTOWN,3 ROOM,historical_mature,95,100,8,96.29166666666667,8928.571428571428,8588.66382373845,9071.428571428572
2017,QUEENSTOWN,4 ROOM,historical_mature,50,55,1,52.333333333333336,6541.176470588235,6541.176470588235,6541.176470588235
2017,QUEENSTOWN,4 ROOM,historical_mature,55,60,23,56.5,6420.454545454545,6158.8137472283815,6821.220930232558
2017,QUEENSTOWN,4 ROOM,historical_mature,60,65,1,61.666666666666664,5744.68085106383,5744.68085106383,5744.68085106383
2017,QUEENSTOWN,4 ROOM,historical_mature,70,75,2,74.91666666666667,6371.428571428572,6280.952380952382,6461.9047619047615
2017,QUEENSTOWN,4 ROOM,historical_mature,75,80,17,78.33333333333333,6867.924528301887,6203.7037037037035,7619.047619047619
2017,QUEENSTOWN,4 ROOM,historical_mature,80,85,26,83.08333333333334,6868.421052631579,6261.027568922306,7077.205882352941
2017,QUEENSTOWN,4 ROOM,historical_mature,85,90,26,88.25,7944.112418300653,7349.939613526571,8232.02614379085
2017,QUEENSTOWN,4 ROOM,historical_mature,90,95,75,93.5,7977.777777777777,7462.987588652482,8380.184907546227
2017,QUEENSTOWN,4 ROOM,historical_mature,95,100,13,95.16666666666667,8125.0,7864.583333333333,8386.363636363636
2017,QUEENSTOWN,5 ROOM,historical_mature,55,60,27,58.166666666666664,6367.521367521367,6065.0,6794.871794871795
2017,QUEENSTOWN,5 ROOM,historical_mature,70,75,2,74.75,5535.6862305016275,5521.574458534396,5549.798002468859
2017,QUEENSTOWN,5 ROOM,historical_mature,75,80,16,78.16666666666667,6707.629768605379,6025.735294117647,7056.885245901639
2017,QUEENSTOWN,5 ROOM,historical_mature,80,85,8,82.41666666666666,7239.866760168303,6838.636363636364,7829.545454545455
2017,QUEENSTOWN,5 ROOM,historical_mature,85,90,6,87.04166666666667,7358.149058149058,6970.72072072072,7740.909090909091
2017,QUEENSTOWN,5 ROOM,historical_mature,90,95,13,94.08333333333333,8118.64406779661,7580.645161290323,8333.333333333334
2017,QUEENSTOWN,5 ROOM,historical_mature,95,100,7,95.08333333333333,8495.575221238938,8451.32743362832,8858.97435897436
2017,QUEENSTOWN,EXECUTIVE,historical_mature,75,80,7,77.25,6245.1612903225805,6064.74358974359,6538.991852448742
2017,SEMBAWANG,2 ROOM,historical_non_mature,90,95,2,92.58333333333334,5625.0,5500.0,5750.0
2017,SEMBAWANG,4 ROOM,historical_non_mature,75,80,1,79.91666666666667,3500.0,3500.0,3500.0
2017,SEMBAWANG,4 ROOM,historical_non_mature,80,85,168,82.75,3727.777777777778,3538.596592217361,3949.1626794258373
2017,SEMBAWANG,4 ROOM,historical_non_mature,85,90,57,85.83333333333333,3681.3186813186812,3555.5555555555557,3870.967741935484
2017,SEMBAWANG,4 ROOM,historical_non_mature,90,95,22,92.25,3776.041666666667,3659.574468085106,3890.95744680851
2017,SEMBAWANG,5 ROOM,historical_non_mature,75,80,1,79.83333333333333,3760.3305785123966,3760.3305785123966,3760.3305785123966
2017,SEMBAWANG,5 ROOM,historical_non_mature,80,85,158,82.91666666666667,3660.6060606060605,3432.3667711598746,3836.3636363636365
2017,SEMBAWANG,5 ROOM,historical_non_mature,85,90,28,86.08333333333333,3533.906633906634,3446.764946764947,3681.818181818182
2017,SEMBAWANG,EXECUTIVE,historical_non_mature,80,85,88,83.0,3605.343511450382,3394.1605839416056,3762.3076923076924
2017,SENGKANG,2 ROOM,historical_non_mature,85,90,7,89.08333333333333,5500.0,5397.727272727273,5765.656565656565
2017,SENGKANG,2 ROOM,historical_non_mature,90,95,17,94.16666666666667,5560.0,5400.0,5638.297872340426
2017,SENGKANG,2 ROOM,historical_non_mature,95,100,6,95.45833333333334,5637.106382978724,5537.234042553192,5778.659574468084
2017,SENGKANG,3 ROOM,historical_non_mature,85,90,1,88.66666666666667,3806.818181818182,3806.818181818182,3806.818181818182
2017,SENGKANG,3 ROOM,historical_non_mature,90,95,46,94.16666666666667,5191.217823923858,4933.658911325724,5293.052003410059
2017,SENGKANG,3 ROOM,historical_non_mature,95,100,15,95.16666666666667,5147.058823529412,5074.626865671642,5286.764705882353
2017,SENGKANG,4 ROOM,historical_non_mature,75,80,1,79.91666666666667,4050.0,4050.0,4050.0
2017,SENGKANG,4 ROOM,historical_non_mature,80,85,233,82.58333333333333,3922.222222222222,3712.871287128713,4135.294117647059
2017,SENGKANG,4 ROOM,historical_non_mature,85,90,138,87.16666666666667,4237.212276214834,3977.956989247312,5055.253623188406
2017,SENGKANG,4 ROOM,historical_non_mature,90,95,361,93.41666666666667,4591.836734693878,4427.083333333333,5333.333333333333
2017,SENGKANG,4 ROOM,historical_non_mature,95,100,46,95.16666666666667,4553.155913978495,4456.753006475486,4643.617021276596
2017,SENGKANG,5 ROOM,historical_non_mature,75,80,1,79.91666666666667,3553.719008264463,3553.719008264463,3553.719008264463
2017,SENGKANG,5 ROOM,historical_non_mature,80,85,379,82.91666666666667,3852.4590163934427,3613.4387351778655,4118.181818181818
2017,SENGKANG,5 ROOM,historical_non_mature,85,90,108,85.83333333333333,4000.0,3772.7272727272725,4185.983981693364
2017,SENGKANG,5 ROOM,historical_non_mature,90,95,22,94.5,4676.811594202898,4572.143131973837,4782.369196757554
2017,SENGKANG,5 ROOM,historical_non_mature,95,100,4,95.29166666666666,4701.327433628318,4640.486725663717,4834.070796460177
2017,SENGKANG,EXECUTIVE,historical_non_mature,80,85,141,82.5,4152.984615384616,3900.709219858156,4384.615384615385
2017,SENGKANG,EXECUTIVE,historical_non_mature,85,90,8,85.20833333333334,4419.552,4327.776,4544.0
2017,SERANGOON,3 ROOM,historical_mature,55,60,6,59.625,4719.178082191781,4496.575342465754,4828.767123287671
2017,SERANGOON,3 ROOM,historical_mature,60,65,9,60.166666666666664,5000.0,4779.287671232877,5125.0
2017,SERANGOON,3 ROOM,historical_mature,65,70,76,66.91666666666667,4753.571428571428,4417.599502487562,5365.513392857143
2017,SERANGOON,3 ROOM,historical_mature,70,75,9,70.33333333333333,5156.25,4375.0,5281.25
2017,SERANGOON,4 ROOM,historical_mature,55,60,3,59.833333333333336,4775.510204081633,4775.510204081633,4989.7959183673465
2017,SERANGOON,4 ROOM,historical_mature,65,70,116,67.25,4934.656741108354,4283.562822719448,5632.440476190476
2017,SERANGOON,4 ROOM,historical_mature,70,75,49,70.83333333333333,5238.0952380952385,3798.076923076923,5757.281553398058
2017,SERANGOON,4 ROOM,historical_mature,75,80,24,79.125,3900.0,3709.6534653465346,4110.433168316832
2017,SERANGOON,4 ROOM,historical_mature,80,85,1,80.91666666666667,6868.686868686868,6868.686868686868,6868.686868686868
2017,SERANGOON,5 ROOM,historical_mature,65,70,19,67.16666666666667,5272.727272727273,4000.0,5473.17436661699
2017,SERANGOON,5 ROOM,historical_mature,70,75,26,74.25,4129.180327868853,4013.567689053411,4349.424352396446
2017,SERANGOON,5 ROOM,historical_mature,75,80,18,79.04166666666667,4315.426997245178,4258.815426997246,4451.133759288839
2017,SERANGOON,5 ROOM,historical_mature,80,85,4,80.95833333333333,6521.739130434783,6489.130434782609,6543.478260869565
2017,SERANGOON,EXECUTIVE,historical_mature,65,70,22,67.45833333333334,4721.468468468469,4466.666666666667,5990.454677936462
2017,SERANGOON,EXECUTIVE,historical_mature,70,75,33,74.25,4489.7959183673465,4400.0,4798.657718120805
2017,SERANGOON,EXECUTIVE,historical_mature,75,80,9,79.16666666666667,4985.714285714285,4771.428571428572,5248.22695035461
2017,SERANGOON,EXECUTIVE,historical_mature,80,85,6,80.16666666666667,5782.674772036475,5628.571428571428,6452.1276595744675
2017,TAMPINES,2 ROOM,historical_mature,90,95,1,94.16666666666667,5555.555555555556,5555.555555555556,5555.555555555556
2017,TAMPINES,2 ROOM,historical_mature,95,100,1,95.25,5434.782608695652,5434.782608695652,5434.782608695652
2017,TAMPINES,3 ROOM,historical_mature,60,65,12,64.33333333333334,4246.9198312236285,4158.333333333333,4327.848101265823
2017,TAMPINES,3 ROOM,historical_mature,65,70,244,66.58333333333333,4550.0920057248,4354.961125509071,4776.119402985075
2017,TAMPINES,3 ROOM,historical_mature,70,75,9,70.16666666666667,4391.891891891892,4297.2972972972975,4594.594594594595
2017,TAMPINES,3 ROOM,historical_mature,75,80,1,75.25,4864.864864864865,4864.864864864865,4864.864864864865
2017,TAMPINES,3 ROOM,historical_mature,90,95,3,93.58333333333333,5230.7692307692305,5192.307692307692,5346.153846153846
2017,TAMPINES,3 ROOM,historical_mature,95,100,1,95.25,5746.268656716418,5746.268656716418,5746.268656716418
2017,TAMPINES,4 ROOM,historical_mature,60,65,6,64.70833333333334,4094.9832775919735,4064.8829431438126,4129.222408026756
2017,TAMPINES,4 ROOM,historical_mature,65,70,247,66.75,4375.0,4097.168597168597,4624.95927012056
2017,TAMPINES,4 ROOM,historical_mature,70,75,91,70.41666666666667,4336.538461538462,4038.4615384615386,4579.326923076924
2017,TAMPINES,4 ROOM,historical_mature,75,80,152,78.58333333333333,4096.638655462185,3898.5576923076924,4305.097087378641
2017,TAMPINES,4 ROOM,historical_mature,85,90,1,89.91666666666667,6304.347826086957,6304.347826086957,6304.347826086957
2017,TAMPINES,4 ROOM,historical_mature,90,95,13,92.58333333333333,6329.787234042553,6195.652173913043,6436.170212765957
2017,TAMPINES,5 ROOM,historical_mature,60,65,1,64.25,4270.6766917293235,4270.6766917293235,4270.6766917293235
2017,TAMPINES,5 ROOM,historical_mature,65,70,100,67.41666666666666,4291.6174734356555,3946.72131147541,4535.953800298063
2017,TAMPINES,5 ROOM,historical_mature,70,75,72,70.66666666666667,4337.229330708662,4094.2622950819673,4546.284378810459
2017,TAMPINES,5 ROOM,historical_mature,75,80,133,77.91666666666667,4100.0,3840.0,4436.9747899159665
2017,TAMPINES,5 ROOM,historical_mature,80,85,1,80.0,4426.229508196721,4426.229508196721,4426.229508196721
2017,TAMPINES,5 ROOM,historical_mature,85,90,1,89.91666666666667,7017.543859649123,7017.543859649123,7017.543859649123
2017,TAMPINES,5 ROOM,historical_mature,90,95,55,90.83333333333333,6531.531531531532,6305.801801801802,6727.272727272727
2017,TAMPINES,EXECUTIVE,historical_mature,65,70,52,67.45833333333334,4700.0,4240.651610514624,5068.493150684932
2017,TAMPINES,EXECUTIVE,historical_mature,70,75,37,70.5,4452.054794520548,4280.821917808219,4780.821917808219
2017,TAMPINES,EXECUTIVE,historical_mature,75,80,64,77.66666666666666,4389.763974441482,4230.654761904762,4618.001046572475
2017,TAMPINES,MULTI-GENERATION,historical_mature,65,70,1,68.75,5533.333333333333,5533.333333333333,5533.333333333333
2017,TOA PAYOH,2 ROOM,historical_mature,45,50,12,49.0,5034.883720930233,4858.630952380952,5252.906976744186
2017,TOA PAYOH,2 ROOM,historical_mature,50,55,4,53.41666666666667,5062.5,4884.1463414634145,5187.5
2017,TOA PAYOH,2 ROOM,historical_mature,60,65,6,64.70833333333334,4658.88,4394.4400000000005,4994.767441860465
2017,TOA PAYOH,2 ROOM,historical_mature,65,70,6,65.25,5350.290697674418,5306.395348837209,5529.7965116279065
2017,TOA PAYOH,3 ROOM,historical_mature,45,50,30,49.04166666666667,4446.153846153846,4278.764204545455,4661.538461538461
2017,TOA PAYOH,3 ROOM,historical_mature,50,55,178,52.0,4461.538461538462,4107.769973661107,4776.119402985075
2017,TOA PAYOH,3 ROOM,historical_mature,55,60,29,57.666666666666664,4143.939393939394,4029.8507462686566,4605.263157894737
2017,TOA PAYOH,3 ROOM,historical_mature,60,65,12,63.458333333333336,4580.419580419581,4316.378066378067,4629.3016194331985
2017,TOA PAYOH,3 ROOM,historical_mature,65,70,52,66.16666666666667,5067.5675675675675,4596.409842678499,5587.837837837838
2017,TOA PAYOH,3 ROOM,historical_mature,80,85,2,80.5,5781.25,5640.625,5921.875
2017,TOA PAYOH,3 ROOM,historical_mature,90,95,12,93.66666666666667,8321.428571428572,8192.457142857143,8464.285714285716
2017,TOA PAYOH,4 ROOM,historical_mature,50,55,3,54.666666666666664,5045.977011494253,4992.124308216262,5146.445295870583
2017,TOA PAYOH,4 ROOM,historical_mature,55,60,45,57.5,4451.219512195122,4170.731707317073,4827.586206896552
2017,TOA PAYOH,4 ROOM,historical_mature,65,70,30,66.16666666666667,4788.306451612903,4466.019417475728,5084.134615384615
2017,TOA PAYOH,4 ROOM,historical_mature,70,75,14,70.45833333333334,4727.335164835165,4661.011015683346,4832.524271844661
2017,TOA PAYOH,4 ROOM,historical_mature,75,80,30,78.79166666666666,5837.149661110094,5394.2307692307695,6115.196078431372
2017,TOA PAYOH,4 ROOM,historical_mature,80,85,37,82.16666666666667,6831.683168316832,6100.0,7180.0
2017,TOA PAYOH,4 ROOM,historical_mature,85,90,21,87.58333333333333,8021.978021978022,7538.461538461538,8279.06976744186
2017,TOA PAYOH,4 ROOM,historical_mature,90,95,50,91.08333333333333,8334.297860034701,7656.145484949833,8645.604395604396
2017,TOA PAYOH,5 ROOM,historical_mature,50,55,2,51.041666666666664,4037.5329236172083,4004.060579455663,4071.005267778753
2017,TOA PAYOH,5 ROOM,historical_mature,55,60,8,57.75,4715.973568914746,4547.008547008547,4841.641025641025
2017,TOA PAYOH,5 ROOM,historical_mature,60,65,4,64.75,4732.29568900731,4580.241852838696,4871.142857142857
2017,TOA PAYOH,5 ROOM,historical_mature,65,70,11,66.0,5594.4055944055945,5351.5669515669515,5716.851265822785
2017,TOA PAYOH,5 ROOM,historical_mature,70,75,20,70.875,4959.182993469279,4557.377049180328,5307.762295081968
2017,TOA PAYOH,5 ROOM,historical_mature,75,80,28,79.0,5833.333333333333,5122.950819672131,6592.250196695515
2017,TOA PAYOH,5 ROOM,historical_mature,80,85,12,81.25,7051.7048786990135,6824.596774193548,7373.501600774328
2017,TOA PAYOH,5 ROOM,historical_mature,85,90,4,87.66666666666666,8076.763636363637,7895.454545454546,8151.509090909091
2017,TOA PAYOH,5 ROOM,historical_mature,90,95,69,93.58333333333333,8034.188034188034,7800.0,8333.333333333334
2017,TOA PAYOH,EXECUTIVE,historical_mature,65,70,9,68.25,5393.103448275862,5136.986301369863,5632.530120481928
2017,TOA PAYOH,EXECUTIVE,historical_mature,70,75,8,74.41666666666666,6262.452107279694,5676.369863013699,6512.788829528898
2017,TOA PAYOH,EXECUTIVE,historical_mature,75,80,1,76.41666666666667,5303.797468354431,5303.797468354431,5303.797468354431
2017,WOODLANDS,2 ROOM,historical_non_mature,65,70,1,66.33333333333333,4177.777777777777,4177.777777777777,4177.777777777777
2017,WOODLANDS,3 ROOM,historical_non_mature,55,60,50,57.833333333333336,3522.9621125143512,3424.6575342465753,3780.769230769231
2017,WOODLANDS,3 ROOM,historical_non_mature,60,65,21,63.5,3513.5135135135133,3459.4594594594596,3676.470588235294
2017,WOODLANDS,3 ROOM,historical_non_mature,65,70,54,66.70833333333334,3979.0549930514194,3835.6164383561645,4163.461538461539
2017,WOODLANDS,3 ROOM,historical_non_mature,70,75,4,73.33333333333334,4116.438356164384,3969.1780821917805,4243.1506849315065
2017,WOODLANDS,3 ROOM,historical_non_mature,75,80,13,75.5,3958.904109589041,3674.6987951807228,4054.794520547945
2017,WOODLANDS,3 ROOM,historical_non_mature,90,95,5,94.58333333333333,4701.492537313433,4477.611940298508,4925.373134328358
2017,WOODLANDS,3 ROOM,historical_non_mature,95,100,7,95.16666666666667,4776.119402985075,4693.194029850746,4850.746268656716
2017,WOODLANDS,4 ROOM,historical_non_mature,55,60,22,58.916666666666664,3177.0723562152134,3111.3945578231296,3237.197445091887
2017,WOODLANDS,4 ROOM,historical_non_mature,60,65,18,62.125,3183.3126550868483,3067.9648829431435,3289.444195428059
2017,WOODLANDS,4 ROOM,historical_non_mature,65,70,43,67.33333333333333,3695.6521739130435,3529.9808886765404,3830.5661729574776
2017,WOODLANDS,4 ROOM,historical_non_mature,70,75,20,71.66666666666666,3714.285714285714,3611.7685025817555,3836.309523809524
2017,WOODLANDS,4 ROOM,historical_non_mature,75,80,335,78.91666666666667,3428.5714285714284,3254.7169811320755,3628.6630036630036
2017,WOODLANDS,4 ROOM,historical_non_mature,80,85,198,81.45833333333334,3619.5238095238096,3465.3465346534654,3797.802197802198
2017,WOODLANDS,4 ROOM,historical_non_mature,85,90,43,85.5,3866.6666666666665,3755.5555555555557,4027.3049645390074
2017,WOODLANDS,4 ROOM,historical_non_mature,90,95,14,94.75,4274.193548387097,4094.0860215053763,4468.166383701188
2017,WOODLANDS,4 ROOM,historical_non_mature,95,100,30,95.16666666666667,4243.221131369799,4130.434782608696,4402.173913043478
2017,WOODLANDS,5 ROOM,historical_non_mature,55,60,13,59.583333333333336,3064.516129032258,2958.3333333333335,3225.8064516129034
2017,WOODLANDS,5 ROOM,historical_non_mature,60,65,3,62.5,3305.084745762712,3254.237288135593,3347.4576271186443
2017,WOODLANDS,5 ROOM,historical_non_mature,65,70,18,67.83333333333333,3198.909090909091,3121.189540712641,3470.1429345617125
2017,WOODLANDS,5 ROOM,historical_non_mature,70,75,12,72.04166666666667,3457.1317458418093,3319.672131147541,3663.6973309849614
2017,WOODLANDS,5 ROOM,historical_non_mature,75,80,211,78.91666666666667,3361.344537815126,3214.336158192091,3552.450055313334
2017,WOODLANDS,5 ROOM,historical_non_mature,80,85,179,81.83333333333333,3540.3225806451615,3415.650406504065,3736.626006537511
2017,WOODLANDS,5 ROOM,historical_non_mature,85,90,43,85.58333333333333,3563.6363636363635,3392.7290121980386,3772.7272727272725
2017,WOODLANDS,5 ROOM,historical_non_mature,90,95,3,94.91666666666667,4178.571428571428,4142.857142857143,4178.571428571428
2017,WOODLANDS,5 ROOM,historical_non_mature,95,100,14,95.29166666666666,4089.285714285714,3908.4821428571427,4214.285714285715
2017,WOODLANDS,EXECUTIVE,historical_non_mature,65,70,3,67.41666666666667,3821.917808219178,3760.2739726027394,3889.2197736748067
2017,WOODLANDS,EXECUTIVE,historical_non_mature,70,75,7,74.58333333333333,3803.680981595092,3726.993865030675,3978.468451631252
2017,WOODLANDS,EXECUTIVE,historical_non_mature,75,80,102,76.875,3926.553672316384,3780.428704566635,4062.5
2017,WOODLANDS,EXECUTIVE,historical_non_mature,80,85,45,81.25,3838.377622377622,3687.022900763359,4042.553191489362
2017,YISHUN,2 ROOM,historical_non_mature,80,85,3,82.16666666666667,5305.0,5252.5,5377.5
2017,YISHUN,2 ROOM,historical_non_mature,90,95,3,94.66666666666667,5000.0,5000.0,5053.191489361702
2017,YISHUN,2 ROOM,historical_non_mature,95,100,6,95.08333333333333,5104.166666666666,5000.0,5286.458333333333
2017,YISHUN,3 ROOM,historical_non_mature,55,60,2,59.54166666666667,3698.529411764706,3577.2058823529414,3819.8529411764707
2017,YISHUN,3 ROOM,historical_non_mature,60,65,22,64.125,3731.3432835820895,3635.2785832642912,3936.5671641791046
2017,YISHUN,3 ROOM,historical_non_mature,65,70,297,67.0,4062.5,3828.125,4328.358208955224
2017,YISHUN,3 ROOM,historical_non_mature,70,75,46,70.66666666666667,3873.521959459459,3654.294705664569,4137.561655405405
2017,YISHUN,3 ROOM,historical_non_mature,80,85,3,81.41666666666667,5000.0,5000.0,5125.0
2017,YISHUN,3 ROOM,historical_non_mature,90,95,10,94.25,4597.014925373134,4477.611940298508,4660.44776119403
2017,YISHUN,3 ROOM,historical_non_mature,95,100,20,95.25,4514.925373134329,4138.059701492537,4764.925373134328
2017,YISHUN,4 ROOM,historical_non_mature,60,65,7,64.25,3269.230769230769,3107.2520751419834,3351.0638297872338
2017,YISHUN,4 ROOM,historical_non_mature,65,70,404,68.58333333333333,3711.9505494505493,3546.5192307692305,3928.5714285714284
2017,YISHUN,4 ROOM,historical_non_mature,70,75,115,70.33333333333333,3452.3809523809523,3297.8479853479853,3656.5934065934066
2017,YISHUN,4 ROOM,historical_non_mature,75,80,6,76.91666666666667,3413.0910052910053,3206.0185185185187,3575.9238095238097
2017,YISHUN,4 ROOM,historical_non_mature,80,85,8,82.66666666666667,4334.54945054945,4096.153846153846,4407.814407814408
2017,YISHUN,4 ROOM,historical_non_mature,90,95,86,94.25,4356.708742402992,4086.2552594670406,4478.260869565217
2017,YISHUN,4 ROOM,historical_non_mature,95,100,36,95.25,4278.967741935484,4126.344086021505,4392.4731182795695
2017,YISHUN,5 ROOM,historical_non_mature,65,70,87,68.75,3770.4918032786886,3522.071362980454,3942.4197263243464
2017,YISHUN,5 ROOM,historical_non_mature,70,75,16,74.0,3888.8852459016393,3500.7473184455775,3985.6557377049185
2017,YISHUN,5 ROOM,historical_non_mature,75,80,2,76.375,3485.0743841766775,3313.4327144763984,3656.7160538769567
2017,YISHUN,5 ROOM,historical_non_mature,80,85,9,82.25,4234.2342342342345,4189.189189189189,4346.428571428572
2017,YISHUN,EXECUTIVE,historical_non_mature,60,65,1,64.16666666666667,3782.8947368421054,3782.8947368421054,3782.8947368421054
2017,YISHUN,EXECUTIVE,historical_non_mature,65,70,34,69.375,4102.739726027397,3804.49362843729,4258.869062444405
2017,YISHUN,EXECUTIVE,historical_non_mature,70,75,32,70.41666666666667,3970.578099422762,3774.6575342465753,4133.88869804191
2017,YISHUN,MULTI-GENERATION,historical_non_mature,65,70,2,69.16666666666666,4259.221576824892,4070.951570535351,4447.491583114433
2018,ANG MO KIO,2 ROOM,historical_mature,55,60,8,58.66666666666667,4772.727272727273,4579.545454545454,5068.181818181818
2018,ANG MO KIO,2 ROOM,historical_mature,60,65,5,60.166666666666664,4772.727272727273,4772.727272727273,4772.727272727273
2018,ANG MO KIO,2 ROOM,historical_mature,65,70,1,66.08333333333333,4666.666666666667,4666.666666666667,4666.666666666667
2018,ANG MO KIO,3 ROOM,historical_mature,55,60,178,59.0,4086.5504358655044,3789.330375151271,4328.358208955224
2018,ANG MO KIO,3 ROOM,historical_mature,60,65,337,61.083333333333336,4074.626865671642,3823.529411764706,4323.529411764706
2018,ANG MO KIO,3 ROOM,historical_mature,65,70,22,65.58333333333334,4239.552238805971,3970.0943810359963,4585.26119402985
2018,ANG MO KIO,3 ROOM,historical_mature,70,75,1,74.91666666666667,3666.6666666666665,3666.6666666666665,3666.6666666666665
2018,ANG MO KIO,3 ROOM,historical_mature,90,95,11,93.33333333333333,6528.571428571428,6400.0,6700.0
2018,ANG MO KIO,4 ROOM,historical_mature,55,60,83,58.916666666666664,4510.869565217391,4240.777338603426,4755.434782608696
2018,ANG MO KIO,4 ROOM,historical_mature,60,65,77,61.166666666666664,4380.434782608696,4217.391304347826,4728.260869565217
2018,ANG MO KIO,4 ROOM,historical_mature,65,70,3,65.5,4301.075268817204,4193.548387096775,4758.064516129032
2018,ANG MO KIO,4 ROOM,historical_mature,70,75,6,73.625,4147.210084033613,3921.2941176470586,4290.768194070081
2018,ANG MO KIO,4 ROOM,historical_mature,80,85,25,83.33333333333333,6703.2967032967035,6473.684210526316,7252.747252747253
2018,ANG MO KIO,4 ROOM,historical_mature,85,90,7,86.83333333333333,6052.631578947368,6000.0,6108.187134502924
2018,ANG MO KIO,4 ROOM,historical_mature,90,95,48,92.375,7406.707875457875,7186.553030303031,7980.427594627594
2018,ANG MO KIO,5 ROOM,historical_mature,55,60,24,59.08333333333333,4917.332786773246,4714.932126696833,5228.701236592197
2018,ANG MO KIO,5 ROOM,historical_mature,60,65,54,61.083333333333336,4886.9747899159665,4593.33705882353,5344.53781512605
2018,ANG MO KIO,5 ROOM,historical_mature,70,75,4,73.91666666666667,4674.302075876879,4484.848484848485,4894.379011447099
2018,ANG MO KIO,5 ROOM,historical_mature,75,80,11,77.0,5140.625,4902.34375,5280.972954774998
2018,ANG MO KIO,5 ROOM,historical_mature,80,85,21,83.16666666666667,6918.918918918919,6454.545454545455,7254.545454545455
2018,ANG MO KIO,5 ROOM,historical_mature,85,90,7,86.58333333333333,6818.181818181818,6704.545454545454,6890.909090909091
2018,ANG MO KIO,5 ROOM,historical_mature,90,95,60,92.25,7306.547619047619,7000.160256410257,7526.442307692308
2018,ANG MO KIO,EXECUTIVE,historical_mature,55,60,2,59.583333333333336,5071.620274518826,5004.945939728548,5138.294609309102
2018,ANG MO KIO,EXECUTIVE,historical_mature,60,65,6,60.833333333333336,4920.87724195687,4646.597967250141,5145.059281726063
2018,ANG MO KIO,EXECUTIVE,historical_mature,65,70,1,65.16666666666667,5327.16049382716,5327.16049382716,5327.16049382716
2018,ANG MO KIO,EXECUTIVE,historical_mature,75,80,12,76.95833333333334,5604.80943738657,5341.836734693878,5760.643298415257
2018,BEDOK,2 ROOM,historical_mature,55,60,9,59.166666666666664,4622.222222222223,4444.444444444444,4772.727272727273
2018,BEDOK,2 ROOM,historical_mature,60,65,1,60.083333333333336,4888.888888888889,4888.888888888889,4888.888888888889
2018,BEDOK,2 ROOM,historical_mature,65,70,11,66.91666666666667,5222.222222222223,5166.666666666667,5333.333333333333
2018,BEDOK,3 ROOM,historical_mature,50,55,19,53.333333333333336,4076.923076923077,3853.846153846154,4192.307692307692
2018,BEDOK,3 ROOM,historical_mature,55,60,203,58.833333333333336,4237.28813559322,4029.8507462686566,4477.611940298508
2018,BEDOK,3 ROOM,historical_mature,60,65,194,61.083333333333336,4264.705882352941,4072.0588235294117,4529.411764705882
2018,BEDOK,3 ROOM,historical_mature,65,70,68,66.33333333333333,4388.992537313433,4212.953091684436,4531.25
2018,BEDOK,3 ROOM,historical_mature,90,95,6,90.95833333333334,7034.595605423096,6725.806451612903,7170.523609163161
2018,BEDOK,4 ROOM,historical_mature,55,60,112,58.583333333333336,4289.596273291925,3977.2108843537417,4561.634018155757
2018,BEDOK,4 ROOM,historical_mature,60,65,80,61.166666666666664,4347.826086956522,4083.5378681626926,4510.869565217391
2018,BEDOK,4 ROOM,historical_mature,65,70,80,67.20833333333334,4322.552447552447,4083.9336047604133,4537.327882960412
2018,BEDOK,4 ROOM,historical_mature,70,75,6,73.41666666666667,5009.615384615385,4771.634615384615,5954.326923076923
2018,BEDOK,4 ROOM,historical_mature,75,80,14,77.25,4339.563862928349,4219.246031746032,4578.431372549019
2018,BEDOK,4 ROOM,historical_mature,80,85,25,81.5,5047.619047619048,4900.0,5190.476190476191
2018,BEDOK,4 ROOM,historical_mature,85,90,20,86.5,6672.826086956522,6440.217391304348,6739.130434782609
2018,BEDOK,4 ROOM,historical_mature,90,95,14,91.0,7283.445905913022,7116.966440008774,7490.568107041018
2018,BEDOK,5 ROOM,historical_mature,55,60,63,58.5,4756.09756097561,4352.941176470588,5281.042016806723
2018,BEDOK,5 ROOM,historical_mature,60,65,48,62.208333333333336,4109.18324164198,3915.289256198347,4594.890510948905
2018,BEDOK,5 ROOM,historical_mature,65,70,22,67.0,4528.246255454653,4127.049180327868,5811.475409836065
2018,BEDOK,5 ROOM,historical_mature,70,75,23,73.75,4826.771653543307,4586.742722265932,5081.9672131147545
2018,BEDOK,5 ROOM,historical_mature,75,80,21,77.33333333333333,4583.333333333333,4365.142857142857,4904.761904761905
2018,BEDOK,5 ROOM,historical_mature,80,85,23,81.41666666666667,5217.391304347826,5078.260869565218,5429.947826086956
2018,BEDOK,5 ROOM,historical_mature,85,90,3,86.66666666666667,6386.363636363636,6375.0,6502.272727272727
2018,BEDOK,5 ROOM,historical_mature,90,95,4,91.125,7647.321428571428,7611.607142857143,7698.660714285714
2018,BEDOK,EXECUTIVE,historical_mature,55,60,1,58.833333333333336,4444.444444444444,4444.444444444444,4444.444444444444
2018,BEDOK,EXECUTIVE,historical_mature,60,65,6,64.58333333333334,4602.659245516388,4464.17820590006,4789.127060220061
2018,BEDOK,EXECUTIVE,historical_mature,65,70,32,67.16666666666667,4572.088984840662,4258.333333333333,5017.303532804614
2018,BEDOK,EXECUTIVE,historical_mature,70,75,19,74.0,5090.909090909091,4965.156371406371,5296.474358974359
2018,BEDOK,EXECUTIVE,historical_mature,75,80,11,77.08333333333333,5257.958041958042,5202.881435994332,5437.062937062938
2018,BISHAN,3 ROOM,historical_mature,50,55,9,54.333333333333336,4000.0,3750.0,4076.923076923077
2018,BISHAN,3 ROOM,historical_mature,65,70,27,67.25,5859.375,5453.125,6329.640858208955
2018,BISHAN,3 ROOM,historical_mature,70,75,1,70.0,5000.0,5000.0,5000.0
2018,BISHAN,4 ROOM,historical_mature,55,60,2,55.375,4181.818181818182,4125.0,4238.636363636364
2018,BISHAN,4 ROOM,historical_mature,65,70,99,67.16666666666667,5786.516853932584,5345.238095238095,6197.6477337923125
2018,BISHAN,4 ROOM,historical_mature,70,75,77,72.91666666666667,5468.591304347826,5093.457943925234,5751.6274509803925
2018,BISHAN,4 ROOM,historical_mature,75,80,10,79.0,6115.0,5854.083380925185,6508.984705882353
2018,BISHAN,4 ROOM,historical_mature,90,95,12,92.25,8394.736842105263,8062.863157894736,8652.63157894737
2018,BISHAN,5 ROOM,historical_mature,50,55,1,54.083333333333336,3786.764705882353,3786.764705882353,3786.764705882353
2018,BISHAN,5 ROOM,historical_mature,65,70,68,68.16666666666667,5946.518086980084,5681.818181818182,6264.904422433917
2018,BISHAN,5 ROOM,historical_mature,70,75,29,72.75,5868.852459016393,5666.666666666667,6401.515151515152
2018,BISHAN,5 ROOM,historical_mature,75,80,11,79.08333333333333,6154.471544715447,5902.035879862931,6495.4049586776855
2018,BISHAN,5 ROOM,historical_mature,90,95,17,92.33333333333333,8240.733333333334,8083.333333333333,8500.0
2018,BISHAN,EXECUTIVE,historical_mature,65,70,21,67.58333333333333,6338.028169014085,6000.0,6655.405405405405
2018,BISHAN,EXECUTIVE,historical_mature,70,75,21,73.0,5850.340136054422,5704.697986577181,6082.191780821918
2018,BUKIT BATOK,3 ROOM,historical_non_mature,60,65,20,64.54166666666666,3740.8536585365855,3639.260273972603,3852.7397260273974
2018,BUKIT BATOK,3 ROOM,historical_non_mature,65,70,286,66.16666666666667,3823.529411764706,3602.9411764705883,4000.0
2018,BUKIT BATOK,3 ROOM,historical_non_mature,75,80,5,78.41666666666667,3731.3432835820895,3402.9850746268658,3865.6716417910447
2018,BUKIT BATOK,4 ROOM,historical_non_mature,60,65,7,64.66666666666667,4086.5384615384614,3460.188004718265,4317.307692307692
2018,BUKIT BATOK,4 ROOM,historical_non_mature,65,70,208,66.33333333333333,3714.285714285714,3547.212652677733,3929.166435506241
2018,BUKIT BATOK,4 ROOM,historical_non_mature,75,80,63,78.66666666666667,4106.796116504855,3921.5686274509803,4198.0392156862745
2018,BUKIT BATOK,4 ROOM,historical_non_mature,80,85,12,84.79166666666666,4592.391304347826,4292.783114256825,6083.333333333334
2018,BUKIT BATOK,4 ROOM,historical_non_mature,85,90,40,85.5,4684.173913043478,4494.186046511628,4834.239130434782
2018,BUKIT BATOK,5 ROOM,historical_non_mature,65,70,58,66.16666666666667,3730.7510068704096,3506.1475409836066,3899.4970193740683
2018,BUKIT BATOK,5 ROOM,historical_non_mature,70,75,1,70.0,4666.666666666667,4666.666666666667,4666.666666666667
2018,BUKIT BATOK,5 ROOM,historical_non_mature,75,80,32,78.29166666666666,4377.582644628099,4178.154054752066,4636.7827868852455
2018,BUKIT BATOK,5 ROOM,historical_non_mature,80,85,4,84.20833333333334,6181.818181818182,5865.446500402253,6522.727272727273
2018,BUKIT BATOK,5 ROOM,historical_non_mature,85,90,33,85.41666666666667,4661.016949152542,4512.069565217392,4765.217391304348
2018,BUKIT BATOK,EXECUTIVE,historical_non_mature,65,70,45,66.5,4027.777777777778,3892.6174496644294,4161.073825503356
2018,BUKIT BATOK,EXECUTIVE,historical_non_mature,70,75,8,73.91666666666666,3449.5495495495497,3371.283321941217,3623.97759601707
2018,BUKIT BATOK,EXECUTIVE,historical_non_mature,75,80,19,78.5,4680.851063829788,4567.509372783463,4942.03514739229
2018,BUKIT MERAH,1 ROOM,historical_mature,55,60,9,55.666666666666664,5806.451612903225,5677.419354838709,5967.741935483871
2018,BUKIT MERAH,2 ROOM,historical_mature,45,50,4,48.16666666666667,5117.021276595745,5000.0,5297.8723404255325
2018,BUKIT MERAH,2 ROOM,historical_mature,50,55,11,51.916666666666664,5116.279069767442,4801.771871539313,5867.64705882353
2018,BUKIT MERAH,2 ROOM,historical_mature,55,60,15,56.833333333333336,4844.444444444444,4674.242424242424,5066.666666666667
2018,BUKIT MERAH,2 ROOM,historical_mature,90,95,4,93.58333333333333,8329.787234042553,8185.106382978724,8574.468085106384
2018,BUKIT MERAH,3 ROOM,historical_mature,45,50,12,49.666666666666664,5028.301886792453,4787.5,5212.643678160919
2018,BUKIT MERAH,3 ROOM,historical_mature,50,55,69,52.583333333333336,5462.962962962963,5076.923076923077,5937.5
2018,BUKIT MERAH,3 ROOM,historical_mature,55,60,104,56.416666666666664,4542.791378949571,4189.006888633755,4933.245521601686
2018,BUKIT MERAH,3 ROOM,historical_mature,60,65,47,63.416666666666664,5200.0,4776.119402985075,5643.028846153846
2018,BUKIT MERAH,3 ROOM,historical_mature,65,70,7,65.5,4797.2972972972975,4763.513513513513,5113.513513513513
2018,BUKIT MERAH,3 ROOM,historical_mature,80,85,8,83.625,8250.0,8125.0,8443.333333333334
2018,BUKIT MERAH,3 ROOM,historical_mature,85,90,6,89.54166666666667,8216.666666666666,7595.833333333333,8450.0
2018,BUKIT MERAH,3 ROOM,historical_mature,90,95,36,93.91666666666667,8492.861778066192,8051.683716965046,8699.158485273492
2018,BUKIT MERAH,4 ROOM,historical_mature,50,55,4,52.5,5220.362407862407,4967.329545454545,5415.54054054054
2018,BUKIT MERAH,4 ROOM,historical_mature,55,60,44,56.95833333333333,5016.483516483517,4764.559482329518,5239.010989010989
2018,BUKIT MERAH,4 ROOM,historical_mature,60,65,6,64.125,5228.0293631100085,5036.057692307692,5565.0703913091675
2018,BUKIT MERAH,4 ROOM,historical_mature,65,70,27,66.16666666666667,5619.047619047619,5144.2307692307695,6055.40293040293
2018,BUKIT MERAH,4 ROOM,historical_mature,75,80,20,77.5,6169.622641509433,5813.679245283019,6299.161338152163
2018,BUKIT MERAH,4 ROOM,historical_mature,80,85,109,83.08333333333333,7277.777777777777,6764.705882352941,7888.888888888889
2018,BUKIT MERAH,4 ROOM,historical_mature,85,90,64,86.75,7669.0,6297.058823529412,8062.5
2018,BUKIT MERAH,4 ROOM,historical_mature,90,95,63,93.91666666666667,8430.4,8154.216185625353,8835.946248600223
2018,BUKIT MERAH,4 ROOM,historical_mature,95,100,6,96.16666666666667,10854.13744740533,10151.699158485275,10927.068723702665
2018,BUKIT MERAH,5 ROOM,historical_mature,50,55,3,54.5,5846.153846153846,5456.18950585838,6064.102564102564
2018,BUKIT MERAH,5 ROOM,historical_mature,55,60,29,57.666666666666664,5268.292682926829,5042.735042735043,5657.894736842105
2018,BUKIT MERAH,5 ROOM,historical_mature,60,65,23,61.666666666666664,6057.377049180328,5685.690604463916,6315.85734351145
2018,BUKIT MERAH,5 ROOM,historical_mature,65,70,11,66.08333333333333,5877.862595419847,5065.11475409836,6201.885264862364
2018,BUKIT MERAH,5 ROOM,historical_mature,75,80,25,77.33333333333333,6562.5,6031.746031746032,6904.761904761905
2018,BUKIT MERAH,5 ROOM,historical_mature,80,85,59,83.58333333333333,7363.636363636364,6727.272727272727,7695.454545454546
2018,BUKIT MERAH,5 ROOM,historical_mature,85,90,43,86.58333333333333,7608.695652173913,6986.086956521739,7858.498023715415
2018,BUKIT MERAH,5 ROOM,historical_mature,90,95,3,93.75,8359.649122807017,8280.701754385966,8397.215865751336
2018,BUKIT MERAH,5 ROOM,historical_mature,95,100,3,96.41666666666667,10000.0,9857.142857142857,10133.928571428572
2018,BUKIT PANJANG,2 ROOM,historical_non_mature,90,95,5,94.25,4787.234042553191,4680.851063829788,4893.617021276596
2018,BUKIT PANJANG,2 ROOM,historical_non_mature,95,100,3,95.08333333333333,4744.68085106383,4638.297872340426,4797.8723404255325
2018,BUKIT PANJANG,3 ROOM,historical_non_mature,65,70,53,69.08333333333333,3835.6164383561645,3671.2328767123286,3957.3698630136987
2018,BUKIT PANJANG,3 ROOM,historical_non_mature,70,75,3,70.33333333333333,3767.123287671233,3698.6301369863013,3904.109589041096
2018,BUKIT PANJANG,3 ROOM,historical_non_mature,90,95,11,94.16666666666667,4705.882352941177,4607.001755926251,4925.373134328358
2018,BUKIT PANJANG,3 ROOM,historical_non_mature,95,100,2,95.0,4714.925373134329,4633.582089552239,4796.268656716418
2018,BUKIT PANJANG,4 ROOM,historical_non_mature,65,70,92,69.08333333333333,3353.8252427184466,3203.883495145631,3557.6923076923076
2018,BUKIT PANJANG,4 ROOM,historical_non_mature,70,75,9,70.16666666666667,3201.923076923077,3173.076923076923,3317.3076923076924
2018,BUKIT PANJANG,4 ROOM,historical_non_mature,75,80,81,79.0,3669.902912621359,3446.6019417475727,4574.257425742574
2018,BUKIT PANJANG,4 ROOM,historical_non_mature,80,85,61,83.0,3950.0,3695.6521739130435,4450.0
2018,BUKIT PANJANG,4 ROOM,historical_non_mature,85,90,35,85.41666666666667,4333.333333333333,4144.270250896057,4440.860215053764
2018,BUKIT PANJANG,4 ROOM,historical_non_mature,90,95,43,93.83333333333333,4569.89247311828,4499.397849462366,4790.322580645161
2018,BUKIT PANJANG,4 ROOM,historical_non_mature,95,100,7,95.08333333333333,4483.870967741936,4354.8387096774195,4543.010752688172
2018,BUKIT PANJANG,5 ROOM,historical_non_mature,65,70,34,69.33333333333333,3475.409836065574,3360.655737704918,3537.7555216165415
2018,BUKIT PANJANG,5 ROOM,historical_non_mature,70,75,10,70.04166666666666,3352.4590163934427,3234.876710472836,3411.3854458216715
2018,BUKIT PANJANG,5 ROOM,historical_non_mature,75,80,72,79.0,4117.927022739292,3644.746646795827,4815.319739872646
2018,BUKIT PANJANG,5 ROOM,historical_non_mature,80,85,113,82.75,4251.243243243243,3660.714285714286,4863.636363636364
2018,BUKIT PANJANG,5 ROOM,historical_non_mature,85,90,32,85.25,4359.09090909091,4186.363636363636,4511.363636363636
2018,BUKIT PANJANG,EXECUTIVE,historical_non_mature,65,70,28,69.20833333333334,3913.465783664459,3755.1369863013697,4207.876712328767
2018,BUKIT PANJANG,EXECUTIVE,historical_non_mature,75,80,22,79.45833333333334,4509.135230966217,4126.456433637284,4714.285714285715
2018,BUKIT PANJANG,EXECUTIVE,historical_non_mature,80,85,37,82.66666666666667,4369.2307692307695,3664.0625,4844.961240310077
2018,BUKIT TIMAH,3 ROOM,historical_mature,50,55,7,54.583333333333336,5937.5,5679.378008145131,5993.1506849315065
2018,BUKIT TIMAH,3 ROOM,historical_mature,55,60,1,56.833333333333336,6513.1578947368425,6513.1578947368425,6513.1578947368425
2018,BUKIT TIMAH,3 ROOM,historical_mature,65,70,1,68.75,6132.8125,6132.8125,6132.8125
2018,BUKIT TIMAH,4 ROOM,historical_mature,50,55,5,54.75,6373.626373626374,6263.736263736264,6483.516483516483
2018,BUKIT TIMAH,4 ROOM,historical_mature,55,60,2,55.04166666666667,6392.764538831954,6218.3602913939985,6567.16878626991
2018,BUKIT TIMAH,4 ROOM,historical_mature,65,70,12,69.29166666666666,6591.346153846154,6115.384615384616,6843.4807692307695
2018,BUKIT TIMAH,4 ROOM,historical_mature,70,75,2,70.08333333333334,6490.384615384615,6370.192307692308,6610.576923076923
2018,BUKIT TIMAH,5 ROOM,historical_mature,50,55,1,54.5,7113.821138211382,7113.821138211382,7113.821138211382
2018,BUKIT TIMAH,5 ROOM,historical_mature,55,60,4,55.125,7036.910569105691,6671.923076923077,7130.081300813009
2018,BUKIT TIMAH,5 ROOM,historical_mature,65,70,10,69.29166666666667,6598.360655737704,6229.508196721312,6793.0327868852455
2018,BUKIT TIMAH,5 ROOM,historical_mature,70,75,2,70.41666666666667,6663.934426229508,6643.44262295082,6684.426229508197
2018,BUKIT TIMAH,EXECUTIVE,historical_mature,65,70,9,69.58333333333333,6773.2054794520545,6390.41095890411,6827.586206896552
2018,BUKIT TIMAH,EXECUTIVE,historical_mature,70,75,5,70.08333333333333,6225.260273972603,6164.3835616438355,6366.666666666667
2018,CENTRAL AREA,2 ROOM,historical_mature,50,55,4,53.416666666666664,4919.466175793834,4575.471698113208,5475.609756097561
2018,CENTRAL AREA,2 ROOM,historical_mature,60,65,1,63.833333333333336,6115.384615384615,6115.384615384615,6115.384615384615
2018,CENTRAL AREA,3 ROOM,historical_mature,50,55,11,54.583333333333336,6428.571428571428,5844.635100360268,6964.285714285715
2018,CENTRAL AREA,3 ROOM,historical_mature,55,60,31,57.583333333333336,7033.333333333333,5780.36739380023,7390.756302521008
2018,CENTRAL AREA,3 ROOM,historical_mature,60,65,21,61.916666666666664,6916.666666666667,5606.060606060606,7352.941176470588
2018,CENTRAL AREA,3 ROOM,historical_mature,65,70,10,66.16666666666666,5312.5,5090.277777777777,5652.777777777777
2018,CENTRAL AREA,4 ROOM,historical_mature,55,60,4,59.66666666666667,6181.735351836277,5772.988505747127,6542.643332277478
2018,CENTRAL AREA,4 ROOM,historical_mature,60,65,18,62.91666666666667,6554.272646140116,5284.552845528455,7754.906083543594
2018,CENTRAL AREA,4 ROOM,historical_mature,65,70,2,65.70833333333333,6627.796538623892,6017.781764457577,7237.811312790207
2018,CENTRAL AREA,4 ROOM,historical_mature,80,85,6,83.79166666666666,6073.333333333334,5822.549019607844,6260.0
2018,CENTRAL AREA,4 ROOM,historical_mature,90,95,39,91.75,9819.148936170213,9338.877688172042,10295.698924731183
2018,CENTRAL AREA,5 ROOM,historical_mature,80,85,6,83.25,5732.799999999999,5466.4,6114.285714285715
2018,CENTRAL AREA,5 ROOM,historical_mature,90,95,24,91.75,9590.769529183566,9110.961365678348,10302.870850022253
2018,CHOA CHU KANG,2 ROOM,historical_non_mature,90,95,5,92.33333333333333,4978.260869565217,4826.086956521739,5000.0
2018,CHOA CHU KANG,3 ROOM,historical_non_mature,55,60,11,59.583333333333336,3731.3432835820895,3614.864864864865,3797.6716417910447
2018,CHOA CHU KANG,3 ROOM,historical_non_mature,60,65,9,62.166666666666664,3763.157894736842,3676.470588235294,3823.529411764706
2018,CHOA CHU KANG,3 ROOM,historical_non_mature,65,70,10,65.25,3632.6360607182523,3555.9514994446504,3679.0540540540537
2018,CHOA CHU KANG,3 ROOM,historical_non_mature,70,75,7,70.16666666666667,3561.6438356164385,3479.4520547945203,3671.2328767123286
2018,CHOA CHU KANG,3 ROOM,historical_non_mature,90,95,16,94.25,4574.626865671642,4371.880597014925,4712.686567164179
2018,CHOA CHU KANG,3 ROOM,historical_non_mature,95,100,5,95.16666666666667,4402.985074626866,4380.705882352941,4759.522388059701
2018,CHOA CHU KANG,4 ROOM,historical_non_mature,55,60,6,58.875,3097.8260869565215,3062.3353096179185,3122.941370223979
2018,CHOA CHU KANG,4 ROOM,historical_non_mature,60,65,11,62.333333333333336,3184.4660194174758,3152.059241225401,3246.6373626373625
2018,CHOA CHU KANG,4 ROOM,historical_non_mature,65,70,21,69.58333333333333,3009.433962264151,2886.7924528301887,3125.0
2018,CHOA CHU KANG,4 ROOM,historical_non_mature,70,75,123,73.58333333333333,3221.153846153846,3028.9861837191934,3362.303958177745
2018,CHOA CHU KANG,4 ROOM,historical_non_mature,75,80,152,78.16666666666667,3331.5602836879434,3139.453912406084,3479.3952368209793
2018,CHOA CHU KANG,4 ROOM,historical_non_mature,80,85,105,81.08333333333333,3406.5934065934066,3269.230769230769,3528.301886792453
2018,CHOA CHU KANG,4 ROOM,historical_non_mature,90,95,16,94.16666666666667,4092.391304347826,4008.1521739130435,4266.304347826088
2018,CHOA CHU KANG,4 ROOM,historical_non_mature,95,100,14,95.20833333333334,4456.521739130435,4394.021739130435,4592.391304347826
2018,CHOA CHU KANG,5 ROOM,historical_non_mature,55,60,13,59.666666666666664,3209.1428571428573,3067.2268907563025,3340.3361344537816
2018,CHOA CHU KANG,5 ROOM,historical_non_mature,60,65,1,64.33333333333333,3409.090909090909,3409.090909090909,3409.090909090909
2018,CHOA CHU KANG,5 ROOM,historical_non_mature,65,70,18,69.75,3314.0495867768595,3159.1475409836066,3442.622950819672
2018,CHOA CHU KANG,5 ROOM,historical_non_mature,70,75,45,73.91666666666667,3446.153846153846,3264.0,3606.55737704918
2018,CHOA CHU KANG,5 ROOM,historical_non_mature,75,80,101,77.25,3448.2758620689656,3221.374045801527,3696.969696969697
2018,CHOA CHU KANG,5 ROOM,historical_non_mature,80,85,132,83.125,3344.5454545454545,3227.2727272727275,3446.9636363636364
2018,CHOA CHU KANG,EXECUTIVE,historical_non_mature,65,70,15,69.66666666666667,3527.3972602739727,3516.9453833837397,3658.8584474885847
2018,CHOA CHU KANG,EXECUTIVE,historical_non_mature,70,75,36,73.625,3715.2326839826837,3556.3862627821723,3823.487442922374
2018,CHOA CHU KANG,EXECUTIVE,historical_non_mature,75,80,43,76.66666666666667,3701.2987012987014,3427.6065449010657,3906.3178201109235
2018,CHOA CHU KANG,EXECUTIVE,historical_non_mature,80,85,18,80.58333333333333,3552.8169014084506,3282.374804381847,3785.4609929078015
2018,CLEMENTI,2 ROOM,historical_mature,55,60,3,59.583333333333336,5045.454545454545,5022.727272727272,5329.545454545454
2018,CLEMENTI,2 ROOM,historical_mature,90,95,6,94.04166666666666,6949.387755102041,6785.714285714286,7510.408163265306
2018,CLEMENTI,3 ROOM,historical_mature,55,60,85,59.083333333333336,4766.926829268293,4444.444444444444,5104.477611940299
2018,CLEMENTI,3 ROOM,historical_mature,60,65,131,61.083333333333336,4309.2972972972975,3992.6470588235293,4724.062613760467
2018,CLEMENTI,3 ROOM,historical_mature,65,70,4,65.20833333333334,4556.312769010043,4077.205882352941,5048.780487804877
2018,CLEMENTI,3 ROOM,historical_mature,80,85,4,83.58333333333334,6213.11475409836,6102.459016393443,6229.508196721312
2018,CLEMENTI,3 ROOM,historical_mature,90,95,15,94.25,7162.1621621621625,6857.142857142857,7330.952380952381
2018,CLEMENTI,4 ROOM,historical_mature,55,60,41,59.166666666666664,5000.0,4752.475247524752,5521.739130434783
2018,CLEMENTI,4 ROOM,historical_mature,60,65,31,60.75,4593.406593406594,4325.623700623701,4874.820831342571
2018,CLEMENTI,4 ROOM,historical_mature,65,70,10,65.41666666666667,5412.87284144427,5296.9079780498105,5913.461538461539
2018,CLEMENTI,4 ROOM,historical_mature,80,85,9,83.33333333333333,7333.333333333333,7058.139534883721,7582.417582417583
2018,CLEMENTI,4 ROOM,historical_mature,85,90,7,87.16666666666667,7511.111111111111,6932.711111111112,7627.777777777777
2018,CLEMENTI,4 ROOM,historical_mature,90,95,59,94.16666666666667,7270.0,6770.833333333333,7835.803631151457
2018,CLEMENTI,5 ROOM,historical_mature,55,60,21,59.166666666666664,5462.18487394958,4960.0,5811.965811965812
2018,CLEMENTI,5 ROOM,historical_mature,60,65,15,60.833333333333336,4773.109243697479,4445.378151260504,5110.169491525424
2018,CLEMENTI,5 ROOM,historical_mature,65,70,5,65.66666666666667,5685.9504132231405,4850.746268656716,6232.394366197183
2018,CLEMENTI,5 ROOM,historical_mature,80,85,3,83.5,6709.090909090909,6576.763636363636,6763.636363636364
2018,CLEMENTI,5 ROOM,historical_mature,85,90,3,87.41666666666667,7209.090909090909,7127.272727272727,7322.727272727272
2018,CLEMENTI,5 ROOM,historical_mature,90,95,13,93.91666666666667,7203.389830508475,7051.282051282052,7563.0252100840335
2018,CLEMENTI,EXECUTIVE,historical_mature,55,60,2,59.5,4907.407407407407,4830.246913580247,4984.567901234568
2018,CLEMENTI,EXECUTIVE,historical_mature,60,65,5,64.33333333333333,5493.421052631579,5330.601226993865,5860.92715231788
2018,CLEMENTI,EXECUTIVE,historical_mature,65,70,14,65.33333333333334,5575.268817204302,5466.045548654244,5877.485638532921
2018,GEYLANG,2 ROOM,historical_mature,45,50,8,48.5,4502.222222222223,4404.761904761905,4627.380952380952
2018,GEYLANG,2 ROOM,historical_mature,50,55,7,51.333333333333336,4523.809523809524,4238.612836438924,4714.285714285714
2018,GEYLANG,2 ROOM,historical_mature,65,70,3,66.66666666666667,5177.777777777777,5033.333333333333,5255.555555555555
2018,GEYLANG,3 ROOM,historical_mature,45,50,47,49.25,4100.0,3928.5714285714284,4303.874092009685
2018,GEYLANG,3 ROOM,historical_mature,50,55,30,51.583333333333336,4126.436781609195,3832.456140350877,4403.373266078184
2018,GEYLANG,3 ROOM,historical_mature,55,60,53,57.583333333333336,4615.384615384615,4322.033898305085,4846.153846153846
2018,GEYLANG,3 ROOM,historical_mature,60,65,28,62.125,4857.8055667607905,4513.725490196079,5148.755656108597
2018,GEYLANG,3 ROOM,historical_mature,65,70,13,66.16666666666667,4611.111111111111,4602.941176470588,4875.0
2018,GEYLANG,3 ROOM,historical_mature,80,85,8,80.91666666666667,4921.875,4835.9375,5011.71875
2018,GEYLANG,3 ROOM,historical_mature,85,90,10,87.54166666666666,7591.666666666667,7279.166666666667,7775.0
2018,GEYLANG,4 ROOM,historical_mature,55,60,19,57.333333333333336,5119.565217391304,4988.83182035356,5288.04347826087
2018,GEYLANG,4 ROOM,historical_mature,60,65,22,62.125,5230.082417582417,4379.120879120879,5757.774140752865
2018,GEYLANG,4 ROOM,historical_mature,65,70,53,66.16666666666667,4345.238095238095,4166.666666666667,4662.921348314607
2018,GEYLANG,4 ROOM,historical_mature,70,75,4,72.33333333333334,4822.115384615385,4434.655081157375,5103.365384615385
2018,GEYLANG,4 ROOM,historical_mature,75,80,13,78.5,6862.745098039216,5073.719626168225,7058.823529411765
2018,GEYLANG,4 ROOM,historical_mature,80,85,10,80.91666666666667,6436.842105263158,4690.8687381103355,7796.8788249694
2018,GEYLANG,4 ROOM,historical_mature,85,90,17,87.33333333333333,7555.555555555556,7397.8494623655915,7800.0
2018,GEYLANG,4 ROOM,historical_mature,90,95,18,92.58333333333333,7101.0186757215615,6795.698924731182,7534.210526315789
2018,GEYLANG,5 ROOM,historical_mature,55,60,13,58.083333333333336,4752.06611570248,4528.985507246377,5085.470085470086
2018,GEYLANG,5 ROOM,historical_mature,60,65,15,62.75,5123.966942148761,4900.826446280991,5465.9802259887
2018,GEYLANG,5 ROOM,historical_mature,65,70,15,66.08333333333333,4426.229508196721,4180.327868852459,6684.739799401355
2018,GEYLANG,5 ROOM,historical_mature,75,80,10,78.29166666666666,5633.333333333334,5377.047619047619,7104.166666666667
2018,GEYLANG,5 ROOM,historical_mature,80,85,9,81.16666666666667,8090.909090909091,7876.1061946902655,8272.727272727272
2018,GEYLANG,5 ROOM,historical_mature,85,90,4,87.125,7309.090909090909,7272.727272727273,7379.545454545454
2018,GEYLANG,EXECUTIVE,historical_mature,65,70,22,66.95833333333333,5176.996065725527,4470.620043258832,5615.106544901066
2018,HOUGANG,2 ROOM,historical_non_mature,90,95,7,93.0,5148.936170212766,4957.446808510638,5319.148936170212
2018,HOUGANG,3 ROOM,historical_non_mature,55,60,20,58.66666666666667,3904.109589041096,3641.5015516829794,3998.4821654439666
2018,HOUGANG,3 ROOM,historical_non_mature,60,65,63,63.5,4119.4029850746265,3955.223880597015,4305.9701492537315
2018,HOUGANG,3 ROOM,historical_non_mature,65,70,87,67.0,4140.625,3886.2444534086326,4338.541666666666
2018,HOUGANG,3 ROOM,historical_non_mature,70,75,3,70.08333333333333,4062.5,4062.5,4078.125
2018,HOUGANG,3 ROOM,historical_non_mature,90,95,7,93.0,4746.268656716418,4611.940298507463,4750.0
2018,HOUGANG,3 ROOM,historical_non_mature,95,100,11,95.66666666666667,4735.294117647059,4558.823529411765,4838.235294117647
2018,HOUGANG,4 ROOM,historical_non_mature,55,60,5,56.833333333333336,4024.390243902439,3878.048780487805,4130.434782608696
2018,HOUGANG,4 ROOM,historical_non_mature,60,65,36,63.833333333333336,3816.3691408288964,3694.9205685618726,3886.179051530993
2018,HOUGANG,4 ROOM,historical_non_mature,65,70,162,67.0,3893.8053097345132,3686.2189859762675,4087.205014749263
2018,HOUGANG,4 ROOM,historical_non_mature,70,75,88,72.91666666666667,3818.3150183150183,3616.940581542352,4096.042857142857
2018,HOUGANG,4 ROOM,historical_non_mature,75,80,82,78.58333333333333,3850.0,3683.907608695652,4137.608695652174
2018,HOUGANG,4 ROOM,historical_non_mature,80,85,34,83.54166666666666,3822.875816993464,3660.2941176470586,4103.086779266162
2018,HOUGANG,4 ROOM,historical_non_mature,85,90,1,85.08333333333333,4000.0,4000.0,4000.0
2018,HOUGANG,4 ROOM,historical_non_mature,95,100,36,95.54166666666666,4629.032258064516,4448.924731182796,4892.4731182795695
2018,HOUGANG,5 ROOM,historical_non_mature,55,60,1,55.916666666666664,3733.3333333333335,3733.3333333333335,3733.3333333333335
2018,HOUGANG,5 ROOM,historical_non_mature,60,65,25,64.16666666666667,4074.074074074074,3760.3305785123966,4751.77304964539
2018,HOUGANG,5 ROOM,historical_non_mature,65,70,61,66.5,3768.595041322314,3541.6666666666665,4262.295081967213
2018,HOUGANG,5 ROOM,historical_non_mature,70,75,30,73.0,4600.928641251222,4296.4132231404965,4838.048651507139
2018,HOUGANG,5 ROOM,historical_non_mature,75,80,67,78.83333333333333,4041.6666666666665,3794.279661016949,4264.851310305856
2018,HOUGANG,5 ROOM,historical_non_mature,80,85,51,83.83333333333333,3922.4137931034484,3772.7272727272725,4086.3636363636365
2018,HOUGANG,5 ROOM,historical_non_mature,85,90,1,85.08333333333333,4181.818181818182,4181.818181818182,4181.818181818182
2018,HOUGANG,EXECUTIVE,historical_non_mature,60,65,2,64.83333333333334,4696.406462226347,4496.838992702577,4895.973931750116
2018,HOUGANG,EXECUTIVE,historical_non_mature,65,70,61,67.08333333333333,4513.513513513513,4249.243243243243,4748.299319727891
2018,HOUGANG,EXECUTIVE,historical_non_mature,70,75,51,73.08333333333333,4650.349650349651,4449.000370233247,4845.34573323
2018,HOUGANG,EXECUTIVE,historical_non_mature,75,80,27,78.16666666666667,4712.230215827338,4410.811776111026,5780.683085030911
2018,HOUGANG,EXECUTIVE,historical_non_mature,80,85,16,80.33333333333333,4452.554744525547,4233.576642335766,4933.9137266828875
2018,JURONG EAST,2 ROOM,historical_non_mature,90,95,8,94.29166666666666,5166.827852998065,4878.030677882236,5540.697674418605
2018,JURONG EAST,2 ROOM,historical_non_mature,95,100,2,95.0,5511.363636363636,5255.681818181818,5767.045454545455
2018,JURONG EAST,3 ROOM,historical_non_mature,45,50,3,47.333333333333336,3373.134328358209,3291.0447761194027,3440.2985074626868
2018,JURONG EAST,3 ROOM,historical_non_mature,55,60,11,58.333333333333336,3378.3783783783783,3219.024219024219,3442.0584968530175
2018,JURONG EAST,3 ROOM,historical_non_mature,60,65,99,63.666666666666664,4044.1176470588234,3814.749780509219,4259.218612818262
2018,JURONG EAST,3 ROOM,historical_non_mature,65,70,27,66.0,3850.7462686567164,3656.716417910448,4121.9241629689395
2018,JURONG EAST,3 ROOM,historical_non_mature,90,95,21,94.25,4968.75,4453.125,5281.25
2018,JURONG EAST,3 ROOM,historical_non_mature,95,100,1,95.0,5156.25,5156.25,5156.25
2018,JURONG EAST,4 ROOM,historical_non_mature,55,60,7,59.166666666666664,3608.2474226804125,3548.9690721649486,3736.9072164948457
2018,JURONG EAST,4 ROOM,historical_non_mature,60,65,45,63.5,4123.809523809524,3808.5106382978724,4390.086956521739
2018,JURONG EAST,4 ROOM,historical_non_mature,65,70,26,65.375,3906.4625850340135,3694.4096461008453,4245.238095238095
2018,JURONG EAST,4 ROOM,historical_non_mature,70,75,1,74.25,5054.945054945055,5054.945054945055,5054.945054945055
2018,JURONG EAST,4 ROOM,historical_non_mature,75,80,25,79.5,4650.485436893204,4405.940594059406,4875.0
2018,JURONG EAST,4 ROOM,historical_non_mature,80,85,9,81.0,4592.233009708738,4222.222222222223,4757.281553398058
2018,JURONG EAST,4 ROOM,historical_non_mature,90,95,22,94.125,5000.0,4695.402298850575,5298.444527736132
2018,JURONG EAST,5 ROOM,historical_non_mature,55,60,7,59.583333333333336,3298.245614035088,3189.524291497976,3365.3846153846152
2018,JURONG EAST,5 ROOM,historical_non_mature,60,65,45,63.25,4132.231404958678,3760.6837606837607,4733.333333333333
2018,JURONG EAST,5 ROOM,historical_non_mature,65,70,24,65.83333333333334,3898.211437685122,3711.3873458880917,4578.036723163842
2018,JURONG EAST,5 ROOM,historical_non_mature,70,75,1,74.0,3792.5925925925926,3792.5925925925926,3792.5925925925926
2018,JURONG EAST,5 ROOM,historical_non_mature,75,80,31,79.5,5166.666666666667,4979.338842975207,5260.330578512397
2018,JURONG EAST,5 ROOM,historical_non_mature,80,85,14,82.41666666666666,4160.854545454546,3916.475972540046,4849.495148177288
2018,JURONG EAST,5 ROOM,historical_non_mature,90,95,9,94.25,4745.762711864407,4516.949152542373,5296.610169491525
2018,JURONG EAST,EXECUTIVE,historical_non_mature,65,70,26,65.83333333333333,3939.221476510067,3825.452716297787,4146.73719772404
2018,JURONG EAST,EXECUTIVE,historical_non_mature,70,75,2,73.66666666666666,4811.978163134232,4767.100192678227,4856.856133590238
2018,JURONG EAST,EXECUTIVE,historical_non_mature,75,80,23,79.41666666666667,5209.79020979021,5131.944444444444,5689.31068931069
2018,JURONG WEST,2 ROOM,historical_non_mature,50,55,1,51.25,3125.0,3125.0,3125.0
2018,JURONG WEST,2 ROOM,historical_non_mature,55,60,4,58.875,4233.558994197292,4132.978723404256,4329.061895551257
2018,JURONG WEST,2 ROOM,historical_non_mature,85,90,3,89.08333333333333,5000.0,4843.75,5271.739130434782
2018,JURONG WEST,2 ROOM,historical_non_mature,90,95,1,94.58333333333333,4680.851063829788,4680.851063829788,4680.851063829788
2018,JURONG WEST,2 ROOM,historical_non_mature,95,100,6,95.08333333333334,4819.148936170212,4787.234042553191,4882.978723404255
2018,JURONG WEST,3 ROOM,historical_non_mature,50,55,33,52.75,3283.582089552239,3157.8947368421054,3388.0597014925374
2018,JURONG WEST,3 ROOM,historical_non_mature,55,60,111,57.166666666666664,3507.6923076923076,3345.701357466063,3644.0677966101694
2018,JURONG WEST,3 ROOM,historical_non_mature,60,65,39,63.916666666666664,4059.7014925373132,3832.9153000192937,4238.805970149253
2018,JURONG WEST,3 ROOM,historical_non_mature,65,70,87,66.0,3729.7297297297296,3553.4246575342468,3921.875
2018,JURONG WEST,3 ROOM,historical_non_mature,70,75,3,70.08333333333333,3767.123287671233,3732.876712328767,3787.6712328767126
2018,JURONG WEST,3 ROOM,historical_non_mature,90,95,21,94.58333333333333,4779.411764705882,4468.941176470588,4850.746268656716
2018,JURONG WEST,3 ROOM,historical_non_mature,95,100,13,95.08333333333333,4588.235294117647,4514.705882352941,4705.882352941177
2018,JURONG WEST,4 ROOM,historical_non_mature,60,65,22,64.5,3541.7269159264615,3112.9253702069236,3841.6075650118205
2018,JURONG WEST,4 ROOM,historical_non_mature,65,70,165,65.75,3174.757281553398,3000.0,3446.6019417475727
2018,JURONG WEST,4 ROOM,historical_non_mature,70,75,74,71.0,3058.252427184466,2980.769230769231,3240.740740740741
2018,JURONG WEST,4 ROOM,historical_non_mature,75,80,100,77.54166666666666,3595.3922315308455,3266.143260409315,3902.777777777778
2018,JURONG WEST,4 ROOM,historical_non_mature,80,85,168,81.95833333333334,4169.433827042523,3836.0507246376815,4477.349806201551
2018,JURONG WEST,4 ROOM,historical_non_mature,85,90,20,88.95833333333334,4015.841813135985,3754.6458625525947,4351.295097132285
2018,JURONG WEST,4 ROOM,historical_non_mature,90,95,37,92.5,4712.765957446809,4408.602150537635,4893.617021276596
2018,JURONG WEST,4 ROOM,historical_non_mature,95,100,24,95.16666666666667,4486.61757830762,4331.521739130435,4606.504207573633
2018,JURONG WEST,5 ROOM,historical_non_mature,55,60,3,57.0,3454.5454545454545,3393.939393939394,3477.272727272727
2018,JURONG WEST,5 ROOM,historical_non_mature,60,65,17,63.083333333333336,4033.898305084746,3517.179856115108,4279.661016949152
2018,JURONG WEST,5 ROOM,historical_non_mature,65,70,51,66.08333333333333,3178.8617886178863,3016.4611841213928,3425.4267486637164
2018,JURONG WEST,5 ROOM,historical_non_mature,70,75,38,71.29166666666666,3117.377049180328,3035.488888888889,3276.929779269394
2018,JURONG WEST,5 ROOM,historical_non_mature,75,80,73,77.25,3458.3333333333335,3039.3700787401576,3750.0
2018,JURONG WEST,5 ROOM,historical_non_mature,80,85,260,82.16666666666667,3990.909090909091,3551.542207792208,4318.181818181818
2018,JURONG WEST,5 ROOM,historical_non_mature,85,90,70,89.0,3986.5231259968104,3829.5454545454545,4240.145454545454
2018,JURONG WEST,5 ROOM,historical_non_mature,90,95,4,91.79166666666667,4799.107142857143,4765.625,4866.071428571428
2018,JURONG WEST,5 ROOM,historical_non_mature,95,100,5,95.08333333333333,4178.571428571428,4062.5,4464.285714285715
2018,JURONG WEST,EXECUTIVE,historical_non_mature,65,70,27,66.08333333333333,3466.6666666666665,3321.264367816092,3719.4292194292193
2018,JURONG WEST,EXECUTIVE,historical_non_mature,70,75,19,73.83333333333333,3506.4935064935066,3384.3946686412437,3695.197420029635
2018,JURONG WEST,EXECUTIVE,historical_non_mature,75,80,32,77.5,3885.003885003885,3567.660125879304,4226.2023690595115
2018,JURONG WEST,EXECUTIVE,historical_non_mature,80,85,91,81.83333333333333,4223.076923076923,3996.153846153846,4384.615384615385
2018,KALLANG/WHAMPOA,2 ROOM,historical_mature,50,55,5,50.666666666666664,4900.0,4500.0,5000.0
2018,KALLANG/WHAMPOA,2 ROOM,historical_mature,60,65,1,60.25,5833.333333333333,5833.333333333333,5833.333333333333
2018,KALLANG/WHAMPOA,2 ROOM,historical_mature,65,70,3,67.25,5044.444444444444,4822.222222222223,5077.777777777777
2018,KALLANG/WHAMPOA,3 ROOM,historical_mature,45,50,5,49.583333333333336,5250.0,5216.666666666667,5250.0
2018,KALLANG/WHAMPOA,3 ROOM,historical_mature,50,55,132,53.625,4161.538461538462,3893.7762605042017,4647.058823529412
2018,KALLANG/WHAMPOA,3 ROOM,historical_mature,55,60,59,55.916666666666664,4696.969696969697,4395.697522816166,5161.764705882353
2018,KALLANG/WHAMPOA,3 ROOM,historical_mature,60,65,65,61.666666666666664,5133.333333333333,4538.461538461538,5530.30303030303
2018,KALLANG/WHAMPOA,3 ROOM,historical_mature,65,70,16,65.45833333333334,5184.388965942364,4944.935516591798,5341.517857142857
2018,KALLANG/WHAMPOA,3 ROOM,historical_mature,80,85,4,84.79166666666666,7758.064516129032,7520.1612903225805,7798.387096774193
2018,KALLANG/WHAMPOA,3 ROOM,historical_mature,85,90,2,85.125,7298.387096774193,7157.258064516129,7439.5161290322585
2018,KALLANG/WHAMPOA,3 ROOM,historical_mature,90,95,9,92.75,7940.298507462687,6956.521739130435,8115.942028985507
2018,KALLANG/WHAMPOA,4 ROOM,historical_mature,50,55,12,54.625,4384.615384615385,4258.241758241757,4607.142857142857
2018,KALLANG/WHAMPOA,4 ROOM,historical_mature,55,60,23,56.5,4891.304347826087,4664.634146341464,5106.430155210643
2018,KALLANG/WHAMPOA,4 ROOM,historical_mature,60,65,32,62.54166666666667,5082.417582417582,4733.75402792696,5422.222222222223
2018,KALLANG/WHAMPOA,4 ROOM,historical_mature,65,70,25,67.58333333333333,5109.89010989011,4807.692307692308,5593.406593406594
2018,KALLANG/WHAMPOA,4 ROOM,historical_mature,70,75,2,70.20833333333334,5157.30589503954,5125.381919482386,5189.229870596693
2018,KALLANG/WHAMPOA,4 ROOM,historical_mature,75,80,21,78.16666666666667,5775.7009345794395,5400.0,5891.089108910891
2018,KALLANG/WHAMPOA,4 ROOM,historical_mature,80,85,23,84.5,6777.777777777777,5492.81045751634,7622.80701754386
2018,KALLANG/WHAMPOA,4 ROOM,historical_mature,85,90,38,87.08333333333333,7406.432748538012,6924.999999999999,7777.777777777777
2018,KALLANG/WHAMPOA,4 ROOM,historical_mature,90,95,26,92.625,8160.112359550561,7541.279921836835,8817.917133258677
2018,KALLANG/WHAMPOA,5 ROOM,historical_mature,50,55,1,54.583333333333336,4940.17094017094,4940.17094017094,4940.17094017094
2018,KALLANG/WHAMPOA,5 ROOM,historical_mature,55,60,15,55.583333333333336,5128.205128205128,4937.5,5328.497525865947
2018,KALLANG/WHAMPOA,5 ROOM,historical_mature,60,65,14,63.29166666666667,5268.115942028986,5113.896449338117,5485.377882745207
2018,KALLANG/WHAMPOA,5 ROOM,historical_mature,65,70,7,66.83333333333333,5733.333333333333,5445.289256198347,5855.5979643765895
2018,KALLANG/WHAMPOA,5 ROOM,historical_mature,70,75,7,74.66666666666667,4694.656488549618,4650.242886884108,4829.545454545454
2018,KALLANG/WHAMPOA,5 ROOM,historical_mature,75,80,18,78.04166666666666,5229.166666666666,4906.667236272499,5905.648549742477
2018,KALLANG/WHAMPOA,5 ROOM,historical_mature,80,85,8,83.45833333333333,6403.044496487119,6134.465261514441,7150.437864887406
2018,KALLANG/WHAMPOA,5 ROOM,historical_mature,85,90,12,87.16666666666667,7250.0,6974.545454545454,7590.90909090909
2018,KALLANG/WHAMPOA,5 ROOM,historical_mature,90,95,28,91.66666666666667,8401.869158878504,7843.346594138183,9083.014138509465
2018,KALLANG/WHAMPOA,EXECUTIVE,historical_mature,60,65,1,64.91666666666667,4864.864864864865,4864.864864864865,4864.864864864865
2018,KALLANG/WHAMPOA,EXECUTIVE,historical_mature,65,70,9,65.66666666666667,4986.666666666667,4832.214765100671,5319.444444444444
2018,KALLANG/WHAMPOA,EXECUTIVE,historical_mature,75,80,3,75.83333333333333,5700.680272108843,5607.189451122915,6103.764793588669
2018,MARINE PARADE,2 ROOM,historical_mature,55,60,1,55.916666666666664,4285.714285714285,4285.714285714285,4285.714285714285
2018,MARINE PARADE,3 ROOM,historical_mature,55,60,65,56.0,5769.2307692307695,5384.615384615385,6250.0
2018,MARINE PARADE,4 ROOM,historical_mature,55,60,38,55.875,6022.727272727273,5681.818181818182,6373.668348752452
2018,MARINE PARADE,5 ROOM,historical_mature,55,60,36,56.0,6833.333333333333,6457.03125,7254.320491803279
2018,PASIR RIS,3 ROOM,historical_mature,60,65,7,62.0,4459.459459459459,4204.545454545454,4473.654454997739
2018,PASIR RIS,4 ROOM,historical_mature,65,70,25,69.75,3857.1428571428573,3689.3203883495144,4126.21359223301
2018,PASIR RIS,4 ROOM,historical_mature,70,75,130,71.0,3857.1428571428573,3689.887487523818,4018.809041835357
2018,PASIR RIS,4 ROOM,historical_mature,75,80,71,76.75,3798.076923076923,3676.2085391672545,3981.216931216931
2018,PASIR RIS,5 ROOM,historical_mature,65,70,10,69.54166666666667,3844.2622950819673,3743.169398907104,4028.9550846328134
2018,PASIR RIS,5 ROOM,historical_mature,70,75,95,74.08333333333333,3755.7251908396947,3565.5737704918033,3971.444755431161
2018,PASIR RIS,5 ROOM,historical_mature,75,80,88,76.91666666666667,3809.5238095238096,3593.75,3983.2089552238804
2018,PASIR RIS,EXECUTIVE,historical_mature,65,70,11,69.33333333333333,4025.974025974026,3932.094051043236,4225.369681574888
2018,PASIR RIS,EXECUTIVE,historical_mature,70,75,107,73.83333333333333,4212.328767123287,3820.5298013245033,4719.417906037625
2018,PASIR RIS,EXECUTIVE,historical_mature,75,80,81,76.08333333333333,4195.804195804196,3947.3618421052633,4482.758620689655
2018,PUNGGOL,2 ROOM,historical_non_mature,90,95,13,94.41666666666667,5531.914893617021,5360.0,5577.76
2018,PUNGGOL,2 ROOM,historical_non_mature,95,100,14,95.29166666666666,5600.95652173913,5434.782608695652,5701.08695652174
2018,PUNGGOL,3 ROOM,historical_non_mature,90,95,69,94.16666666666667,5072.463768115942,4855.072463768116,5373.134328358209
2018,PUNGGOL,3 ROOM,historical_non_mature,95,100,56,95.25,5134.328358208955,4959.6041531473065,5414.179104477612
2018,PUNGGOL,4 ROOM,historical_non_mature,80,85,57,84.16666666666667,4055.5555555555557,3882.3529411764707,4285.714285714285
2018,PUNGGOL,4 ROOM,historical_non_mature,85,90,71,88.25,4217.391304347826,4010.989010989011,4439.613526570049
2018,PUNGGOL,4 ROOM,historical_non_mature,90,95,573,93.83333333333333,4870.967741935484,4615.829787234043,5301.075268817204
2018,PUNGGOL,4 ROOM,historical_non_mature,95,100,157,95.16666666666667,4967.391304347826,4617.021276595745,5239.130434782609
2018,PUNGGOL,5 ROOM,historical_non_mature,80,85,235,84.08333333333333,3812.5,3681.818181818182,3954.5454545454545
2018,PUNGGOL,5 ROOM,historical_non_mature,85,90,101,85.41666666666667,3863.6363636363635,3728.0701754385964,3973.684210526316
2018,PUNGGOL,5 ROOM,historical_non_mature,90,95,85,94.0,5387.931034482759,4866.071428571428,5766.275862068966
2018,PUNGGOL,5 ROOM,historical_non_mature,95,100,56,95.33333333333333,5152.5785779676535,4821.428571428572,5408.047566371681
2018,PUNGGOL,EXECUTIVE,historical_non_mature,80,85,45,84.33333333333333,4215.384615384615,4046.875,4330.7692307692305
2018,PUNGGOL,EXECUTIVE,historical_non_mature,85,90,5,85.08333333333333,4375.0,4342.875,4398.4375
2018,QUEENSTOWN,2 ROOM,historical_mature,45,50,10,47.66666666666667,4304.347826086957,4157.579787234043,4538.04347826087
2018,QUEENSTOWN,2 ROOM,historical_mature,50,55,1,51.5,4042.553191489362,4042.553191489362,4042.553191489362
2018,QUEENSTOWN,2 ROOM,historical_mature,90,95,4,93.70833333333333,7659.574468085107,7393.6170212765965,7765.957446808511
2018,QUEENSTOWN,2 ROOM,historical_mature,95,100,1,95.58333333333333,7872.340425531915,7872.340425531915,7872.340425531915
2018,QUEENSTOWN,3 ROOM,historical_mature,45,50,48,47.583333333333336,4666.666666666667,4483.333333333333,5000.0
2018,QUEENSTOWN,3 ROOM,historical_mature,50,55,91,51.25,5000.0,4571.186440677966,5415.384615384615
2018,QUEENSTOWN,3 ROOM,historical_mature,55,60,82,56.666666666666664,5292.307692307692,4911.69028340081,5726.923076923076
2018,QUEENSTOWN,3 ROOM,historical_mature,60,65,3,60.666666666666664,5447.761194029851,5395.522388059702,5492.5373134328365
2018,QUEENSTOWN,3 ROOM,historical_mature,85,90,9,89.08333333333333,8633.333333333334,8333.333333333334,8800.0
2018,QUEENSTOWN,3 ROOM,historical_mature,90,95,36,93.08333333333333,8007.246376811594,7164.285714285714,8600.746268656716
2018,QUEENSTOWN,3 ROOM,historical_mature,95,100,19,95.5,8698.412698412698,8000.0,9095.238095238095
2018,QUEENSTOWN,4 ROOM,historical_mature,45,50,1,49.166666666666664,8580.0,8580.0,8580.0
2018,QUEENSTOWN,4 ROOM,historical_mature,50,55,13,54.583333333333336,5178.571428571428,4964.285714285715,5813.953488372093
2018,QUEENSTOWN,4 ROOM,historical_mature,55,60,22,55.416666666666664,6059.841179807147,5217.532467532468,6381.374722838136
2018,QUEENSTOWN,4 ROOM,historical_mature,75,80,19,77.5,6826.666666666667,6240.928882438317,7235.576923076924
2018,QUEENSTOWN,4 ROOM,historical_mature,80,85,32,82.75,6847.368421052632,6554.578947368421,7031.578947368421
2018,QUEENSTOWN,4 ROOM,historical_mature,85,90,46,88.79166666666666,8325.484967320263,8000.0,8611.111111111111
2018,QUEENSTOWN,4 ROOM,historical_mature,90,95,74,93.20833333333334,8142.4731182795695,7758.43179377014,8500.0
2018,QUEENSTOWN,4 ROOM,historical_mature,95,100,12,95.66666666666666,8661.290322580644,8319.326542161856,8929.343841642229
2018,QUEENSTOWN,5 ROOM,historical_mature,50,55,1,50.916666666666664,4416.666666666667,4416.666666666667,4416.666666666667
2018,QUEENSTOWN,5 ROOM,historical_mature,55,60,27,57.083333333333336,5982.9059829059825,5709.738799515655,6752.136752136752
2018,QUEENSTOWN,5 ROOM,historical_mature,70,75,1,74.08333333333333,6384.615384615385,6384.615384615385,6384.615384615385
2018,QUEENSTOWN,5 ROOM,historical_mature,75,80,11,78.08333333333333,7408.0,7022.912047302291,7883.064516129032
2018,QUEENSTOWN,5 ROOM,historical_mature,80,85,16,83.08333333333333,7198.198198198198,6975.348075348076,7487.8727272727265
2018,QUEENSTOWN,5 ROOM,historical_mature,85,90,9,88.91666666666667,8326.254545454545,7955.454545454545,8636.363636363636
2018,QUEENSTOWN,5 ROOM,historical_mature,90,95,20,93.16666666666666,8192.117894105295,7341.223738626964,8429.203539823007
2018,QUEENSTOWN,5 ROOM,historical_mature,95,100,3,95.75,8874.25641025641,8873.02564102564,9033.61943319838
2018,QUEENSTOWN,EXECUTIVE,historical_mature,75,80,10,76.375,6732.876712328767,6645.016532829476,7173.648648648648
2018,SEMBAWANG,2 ROOM,historical_non_mature,90,95,3,91.5,5375.0,5375.0,5375.0
2018,SEMBAWANG,2 ROOM,historical_non_mature,95,100,1,95.41666666666667,5217.391304347826,5217.391304347826,5217.391304347826
2018,SEMBAWANG,3 ROOM,historical_non_mature,95,100,5,95.5,4223.880597014925,4179.104477611941,4373.134328358209
2018,SEMBAWANG,4 ROOM,historical_non_mature,75,80,33,79.58333333333333,3380.0,3280.0,3482.285714285714
2018,SEMBAWANG,4 ROOM,historical_non_mature,80,85,180,81.91666666666667,3558.017135862913,3388.8888888888887,3758.7719298245615
2018,SEMBAWANG,4 ROOM,historical_non_mature,85,90,23,85.25,3800.0,3756.704980842912,3896.0573476702507
2018,SEMBAWANG,4 ROOM,historical_non_mature,90,95,18,91.33333333333333,3611.1063829787236,3563.8297872340427,3753.697695035461
2018,SEMBAWANG,4 ROOM,historical_non_mature,95,100,8,95.5,3967.391304347826,3877.7173913043475,4005.4347826086955
2018,SEMBAWANG,5 ROOM,historical_non_mature,75,80,26,79.66666666666667,3497.9338842975208,3194.69696969697,3707.3821297927107
2018,SEMBAWANG,5 ROOM,historical_non_mature,80,85,177,82.08333333333333,3477.2727272727275,3318.181818181818,3675.675675675676
2018,SEMBAWANG,5 ROOM,historical_non_mature,85,90,20,85.20833333333334,3339.3939393939395,3206.818181818182,3435.1965601965603
2018,SEMBAWANG,EXECUTIVE,historical_non_mature,75,80,15,79.5,3794.326241134752,3575.172090112641,3840.3361344537816
2018,SEMBAWANG,EXECUTIVE,historical_non_mature,80,85,77,82.08333333333333,3561.5384615384614,3372.2627737226276,3778.625954198473
2018,SENGKANG,2 ROOM,historical_non_mature,85,90,2,87.79166666666667,5393.939393939394,5363.636363636364,5424.242424242424
2018,SENGKANG,2 ROOM,historical_non_mature,90,95,25,94.25,5270.833333333333,5000.0,5489.36170212766
2018,SENGKANG,2 ROOM,historical_non_mature,95,100,13,95.5,5063.829787234043,4787.234042553191,5319.148936170212
2018,SENGKANG,3 ROOM,historical_non_mature,85,90,2,88.25,3852.615005476451,3772.8984118291346,3932.331599123768
2018,SENGKANG,3 ROOM,historical_non_mature,90,95,48,93.83333333333333,5074.626865671642,4780.986372485399,5218.89552238806
2018,SENGKANG,3 ROOM,historical_non_mature,95,100,61,95.58333333333333,4776.119402985075,4626.865671641791,5223.880597014925
2018,SENGKANG,4 ROOM,historical_non_mature,75,80,38,79.66666666666667,3733.077669902913,3600.0,3899.7191011235955
2018,SENGKANG,4 ROOM,historical_non_mature,80,85,208,82.16666666666667,3938.6733416770962,3725.4901960784314,4158.025013027618
2018,SENGKANG,4 ROOM,historical_non_mature,85,90,102,86.70833333333334,4862.922705314009,4175.824175824176,5552.536231884058
2018,SENGKANG,4 ROOM,historical_non_mature,90,95,282,93.41666666666667,4536.365610073817,4303.6901595744675,4784.94623655914
2018,SENGKANG,4 ROOM,historical_non_mature,95,100,150,95.41666666666667,4456.521739130435,4086.021505376344,4698.369565217391
2018,SENGKANG,5 ROOM,historical_non_mature,75,80,26,79.75,3601.6873278236917,3442.622950819672,3716.3395316804413
2018,SENGKANG,5 ROOM,historical_non_mature,80,85,431,82.33333333333333,3837.837837837838,3607.6265146115466,4118.181818181818
2018,SENGKANG,5 ROOM,historical_non_mature,85,90,59,85.66666666666667,4065.217391304348,3858.581818181818,4223.389844389845
2018,SENGKANG,5 ROOM,historical_non_mature,90,95,18,93.5,4580.155367231639,4521.28434013082,4729.130434782609
2018,SENGKANG,5 ROOM,historical_non_mature,95,100,31,95.75,4864.864864864865,4730.164092664092,5000.0
2018,SENGKANG,EXECUTIVE,historical_non_mature,75,80,19,79.58333333333333,4000.0,3932.370820668693,4214.285714285714
2018,SENGKANG,EXECUTIVE,historical_non_mature,80,85,126,82.08333333333333,4239.4029850746265,4003.846153846154,4522.307692307692
2018,SERANGOON,2 ROOM,historical_mature,55,60,4,58.91666666666667,4816.681818181818,4579.545454545454,5088.659090909091
2018,SERANGOON,3 ROOM,historical_mature,55,60,17,58.916666666666664,4921.875,4520.54794520548,5281.25
2018,SERANGOON,3 ROOM,historical_mature,60,65,7,63.916666666666664,4765.625,4395.833333333334,4945.3125
2018,SERANGOON,3 ROOM,historical_mature,65,70,64,65.91666666666667,4531.982942430704,4194.0298507462685,5281.25
2018,SERANGOON,4 ROOM,historical_mature,55,60,2,58.625,4683.673469387755,4586.734693877551,4780.612244897959
2018,SERANGOON,4 ROOM,historical_mature,60,65,3,64.66666666666667,5109.89010989011,5081.8267753751625,5412.087912087913
2018,SERANGOON,4 ROOM,historical_mature,65,70,140,66.41666666666667,5106.9549302219175,4070.388349514563,5859.203296703297
2018,SERANGOON,4 ROOM,historical_mature,70,75,27,72.91666666666667,3846.153846153846,3689.3203883495144,4061.40350877193
2018,SERANGOON,4 ROOM,historical_mature,75,80,16,78.125,4040.0,3699.4117647058824,4194.72
2018,SERANGOON,4 ROOM,historical_mature,80,85,1,80.25,6450.0,6450.0,6450.0
2018,SERANGOON,5 ROOM,historical_mature,65,70,29,66.25,5200.0,4033.0578512396696,5537.190082644628
2018,SERANGOON,5 ROOM,historical_mature,70,75,34,73.41666666666667,4024.32575356954,3875.330512956108,4176.229508196721
2018,SERANGOON,5 ROOM,historical_mature,75,80,29,78.33333333333333,4285.714285714285,3966.6666666666665,4458.333333333333
2018,SERANGOON,5 ROOM,historical_mature,80,85,2,80.25,6086.95652173913,5739.130434782608,6434.782608695652
2018,SERANGOON,EXECUTIVE,historical_mature,65,70,30,66.58333333333334,5597.315436241611,4505.861822086988,5885.929024547209
2018,SERANGOON,EXECUTIVE,historical_mature,70,75,45,73.33333333333333,4589.041095890411,4409.395973154363,4897.959183673469
2018,SERANGOON,EXECUTIVE,historical_mature,75,80,10,78.875,6610.714285714286,6470.554711246201,6782.142857142857
2018,TAMPINES,2 ROOM,historical_mature,90,95,13,94.5,5844.444444444444,5777.777777777777,5978.260869565217
2018,TAMPINES,3 ROOM,historical_mature,60,65,61,64.58333333333333,4397.260273972603,4260.273972602739,4600.0
2018,TAMPINES,3 ROOM,historical_mature,65,70,193,65.91666666666667,4594.594594594595,4411.764705882353,4776.119402985075
2018,TAMPINES,3 ROOM,historical_mature,70,75,1,74.25,4864.864864864865,4864.864864864865,4864.864864864865
2018,TAMPINES,3 ROOM,historical_mature,90,95,9,94.5,5671.641791044776,5597.014925373134,5820.895522388059
2018,TAMPINES,3 ROOM,historical_mature,95,100,1,95.08333333333333,5477.611940298508,5477.611940298508,5477.611940298508
2018,TAMPINES,4 ROOM,historical_mature,60,65,45,64.58333333333333,4171.171171171171,3956.521739130435,4403.846153846154
2018,TAMPINES,4 ROOM,historical_mature,65,70,267,66.25,4380.952380952381,4113.767074047448,4613.517550410754
2018,TAMPINES,4 ROOM,historical_mature,70,75,34,73.70833333333334,4095.7875457875457,3952.3809523809523,4277.031930333817
2018,TAMPINES,4 ROOM,historical_mature,75,80,134,77.41666666666667,4108.910891089109,3785.0467289719627,4375.909090909091
2018,TAMPINES,4 ROOM,historical_mature,85,90,2,89.33333333333334,6521.739130434783,6521.739130434783,6521.739130434783
2018,TAMPINES,4 ROOM,historical_mature,90,95,6,91.875,6425.531914893617,6390.95744680851,6755.319148936171
2018,TAMPINES,5 ROOM,historical_mature,60,65,8,64.45833333333334,4210.526315789473,3981.2450903377844,4332.734822129952
2018,TAMPINES,5 ROOM,historical_mature,65,70,174,68.5,4302.802134959969,4049.586776859504,4592.561983471074
2018,TAMPINES,5 ROOM,historical_mature,70,75,65,74.16666666666667,4064.875912408759,3849.2063492063494,4240.0
2018,TAMPINES,5 ROOM,historical_mature,75,80,124,77.58333333333333,4279.9539170506905,4043.0253623188405,4636.324041811847
2018,TAMPINES,5 ROOM,historical_mature,85,90,15,89.58333333333333,6699.887850467289,6574.5204131824885,7248.853211009175
2018,TAMPINES,5 ROOM,historical_mature,90,95,20,91.83333333333333,6663.21155480034,6486.486486486487,6827.3407753547945
2018,TAMPINES,EXECUTIVE,historical_mature,60,65,4,64.75,5168.949771689498,5150.0,5178.424657534247
2018,TAMPINES,EXECUTIVE,historical_mature,65,70,104,66.66666666666667,4727.878563495002,4391.943042537851,5144.406392694064
2018,TAMPINES,EXECUTIVE,historical_mature,70,75,27,74.16666666666667,4475.524475524476,4292.92127698168,4678.706570347437
2018,TAMPINES,EXECUTIVE,historical_mature,75,80,55,76.75,4489.7959183673465,4232.149515287099,4679.421768707483
2018,TAMPINES,MULTI-GENERATION,historical_mature,65,70,6,67.91666666666667,5226.907630522088,5120.481927710844,5753.787878787879
2018,TOA PAYOH,2 ROOM,historical_mature,45,50,11,48.083333333333336,4550.0,4334.038054968288,4825.581395348838
2018,TOA PAYOH,2 ROOM,historical_mature,50,55,3,52.75,5487.804878048781,5268.292682926829,5521.680216802168
2018,TOA PAYOH,2 ROOM,historical_mature,60,65,1,64.5,4883.720930232558,4883.720930232558,4883.720930232558
2018,TOA PAYOH,3 ROOM,historical_mature,45,50,50,48.45833333333333,4130.503978779841,3797.0807726075504,4340.7102418939785
2018,TOA PAYOH,3 ROOM,historical_mature,50,55,180,51.41666666666667,3965.813598166539,3610.4703753957483,4386.946386946387
2018,TOA PAYOH,3 ROOM,historical_mature,55,60,12,57.29166666666667,3799.992307692308,3596.153846153846,4019.2307692307695
2018,TOA PAYOH,3 ROOM,historical_mature,60,65,27,63.75,4716.216216216216,4554.212454212455,5121.621621621622
2018,TOA PAYOH,3 ROOM,historical_mature,65,70,22,65.25,5088.733311624877,4626.865671641791,5389.874949576442
2018,TOA PAYOH,3 ROOM,historical_mature,90,95,8,92.875,8714.285714285714,8357.142857142859,8964.285714285716
2018,TOA PAYOH,4 ROOM,historical_mature,50,55,19,54.333333333333336,4632.183908045977,4344.401873137505,5089.285714285714
2018,TOA PAYOH,4 ROOM,historical_mature,55,60,25,56.916666666666664,4207.317073170731,3902.439024390244,4621.951219512195
2018,TOA PAYOH,4 ROOM,historical_mature,60,65,9,64.66666666666667,4223.300970873786,4097.0873786407765,4509.803921568628
2018,TOA PAYOH,4 ROOM,historical_mature,65,70,23,65.41666666666667,4655.913978494624,4275.578790141897,5048.543689320389
2018,TOA PAYOH,4 ROOM,historical_mature,70,75,4,71.75,4896.321780496092,4392.361111111111,5416.063867325335
2018,TOA PAYOH,4 ROOM,historical_mature,75,80,41,78.41666666666667,5788.88,5396.039603960396,6214.953271028037
2018,TOA PAYOH,4 ROOM,historical_mature,80,85,23,81.91666666666667,6755.555555555556,6268.611111111111,7175.581395348838
2018,TOA PAYOH,4 ROOM,historical_mature,85,90,38,89.54166666666666,8131.868131868132,7249.6923076923085,8532.051282051281
2018,TOA PAYOH,4 ROOM,historical_mature,90,95,47,92.83333333333333,8307.692307692309,8120.879120879121,8791.208791208792
2018,TOA PAYOH,5 ROOM,historical_mature,50,55,1,53.333333333333336,4900.0,4900.0,4900.0
2018,TOA PAYOH,5 ROOM,historical_mature,55,60,13,57.083333333333336,4487.179487179487,4385.964912280701,4666.666666666667
2018,TOA PAYOH,5 ROOM,historical_mature,60,65,12,64.33333333333334,4681.526269044203,4431.818181818182,4814.2276422764235
2018,TOA PAYOH,5 ROOM,historical_mature,65,70,8,66.16666666666666,5207.728065210007,4690.760059612519,6003.750493485984
2018,TOA PAYOH,5 ROOM,historical_mature,70,75,6,73.58333333333333,5382.555236728838,5257.35294117647,5605.463414634146
2018,TOA PAYOH,5 ROOM,historical_mature,75,80,32,78.16666666666667,6493.358633776092,5977.083333333333,6790.30902683654
2018,TOA PAYOH,5 ROOM,historical_mature,80,85,18,82.20833333333334,7070.044709388972,6852.083333333333,7469.262295081968
2018,TOA PAYOH,5 ROOM,historical_mature,85,90,5,86.83333333333333,8272.727272727272,8181.818181818182,8307.272727272728
2018,TOA PAYOH,5 ROOM,historical_mature,90,95,76,92.91666666666667,7964.601769911505,7629.927594529364,8419.3657219973
2018,TOA PAYOH,EXECUTIVE,historical_mature,60,65,1,64.58333333333333,5372.670807453416,5372.670807453416,5372.670807453416
2018,TOA PAYOH,EXECUTIVE,historical_mature,65,70,9,67.08333333333333,5136.986301369863,5068.493150684932,5191.780821917808
2018,TOA PAYOH,EXECUTIVE,historical_mature,70,75,4,73.70833333333333,6006.896551724138,5921.232876712329,6036.206896551725
2018,TOA PAYOH,EXECUTIVE,historical_mature,75,80,1,75.58333333333333,5657.534246575343,5657.534246575343,5657.534246575343
2018,WOODLANDS,2 ROOM,historical_non_mature,65,70,3,65.83333333333333,4222.222222222223,4111.111111111111,4333.333333333334
2018,WOODLANDS,3 ROOM,historical_non_mature,50,55,7,54.666666666666664,3276.923076923077,3192.3076923076924,3538.461538461538
2018,WOODLANDS,3 ROOM,historical_non_mature,55,60,44,56.58333333333333,3384.6153846153848,3167.8983417447726,3515.3846153846152
2018,WOODLANDS,3 ROOM,historical_non_mature,60,65,21,61.75,3310.810810810811,3205.8823529411766,3382.3529411764707
2018,WOODLANDS,3 ROOM,historical_non_mature,65,70,35,65.66666666666667,3808.219178082192,3698.6301369863013,3929.1244788564622
2018,WOODLANDS,3 ROOM,historical_non_mature,70,75,39,73.66666666666667,3767.123287671233,3582.1917808219177,3835.6164383561645
2018,WOODLANDS,3 ROOM,historical_non_mature,75,80,7,75.75,3602.9411764705883,3492.5373134328356,3826.086956521739
2018,WOODLANDS,3 ROOM,historical_non_mature,90,95,25,94.5,4626.865671641791,4522.388059701492,4746.268656716418
2018,WOODLANDS,3 ROOM,historical_non_mature,95,100,28,95.5,4738.805970149254,4671.641791044776,4858.20895522388
2018,WOODLANDS,4 ROOM,historical_non_mature,50,55,1,54.583333333333336,2500.0,2500.0,2500.0
2018,WOODLANDS,4 ROOM,historical_non_mature,55,60,27,57.583333333333336,2777.777777777778,2621.251171508903,2889.613526570048
2018,WOODLANDS,4 ROOM,historical_non_mature,60,65,15,61.0,2891.2688172043013,2793.9560439560437,2961.5384615384614
2018,WOODLANDS,4 ROOM,historical_non_mature,65,70,77,66.83333333333333,3419.3548387096776,3277.777777777778,3571.4285714285716
2018,WOODLANDS,4 ROOM,historical_non_mature,70,75,43,73.91666666666667,3398.0582524271845,3285.9994555847925,3531.567683253076
2018,WOODLANDS,4 ROOM,historical_non_mature,75,80,393,78.33333333333333,3264.705882352941,3117.6470588235293,3406.5934065934066
2018,WOODLANDS,4 ROOM,historical_non_mature,80,85,150,81.33333333333333,3557.915921288014,3370.196629213483,3762.9555555555553
2018,WOODLANDS,4 ROOM,historical_non_mature,85,90,1,85.0,3777.777777777778,3777.777777777778,3777.777777777778
2018,WOODLANDS,4 ROOM,historical_non_mature,90,95,64,94.08333333333333,4239.130434782609,4010.9280037400654,4436.000935016363
2018,WOODLANDS,4 ROOM,historical_non_mature,95,100,38,95.5,4565.217391304348,4421.195652173913,4668.478260869566
2018,WOODLANDS,5 ROOM,historical_non_mature,55,60,12,57.79166666666667,2757.936507936508,2605.3113553113553,2890.979072247401
2018,WOODLANDS,5 ROOM,historical_non_mature,60,65,4,61.75,3241.5254237288136,2966.101694915254,3569.915254237288
2018,WOODLANDS,5 ROOM,historical_non_mature,65,70,15,66.5,3181.818181818182,2905.619834710744,3456.848665492481
2018,WOODLANDS,5 ROOM,historical_non_mature,70,75,13,73.66666666666667,3284.6715328467153,3219.6969696969695,3425.196850393701
2018,WOODLANDS,5 ROOM,historical_non_mature,75,80,224,78.25,3331.5225806451613,3149.51815724527,3495.8845662836793
2018,WOODLANDS,5 ROOM,historical_non_mature,80,85,178,81.58333333333333,3459.6014492753625,3325.81981981982,3614.035087719298
2018,WOODLANDS,5 ROOM,historical_non_mature,85,90,6,85.08333333333333,3400.0,3355.4545454545455,3484.090909090909
2018,WOODLANDS,5 ROOM,historical_non_mature,90,95,19,94.25,4267.857142857143,4160.714285714286,4312.5
2018,WOODLANDS,EXECUTIVE,historical_non_mature,65,70,18,69.20833333333334,3642.384105960265,3456.069128186519,3792.8082191780823
2018,WOODLANDS,EXECUTIVE,historical_non_mature,70,75,17,74.16666666666667,3843.5374149659865,3698.6301369863013,4088.8888888888887
2018,WOODLANDS,EXECUTIVE,historical_non_mature,75,80,107,76.66666666666667,3841.0596026490066,3664.9625399164825,3972.5423728813557
2018,WOODLANDS,EXECUTIVE,historical_non_mature,80,85,32,81.08333333333333,3724.2975475069024,3540.6695804195806,3970.0070380596608
2018,YISHUN,2 ROOM,historical_non_mature,80,85,3,81.66666666666667,5000.0,4937.5,5175.0
2018,YISHUN,2 ROOM,historical_non_mature,90,95,5,94.08333333333333,4791.666666666667,4750.0,4791.666666666667
2018,YISHUN,3 ROOM,historical_non_mature,55,60,8,58.70833333333333,3585.601404741001,3345.588235294117,3690.188762071993
2018,YISHUN,3 ROOM,historical_non_mature,60,65,56,64.41666666666667,3636.3636363636365,3519.922496025437,3824.3543758967
2018,YISHUN,3 ROOM,historical_non_mature,65,70,310,66.5,3880.597014925373,3671.875,4115.63255439162
2018,YISHUN,3 ROOM,historical_non_mature,70,75,5,70.5,3640.625,3595.890410958904,3736.986301369863
2018,YISHUN,3 ROOM,historical_non_mature,90,95,16,93.95833333333334,4611.940298507463,4435.313432835821,4720.149253731343
2018,YISHUN,4 ROOM,historical_non_mature,55,60,1,59.083333333333336,3222.222222222222,3222.222222222222,3222.222222222222
2018,YISHUN,4 ROOM,historical_non_mature,60,65,25,63.916666666666664,3244.68085106383,3191.4893617021276,3387.0967741935483
2018,YISHUN,4 ROOM,historical_non_mature,65,70,420,67.75,3523.809523809524,3307.5991678224686,3785.714285714286
2018,YISHUN,4 ROOM,historical_non_mature,70,75,21,73.16666666666667,3298.076923076923,3028.846153846154,3571.4285714285716
2018,YISHUN,4 ROOM,historical_non_mature,75,80,2,75.91666666666666,3383.5978835978835,3334.6560846560847,3432.5396825396824
2018,YISHUN,4 ROOM,historical_non_mature,80,85,11,81.75,3911.1111111111113,3752.747252747253,4274.725274725275
2018,YISHUN,4 ROOM,historical_non_mature,90,95,144,93.41666666666667,4086.021505376344,3924.7311827956987,4301.075268817204
2018,YISHUN,4 ROOM,historical_non_mature,95,100,4,95.375,4363.521739130435,4255.434782608696,4436.282608695652
2018,YISHUN,5 ROOM,historical_non_mature,60,65,2,64.16666666666667,3243.801652892562,3192.148760330578,3295.4545454545455
2018,YISHUN,5 ROOM,historical_non_mature,65,70,142,67.91666666666667,3610.9709962168977,3344.8108945398217,3850.0880639479747
2018,YISHUN,5 ROOM,historical_non_mature,70,75,8,73.29166666666666,3700.6079027355627,3480.5948832588174,3995.585972576144
2018,YISHUN,5 ROOM,historical_non_mature,75,80,3,75.75,3466.6666666666665,3263.1840796019897,3554.471544715447
2018,YISHUN,5 ROOM,historical_non_mature,80,85,11,81.58333333333333,4189.189189189189,3870.535714285714,4337.837837837838
2018,YISHUN,5 ROOM,historical_non_mature,90,95,5,93.83333333333333,6205.357142857143,6142.857142857143,6339.285714285715
2018,YISHUN,5 ROOM,historical_non_mature,95,100,9,95.41666666666667,4419.642857142857,4285.714285714285,4464.285714285715
2018,YISHUN,EXECUTIVE,historical_non_mature,65,70,54,68.75,3797.848052074225,3623.051487954653,4073.6542542928805
2018,YISHUN,EXECUTIVE,historical_non_mature,70,75,12,72.91666666666666,4307.7078560840855,3949.089923058672,4403.792682926829
2018,YISHUN,MULTI-GENERATION,historical_non_mature,65,70,9,68.33333333333333,4573.170731707317,4444.4390243902435,4664.634146341464
2019,ANG MO KIO,2 ROOM,historical_mature,55,60,9,57.583333333333336,4431.818181818182,4250.0,4545.454545454545
2019,ANG MO KIO,2 ROOM,historical_mature,60,65,1,60.333333333333336,4272.727272727273,4272.727272727273,4272.727272727273
2019,ANG MO KIO,2 ROOM,historical_mature,65,70,6,65.625,4277.777777777777,4188.888888888889,4500.0
2019,ANG MO KIO,3 ROOM,historical_mature,55,60,326,58.583333333333336,3880.597014925373,3701.492537313433,4088.505642519112
2019,ANG MO KIO,3 ROOM,historical_mature,60,65,175,60.666666666666664,3970.5882352941176,3711.6079494128276,4206.5997130559535
2019,ANG MO KIO,3 ROOM,historical_mature,65,70,11,65.58333333333333,3955.223880597015,3906.6666666666665,4012.31884057971
2019,ANG MO KIO,3 ROOM,historical_mature,90,95,9,92.33333333333333,5928.571428571428,5714.285714285715,6714.285714285715
2019,ANG MO KIO,3 ROOM,historical_mature,95,100,2,95.0,6119.4029850746265,6119.4029850746265,6119.4029850746265
2019,ANG MO KIO,4 ROOM,historical_mature,55,60,149,58.333333333333336,4183.673469387755,3956.043956043956,4434.782608695652
2019,ANG MO KIO,4 ROOM,historical_mature,60,65,55,60.75,4247.311827956989,4021.7391304347825,4453.535594839943
2019,ANG MO KIO,4 ROOM,historical_mature,70,75,5,72.91666666666667,4215.686274509804,3867.9245283018868,4375.0
2019,ANG MO KIO,4 ROOM,historical_mature,75,80,2,76.25,4733.731394946348,4609.856351678782,4857.606438213915
2019,ANG MO KIO,4 ROOM,historical_mature,80,85,25,82.33333333333333,6611.111111111111,6294.117647058823,7055.555555555556
2019,ANG MO KIO,4 ROOM,historical_mature,85,90,4,85.41666666666667,6383.040935672514,6205.263157894737,6561.40350877193
2019,ANG MO KIO,4 ROOM,historical_mature,90,95,31,92.08333333333333,7215.909090909091,6585.106382978724,8005.250305250305
2019,ANG MO KIO,5 ROOM,historical_mature,55,60,45,58.5,4579.83193277311,4332.376068376068,4873.949579831933
2019,ANG MO KIO,5 ROOM,historical_mature,60,65,31,60.416666666666664,4710.743801652892,4256.198347107438,4979.338842975207
2019,ANG MO KIO,5 ROOM,historical_mature,70,75,3,73.16666666666667,4891.304347826087,4406.282095172886,4965.337213283123
2019,ANG MO KIO,5 ROOM,historical_mature,75,80,4,75.625,5581.6936422299805,5427.94331660584,5635.314185972707
2019,ANG MO KIO,5 ROOM,historical_mature,80,85,26,82.45833333333333,6877.968877968879,6495.454545454546,7268.427518427519
2019,ANG MO KIO,5 ROOM,historical_mature,85,90,10,85.54166666666666,6845.454545454546,6140.90909090909,6943.181818181818
2019,ANG MO KIO,5 ROOM,historical_mature,90,95,19,91.16666666666667,7455.357142857143,7300.213675213676,7668.0672268907565
2019,ANG MO KIO,EXECUTIVE,historical_mature,55,60,4,58.75,4593.513957307061,4444.084136722173,4852.456737888724
2019,ANG MO KIO,EXECUTIVE,historical_mature,60,65,1,60.083333333333336,4907.9754601227,4907.9754601227,4907.9754601227
2019,ANG MO KIO,EXECUTIVE,historical_mature,75,80,1,76.25,5461.8231292517,5461.8231292517,5461.8231292517
2019,BEDOK,2 ROOM,historical_mature,55,60,9,58.166666666666664,4545.454545454545,4444.444444444444,4772.727272727273
2019,BEDOK,2 ROOM,historical_mature,65,70,8,65.54166666666667,4811.111111111111,4666.666666666667,4926.666666666666
2019,BEDOK,3 ROOM,historical_mature,50,55,25,52.416666666666664,3923.076923076923,3846.153846153846,4046.153846153846
2019,BEDOK,3 ROOM,historical_mature,55,60,325,58.25,4059.7014925373132,3841.4634146341464,4283.582089552238
2019,BEDOK,3 ROOM,historical_mature,60,65,100,61.33333333333333,4117.64705882353,3937.5,4295.215100965759
2019,BEDOK,3 ROOM,historical_mature,65,70,53,65.5,4216.666666666667,4074.626865671642,4402.985074626866
2019,BEDOK,3 ROOM,historical_mature,85,90,4,89.70833333333334,6521.739130434782,6463.768115942029,6699.27536231884
2019,BEDOK,3 ROOM,historical_mature,90,95,5,93.75,7575.757575757576,7318.840579710145,7651.515151515152
2019,BEDOK,4 ROOM,historical_mature,50,55,4,54.583333333333336,4481.707317073171,4447.829268292682,4557.926829268293
2019,BEDOK,4 ROOM,historical_mature,55,60,151,57.916666666666664,3967.391304347826,3795.031055900621,4239.130434782609
2019,BEDOK,4 ROOM,historical_mature,60,65,69,62.333333333333336,4223.300970873786,4019.230769230769,4395.604395604396
2019,BEDOK,4 ROOM,historical_mature,65,70,53,66.5,4285.714285714285,4107.142857142857,4560.43956043956
2019,BEDOK,4 ROOM,historical_mature,70,75,3,72.83333333333333,4711.538461538462,4687.5,4951.923076923077
2019,BEDOK,4 ROOM,historical_mature,75,80,20,76.125,4375.0,4208.333333333334,4530.485674353599
2019,BEDOK,4 ROOM,historical_mature,80,85,24,80.41666666666667,5190.476190476191,4926.6355140186915,5297.619047619047
2019,BEDOK,4 ROOM,historical_mature,85,90,30,85.70833333333334,6847.826086956522,6440.217391304348,7172.8723404255325
2019,BEDOK,4 ROOM,historical_mature,90,95,12,90.29166666666666,7649.543784808627,7335.106382978723,7787.35632183908
2019,BEDOK,5 ROOM,historical_mature,50,55,4,54.625,5174.854557207498,4995.7983193277305,5438.0341880341875
2019,BEDOK,5 ROOM,historical_mature,55,60,58,57.833333333333336,4353.400222965441,3931.1027725661875,4863.44537815126
2019,BEDOK,5 ROOM,historical_mature,60,65,50,61.95833333333333,3996.6134344124775,3670.0396825396824,4386.40822878887
2019,BEDOK,5 ROOM,historical_mature,65,70,25,66.83333333333333,5200.0,3861.788617886179,5960.0
2019,BEDOK,5 ROOM,historical_mature,70,75,18,73.08333333333333,4688.012295081968,4530.961834016393,5081.30081300813
2019,BEDOK,5 ROOM,historical_mature,75,80,19,76.33333333333333,4646.616541353384,4522.516514227642,4914.291666666666
2019,BEDOK,5 ROOM,historical_mature,80,85,22,80.54166666666666,5326.08695652174,4873.913043478261,5471.943515421776
2019,BEDOK,5 ROOM,historical_mature,85,90,7,85.83333333333333,6181.818181818182,5804.036363636364,6753.652597402597
2019,BEDOK,5 ROOM,historical_mature,90,95,3,90.33333333333333,7523.809523809524,7480.6547619047615,7636.9047619047615
2019,BEDOK,EXECUTIVE,historical_mature,55,60,2,59.166666666666664,4389.226993865031,4314.245398773006,4464.208588957055
2019,BEDOK,EXECUTIVE,historical_mature,60,65,8,63.79166666666667,4817.747835497836,4684.39131291244,5071.522021025332
2019,BEDOK,EXECUTIVE,historical_mature,65,70,16,66.16666666666666,4385.314685314685,4003.4965034965035,4573.4744707347445
2019,BEDOK,EXECUTIVE,historical_mature,70,75,13,73.0,5112.6760563380285,4979.020979020979,5362.246575342466
2019,BEDOK,EXECUTIVE,historical_mature,75,80,7,76.33333333333333,5422.5352112676055,5375.862068965517,5560.039129371485
2019,BISHAN,3 ROOM,historical_mature,50,55,6,53.125,3976.923076923077,3911.255656108597,4069.2307692307695
2019,BISHAN,3 ROOM,historical_mature,60,65,8,64.5,5932.835820895522,5802.23880597015,6190.298507462687
2019,BISHAN,3 ROOM,historical_mature,65,70,28,66.41666666666667,5928.8125,5765.625,6093.75
2019,BISHAN,4 ROOM,historical_mature,50,55,2,53.66666666666667,4022.727272727273,3875.0,4170.454545454545
2019,BISHAN,4 ROOM,historical_mature,60,65,8,64.66666666666667,5537.854462242563,5373.684210526316,5756.728778467909
2019,BISHAN,4 ROOM,historical_mature,65,70,93,66.75,5595.238095238095,5214.285714285715,5952.380952380952
2019,BISHAN,4 ROOM,historical_mature,70,75,88,72.0,5397.069597069597,5034.40366972477,5714.285714285715
2019,BISHAN,4 ROOM,historical_mature,75,80,4,77.75,6128.431372549019,6025.0,6316.176470588236
2019,BISHAN,4 ROOM,historical_mature,90,95,7,91.5,8631.578947368422,8226.315789473683,9357.894736842105
2019,BISHAN,5 ROOM,historical_mature,50,55,1,53.083333333333336,3477.9411764705883,3477.9411764705883,3477.9411764705883
2019,BISHAN,5 ROOM,historical_mature,60,65,6,64.54166666666666,5872.0,5712.859504132231,6012.396694214876
2019,BISHAN,5 ROOM,historical_mature,65,70,81,67.25,5674.79674796748,5433.070866141732,6166.666666666667
2019,BISHAN,5 ROOM,historical_mature,70,75,17,71.91666666666667,6097.5609756097565,5888.888888888889,6360.294117647059
2019,BISHAN,5 ROOM,historical_mature,75,80,12,78.125,6569.206477188739,6110.876033057852,6798.89256198347
2019,BISHAN,5 ROOM,historical_mature,90,95,12,91.29166666666666,8316.666666666668,7966.666666666667,8762.5
2019,BISHAN,EXECUTIVE,historical_mature,60,65,1,64.83333333333333,6582.278481012659,6582.278481012659,6582.278481012659
2019,BISHAN,EXECUTIVE,historical_mature,65,70,24,66.58333333333333,6101.42888071011,5729.885965708065,6318.279109589041
2019,BISHAN,EXECUTIVE,historical_mature,70,75,15,71.91666666666667,5739.726027397261,5414.112098675857,5959.863945578231
2019,BISHAN,MULTI-GENERATION,historical_mature,65,70,4,66.79166666666667,5675.324675324675,5598.484848484848,5748.566356720204
2019,BUKIT BATOK,3 ROOM,historical_non_mature,60,65,126,64.41666666666667,3647.8537360890305,3493.150684931507,3762.8424657534247
2019,BUKIT BATOK,3 ROOM,historical_non_mature,65,70,157,66.83333333333333,3698.6301369863013,3534.246575342466,3894.3661971830984
2019,BUKIT BATOK,3 ROOM,historical_non_mature,75,80,2,77.66666666666667,3515.4850746268658,3370.242537313433,3660.7276119402986
2019,BUKIT BATOK,4 ROOM,historical_non_mature,60,65,107,64.5,3557.6923076923076,3295.345249977316,3756.720430107527
2019,BUKIT BATOK,4 ROOM,historical_non_mature,65,70,151,66.16666666666667,3548.3870967741937,3341.4239482200646,3785.380507343124
2019,BUKIT BATOK,4 ROOM,historical_non_mature,75,80,47,77.66666666666667,3932.0388349514565,3770.7500475918523,4229.907773386034
2019,BUKIT BATOK,4 ROOM,historical_non_mature,80,85,59,84.33333333333333,4500.0,4185.41456016178,4675.72463768116
2019,BUKIT BATOK,4 ROOM,historical_non_mature,85,90,3,85.0,4277.777777777777,4250.0,4594.444444444444
2019,BUKIT BATOK,5 ROOM,historical_non_mature,60,65,34,64.58333333333333,3901.5151515151515,3658.97633782308,4162.878787878788
2019,BUKIT BATOK,5 ROOM,historical_non_mature,65,70,31,65.91666666666667,3525.179856115108,3293.8854659478493,3874.1828049833475
2019,BUKIT BATOK,5 ROOM,historical_non_mature,75,80,37,77.25,4380.165289256199,4201.680672268908,4568.9655172413795
2019,BUKIT BATOK,5 ROOM,historical_non_mature,80,85,28,84.45833333333334,4660.943257184967,4468.865143699337,4858.050847457627
2019,BUKIT BATOK,5 ROOM,historical_non_mature,85,90,3,85.08333333333333,4830.5084745762715,4763.080324244657,4951.617873651772
2019,BUKIT BATOK,EXECUTIVE,historical_non_mature,60,65,17,64.66666666666667,4162.1621621621625,3933.3333333333335,4310.810810810811
2019,BUKIT BATOK,EXECUTIVE,historical_non_mature,65,70,43,66.08333333333333,3890.4109589041095,3754.081632653061,4132.728619029989
2019,BUKIT BATOK,EXECUTIVE,historical_non_mature,70,75,4,72.91666666666667,3598.707540126913,3506.613941769317,3652.279945553539
2019,BUKIT BATOK,EXECUTIVE,historical_non_mature,75,80,25,77.25,4788.732394366197,4452.054794520548,5000.0
2019,BUKIT MERAH,1 ROOM,historical_mature,50,55,5,54.833333333333336,5806.451612903225,5589.290322580645,5903.225806451613
2019,BUKIT MERAH,1 ROOM,historical_mature,55,60,6,55.04166666666667,5548.387096774193,5548.387096774193,5741.935483870967
2019,BUKIT MERAH,2 ROOM,historical_mature,45,50,7,49.25,4347.826086956522,4148.936170212766,4928.571428571428
2019,BUKIT MERAH,2 ROOM,historical_mature,50,55,8,50.75,4736.507936507936,4542.293661650707,5026.041666666667
2019,BUKIT MERAH,2 ROOM,historical_mature,55,60,9,55.666666666666664,5000.0,4886.363636363636,5088.888888888889
2019,BUKIT MERAH,2 ROOM,historical_mature,90,95,4,92.875,8382.978723404256,8186.170212765957,8521.276595744679
2019,BUKIT MERAH,3 ROOM,historical_mature,45,50,42,49.29166666666667,4756.076388888889,4008.064516129032,5119.922341696535
2019,BUKIT MERAH,3 ROOM,historical_mature,50,55,80,53.29166666666667,4846.805736636245,4307.692307692308,5617.992177314211
2019,BUKIT MERAH,3 ROOM,historical_mature,55,60,89,55.833333333333336,4430.7692307692305,4153.846153846154,4698.630136986301
2019,BUKIT MERAH,3 ROOM,historical_mature,60,65,42,62.625,4957.627118644068,4558.344640434192,5465.384615384615
2019,BUKIT MERAH,3 ROOM,historical_mature,65,70,1,65.0,5065.789473684211,5065.789473684211,5065.789473684211
2019,BUKIT MERAH,3 ROOM,historical_mature,80,85,8,82.41666666666667,8615.733333333334,8433.333333333334,8975.0
2019,BUKIT MERAH,3 ROOM,historical_mature,85,90,14,88.375,8625.0,7854.166666666666,8895.833333333334
2019,BUKIT MERAH,3 ROOM,historical_mature,90,95,26,92.75,8550.72463768116,8076.086956521739,8980.978260869566
2019,BUKIT MERAH,3 ROOM,historical_mature,95,100,1,95.08333333333333,11129.032258064517,11129.032258064517,11129.032258064517
2019,BUKIT MERAH,4 ROOM,historical_mature,45,50,5,49.916666666666664,5405.405405405405,5405.405405405405,5405.405405405405
2019,BUKIT MERAH,4 ROOM,historical_mature,50,55,12,52.25,5237.5,4965.909090909091,5425.579054054054
2019,BUKIT MERAH,4 ROOM,historical_mature,55,60,34,56.16666666666667,4788.069073783359,4595.565149136578,4974.913838812301
2019,BUKIT MERAH,4 ROOM,historical_mature,60,65,25,64.0,4854.368932038835,4660.194174757282,5322.580645161291
2019,BUKIT MERAH,4 ROOM,historical_mature,65,70,14,65.95833333333334,5583.333333333334,5244.105409153954,6341.346153846153
2019,BUKIT MERAH,4 ROOM,historical_mature,70,75,3,74.66666666666667,6736.8421052631575,6701.754385964912,6863.748155435317
2019,BUKIT MERAH,4 ROOM,historical_mature,75,80,18,76.79166666666666,6211.649202303408,5753.621495327103,6375.0
2019,BUKIT MERAH,4 ROOM,historical_mature,80,85,91,82.5,7555.555555555556,6909.910485933504,8138.888888888889
2019,BUKIT MERAH,4 ROOM,historical_mature,85,90,72,85.91666666666667,7800.0,7337.5,8111.111111111111
2019,BUKIT MERAH,4 ROOM,historical_mature,90,95,43,92.66666666666667,8409.09090909091,8021.276595744681,8772.849462365592
2019,BUKIT MERAH,4 ROOM,historical_mature,95,100,7,95.25,10666.666666666666,10404.422788605698,10951.149425287356
2019,BUKIT MERAH,5 ROOM,historical_mature,50,55,7,54.5,6302.5210084033615,5507.8136517765,7158.119658119658
2019,BUKIT MERAH,5 ROOM,historical_mature,55,60,44,57.416666666666664,5274.493592393551,4871.794871794872,5602.430323299888
2019,BUKIT MERAH,5 ROOM,historical_mature,60,65,16,63.75,5473.446749813207,4759.93195785777,6490.813818087722
2019,BUKIT MERAH,5 ROOM,historical_mature,65,70,14,66.29166666666666,5122.950819672131,4987.704918032787,5700.364298724954
2019,BUKIT MERAH,5 ROOM,historical_mature,70,75,5,74.91666666666667,6532.846715328467,6277.3722627737225,6825.396825396825
2019,BUKIT MERAH,5 ROOM,historical_mature,75,80,25,76.5,6178.861788617886,5625.0,6771.653543307087
2019,BUKIT MERAH,5 ROOM,historical_mature,80,85,49,82.41666666666667,7454.545454545455,6863.636363636364,7818.181818181818
2019,BUKIT MERAH,5 ROOM,historical_mature,85,90,45,85.5,7659.895652173913,7113.04347826087,7826.086956521739
2019,BUKIT MERAH,5 ROOM,historical_mature,90,95,6,92.79166666666666,8723.137514428625,8517.699115044248,9147.582608695651
2019,BUKIT MERAH,5 ROOM,historical_mature,95,100,3,95.83333333333333,8919.642857142857,8790.178571428572,9816.964285714286
2019,BUKIT PANJANG,2 ROOM,historical_non_mature,90,95,18,94.33333333333334,5031.914893617021,4700.340425531915,5138.297872340426
2019,BUKIT PANJANG,2 ROOM,historical_non_mature,95,100,1,95.41666666666667,5106.382978723404,5106.382978723404,5106.382978723404
2019,BUKIT PANJANG,3 ROOM,historical_non_mature,65,70,52,68.0,3831.8707191780823,3698.6301369863013,3972.6027397260273
2019,BUKIT PANJANG,3 ROOM,historical_non_mature,90,95,49,94.66666666666667,4626.865671641791,4567.164179104478,4776.119402985075
2019,BUKIT PANJANG,3 ROOM,historical_non_mature,95,100,13,95.0,4805.9701492537315,4705.882352941177,4865.671641791045
2019,BUKIT PANJANG,4 ROOM,historical_non_mature,65,70,98,68.125,3362.303958177745,3216.002747252747,3508.9285714285716
2019,BUKIT PANJANG,4 ROOM,historical_non_mature,75,80,96,78.0,3743.9320388349515,3362.6237623762377,4455.445544554455
2019,BUKIT PANJANG,4 ROOM,historical_non_mature,80,85,56,82.29166666666666,4122.222222222223,3777.7754385964913,4757.844932844932
2019,BUKIT PANJANG,4 ROOM,historical_non_mature,85,90,1,85.0,4375.139784946236,4375.139784946236,4375.139784946236
2019,BUKIT PANJANG,4 ROOM,historical_non_mature,90,95,128,94.58333333333333,4569.89247311828,4347.826086956522,4784.94623655914
2019,BUKIT PANJANG,4 ROOM,historical_non_mature,95,100,36,95.125,4576.086956521739,4451.086956521739,4782.608695652174
2019,BUKIT PANJANG,5 ROOM,historical_non_mature,65,70,39,68.41666666666667,3418.032786885246,3303.27868852459,3561.0163934426228
2019,BUKIT PANJANG,5 ROOM,historical_non_mature,75,80,101,78.25,4049.586776859504,3455.2845528455287,4866.658333333334
2019,BUKIT PANJANG,5 ROOM,historical_non_mature,80,85,102,82.08333333333333,4233.72972972973,3506.818181818182,4691.790909090909
2019,BUKIT PANJANG,5 ROOM,historical_non_mature,90,95,26,94.75,4584.821428571428,4430.803571428572,4714.285714285714
2019,BUKIT PANJANG,5 ROOM,historical_non_mature,95,100,25,95.16666666666667,4464.285714285715,4414.938053097345,4598.214285714285
2019,BUKIT PANJANG,EXECUTIVE,historical_non_mature,65,70,30,67.95833333333334,3958.5235920852356,3680.507662835249,4166.095890410958
2019,BUKIT PANJANG,EXECUTIVE,historical_non_mature,75,80,33,78.33333333333333,4479.166666666667,4097.222222222223,4821.428571428572
2019,BUKIT PANJANG,EXECUTIVE,historical_non_mature,80,85,33,81.75,4429.907692307693,3830.769230769231,5205.251908396946
2019,BUKIT TIMAH,3 ROOM,historical_mature,50,55,7,53.583333333333336,6148.648648648648,5960.526315789473,6256.794955425092
2019,BUKIT TIMAH,3 ROOM,historical_mature,55,60,3,55.916666666666664,5846.153846153846,5807.692307692308,5861.538461538461
2019,BUKIT TIMAH,4 ROOM,historical_mature,50,55,10,53.83333333333333,6084.269662921348,5782.967032967033,6242.746018026917
2019,BUKIT TIMAH,4 ROOM,historical_mature,65,70,18,68.25,6490.384615384615,6394.2307692307695,6728.365384615385
2019,BUKIT TIMAH,5 ROOM,historical_mature,50,55,3,54.0,6926.829268292683,6837.39837398374,6939.024390243902
2019,BUKIT TIMAH,5 ROOM,historical_mature,65,70,15,68.58333333333333,6598.360655737705,6356.55737704918,6713.11475409836
2019,BUKIT TIMAH,EXECUTIVE,historical_mature,65,70,15,68.91666666666667,6630.13698630137,6325.120085394058,6790.410958904109
2019,CENTRAL AREA,2 ROOM,historical_mature,50,55,3,50.833333333333336,4339.622641509434,4339.622641509434,4484.6261355695315
2019,CENTRAL AREA,2 ROOM,historical_mature,60,65,3,61.75,4181.818181818182,4081.649831649832,4272.727272727273
2019,CENTRAL AREA,3 ROOM,historical_mature,50,55,21,53.833333333333336,6214.285714285715,5846.153846153846,6517.857142857143
2019,CENTRAL AREA,3 ROOM,historical_mature,55,60,33,56.75,7033.8983050847455,6714.285714285715,7352.941176470588
2019,CENTRAL AREA,3 ROOM,historical_mature,60,65,16,61.58333333333333,6365.196078431372,5481.009615384615,6787.5
2019,CENTRAL AREA,3 ROOM,historical_mature,65,70,5,65.41666666666667,6164.3835616438355,5111.111111111111,7058.823529411765
2019,CENTRAL AREA,4 ROOM,historical_mature,50,55,1,54.0,6272.727272727273,6272.727272727273,6272.727272727273
2019,CENTRAL AREA,4 ROOM,historical_mature,55,60,8,59.625,7879.0772847487515,7515.243902439024,7942.073170731707
2019,CENTRAL AREA,4 ROOM,historical_mature,60,65,19,63.333333333333336,6867.469879518072,5298.165137614679,7734.265060240964
2019,CENTRAL AREA,4 ROOM,historical_mature,65,70,4,65.25,5287.821550638604,5130.333125501024,5504.513686662784
2019,CENTRAL AREA,4 ROOM,historical_mature,80,85,14,82.58333333333334,6000.0,5895.098039215686,6238.235294117647
2019,CENTRAL AREA,4 ROOM,historical_mature,90,95,37,90.5,10000.0,9684.21052631579,10526.315789473685
2019,CENTRAL AREA,5 ROOM,historical_mature,60,65,3,63.666666666666664,5345.323741007194,5183.453237410072,5409.888147875859
2019,CENTRAL AREA,5 ROOM,historical_mature,80,85,4,82.16666666666666,6180.952380952382,6149.797843665769,6233.333333333334
2019,CENTRAL AREA,5 ROOM,historical_mature,90,95,16,90.75,9813.084112149532,9479.305740987984,10567.196261682242
2019,CHOA CHU KANG,2 ROOM,historical_non_mature,90,95,8,94.375,4892.460684551341,4865.286771507863,5074.468085106383
2019,CHOA CHU KANG,2 ROOM,historical_non_mature,95,100,1,95.08333333333333,5042.553191489362,5042.553191489362,5042.553191489362
2019,CHOA CHU KANG,3 ROOM,historical_non_mature,55,60,8,58.5,3452.3662176920275,3311.3396432471786,3576.341266639774
2019,CHOA CHU KANG,3 ROOM,historical_non_mature,60,65,6,61.333333333333336,3484.697933227345,3455.8823529411766,3746.0254372019076
2019,CHOA CHU KANG,3 ROOM,historical_non_mature,65,70,12,69.04166666666666,3698.6301369863013,3695.2054794520545,3835.6164383561645
2019,CHOA CHU KANG,3 ROOM,historical_non_mature,90,95,21,94.41666666666667,4558.823529411765,4477.611940298508,4701.492537313433
2019,CHOA CHU KANG,3 ROOM,historical_non_mature,95,100,2,95.04166666666666,4477.611940298508,4402.985074626866,4552.23880597015
2019,CHOA CHU KANG,4 ROOM,historical_non_mature,55,60,11,58.166666666666664,3070.6521739130435,3026.0210803689065,3152.1739130434785
2019,CHOA CHU KANG,4 ROOM,historical_non_mature,60,65,6,64.20833333333334,3142.857142857143,3090.6593406593406,3225.9615384615386
2019,CHOA CHU KANG,4 ROOM,historical_non_mature,65,70,38,69.04166666666666,3079.7138477261115,2928.0206821480406,3353.096153846154
2019,CHOA CHU KANG,4 ROOM,historical_non_mature,70,75,119,72.83333333333333,3173.076923076923,3056.6239316239316,3365.3846153846152
2019,CHOA CHU KANG,4 ROOM,historical_non_mature,75,80,162,78.29166666666667,3285.6753812636166,3149.3993993993995,3399.5145631067962
2019,CHOA CHU KANG,4 ROOM,historical_non_mature,80,85,50,82.41666666666667,3555.5555555555557,3469.78021978022,3622.8668390433095
2019,CHOA CHU KANG,4 ROOM,historical_non_mature,90,95,36,94.29166666666666,4515.695652173913,4239.130434782609,4657.608695652174
2019,CHOA CHU KANG,4 ROOM,historical_non_mature,95,100,5,95.0,4467.391304347826,4193.548387096775,4510.869565217391
2019,CHOA CHU KANG,5 ROOM,historical_non_mature,55,60,3,58.5,3109.2436974789916,3058.823529411765,3277.310924369748
2019,CHOA CHU KANG,5 ROOM,historical_non_mature,60,65,1,63.833333333333336,3219.6969696969695,3219.6969696969695,3219.6969696969695
2019,CHOA CHU KANG,5 ROOM,historical_non_mature,65,70,18,68.83333333333333,3279.94174231134,3139.6321636634602,3440.7458390689526
2019,CHOA CHU KANG,5 ROOM,historical_non_mature,70,75,73,73.66666666666667,3440.0,3200.0,3585.3658536585367
2019,CHOA CHU KANG,5 ROOM,historical_non_mature,75,80,138,77.91666666666667,3391.889294637709,3200.1725625539257,3623.9224137931033
2019,CHOA CHU KANG,5 ROOM,historical_non_mature,80,85,86,82.45833333333334,3272.7272727272725,3139.7727272727275,3363.6363636363635
2019,CHOA CHU KANG,EXECUTIVE,historical_non_mature,65,70,19,68.83333333333333,3684.931506849315,3537.6712328767126,3795.051128689948
2019,CHOA CHU KANG,EXECUTIVE,historical_non_mature,70,75,41,73.25,3698.6301369863013,3229.1666666666665,3801.9591836734694
2019,CHOA CHU KANG,EXECUTIVE,historical_non_mature,75,80,52,75.875,3687.50904617166,3400.7942290877295,4027.777777777778
2019,CHOA CHU KANG,EXECUTIVE,historical_non_mature,80,85,7,82.5,3640.0,3595.774647887324,3780.0
2019,CLEMENTI,2 ROOM,historical_mature,55,60,3,59.25,4659.090909090909,4659.090909090909,5056.818181818182
2019,CLEMENTI,2 ROOM,historical_mature,90,95,3,93.58333333333333,6480.0,6148.163265306122,7020.0
2019,CLEMENTI,3 ROOM,historical_mature,55,60,131,58.666666666666664,4462.686567164179,4044.776119402985,4776.119402985075
2019,CLEMENTI,3 ROOM,historical_mature,60,65,87,60.583333333333336,3940.2985074626868,3642.7011285038225,4326.971305595409
2019,CLEMENTI,3 ROOM,historical_mature,65,70,2,65.20833333333334,4029.8507462686566,3955.2238805970146,4104.477611940299
2019,CLEMENTI,3 ROOM,historical_mature,80,85,2,82.5,6090.163934426229,6061.475409836066,6118.8524590163925
2019,CLEMENTI,3 ROOM,historical_mature,90,95,15,93.16666666666667,7027.397260273972,6768.326545723806,7114.864864864865
2019,CLEMENTI,4 ROOM,historical_mature,55,60,66,58.416666666666664,4803.1151949798295,4409.877857463021,5494.505494505494
2019,CLEMENTI,4 ROOM,historical_mature,60,65,36,61.416666666666664,4302.653108929406,4137.5851648351645,4650.485958485959
2019,CLEMENTI,4 ROOM,historical_mature,80,85,14,82.41666666666667,7627.777777777777,7140.522875816994,7727.106227106227
2019,CLEMENTI,4 ROOM,historical_mature,85,90,6,86.25,7472.222222222223,6805.555555555557,7655.555555555555
2019,CLEMENTI,4 ROOM,historical_mature,90,95,35,93.25,7300.0,7163.669663669663,7484.626484626484
2019,CLEMENTI,5 ROOM,historical_mature,55,60,28,58.29166666666667,4835.897435897436,4596.493948717949,5395.396964756052
2019,CLEMENTI,5 ROOM,historical_mature,60,65,12,64.5,5434.249732951032,5074.311838919332,5900.452267846685
2019,CLEMENTI,5 ROOM,historical_mature,65,70,4,66.66666666666666,5280.991735537191,5255.358462675536,5342.975206611571
2019,CLEMENTI,5 ROOM,historical_mature,80,85,4,82.75,6994.436363636363,6921.963636363636,7133.327272727272
2019,CLEMENTI,5 ROOM,historical_mature,85,90,1,86.16666666666667,7454.545454545455,7454.545454545455,7454.545454545455
2019,CLEMENTI,5 ROOM,historical_mature,90,95,12,93.0,7341.902862840051,7038.901179941003,7499.068090397132
2019,CLEMENTI,EXECUTIVE,historical_mature,55,60,2,59.208333333333336,5035.802469135802,4987.0370370370365,5084.567901234568
2019,CLEMENTI,EXECUTIVE,historical_mature,60,65,14,64.66666666666667,5369.934640522875,5076.530612244898,5605.738939871251
2019,CLEMENTI,EXECUTIVE,historical_mature,65,70,2,65.125,5771.496598639456,5749.081632653061,5793.911564625851
2019,GEYLANG,2 ROOM,historical_mature,45,50,12,48.45833333333333,4261.9047619047615,4141.666666666667,4464.285714285714
2019,GEYLANG,2 ROOM,historical_mature,50,55,9,50.416666666666664,4400.0,4239.130434782609,4476.190476190476
2019,GEYLANG,2 ROOM,historical_mature,55,60,1,58.166666666666664,4444.444444444444,4444.444444444444,4444.444444444444
2019,GEYLANG,2 ROOM,historical_mature,65,70,2,65.375,4922.222222222223,4883.333333333333,4961.111111111111
2019,GEYLANG,3 ROOM,historical_mature,45,50,80,48.416666666666664,3836.309523809524,3660.714285714286,4110.018159806295
2019,GEYLANG,3 ROOM,historical_mature,50,55,38,50.54166666666667,3973.684210526316,3671.0526315789475,4220.735027223231
2019,GEYLANG,3 ROOM,historical_mature,55,60,54,56.916666666666664,4497.633782307972,4248.04822043628,4729.219288174511
2019,GEYLANG,3 ROOM,historical_mature,60,65,39,61.666666666666664,4972.972972972973,3996.7239967239966,5279.661016949152
2019,GEYLANG,3 ROOM,historical_mature,65,70,16,65.45833333333334,4866.145833333334,4619.357638888889,5059.731012658228
2019,GEYLANG,3 ROOM,historical_mature,75,80,5,79.58333333333333,4609.375,4603.174603174603,4687.5
2019,GEYLANG,3 ROOM,historical_mature,80,85,1,80.58333333333333,4843.75,4843.75,4843.75
2019,GEYLANG,3 ROOM,historical_mature,85,90,10,86.75,7391.666666666666,7048.599999999999,7633.333333333333
2019,GEYLANG,4 ROOM,historical_mature,50,55,1,51.083333333333336,3730.445246690734,3730.445246690734,3730.445246690734
2019,GEYLANG,4 ROOM,historical_mature,55,60,32,57.33333333333333,4633.659818442427,4332.298136645963,4962.121212121212
2019,GEYLANG,4 ROOM,historical_mature,60,65,45,62.916666666666664,5133.928571428572,4285.714285714285,5514.0
2019,GEYLANG,4 ROOM,historical_mature,65,70,39,65.41666666666667,4226.190476190476,4096.840659340659,4355.555555555556
2019,GEYLANG,4 ROOM,historical_mature,75,80,27,77.66666666666667,6504.854368932039,5551.5433896330815,6901.9607843137255
2019,GEYLANG,4 ROOM,historical_mature,80,85,7,80.33333333333333,7858.823529411765,7102.716468590832,8055.727554179566
2019,GEYLANG,4 ROOM,historical_mature,85,90,16,86.29166666666666,7733.333333333334,7597.222222222223,7851.470588235294
2019,GEYLANG,4 ROOM,historical_mature,90,95,18,91.20833333333334,7144.0294284097345,7057.894736842106,7334.210526315789
2019,GEYLANG,5 ROOM,historical_mature,55,60,14,56.79166666666667,4727.96275035081,4113.084890627263,4873.410902822668
2019,GEYLANG,5 ROOM,historical_mature,60,65,20,63.04166666666667,5420.056497175141,4745.8677685950415,6350.364963503649
2019,GEYLANG,5 ROOM,historical_mature,65,70,3,68.75,3860.655737704918,3815.5737704918033,3918.032786885246
2019,GEYLANG,5 ROOM,historical_mature,75,80,16,77.66666666666666,6645.833333333333,5339.370078740158,7123.245614035088
2019,GEYLANG,5 ROOM,historical_mature,80,85,4,82.45833333333334,7513.513513513513,7322.709878019613,7753.0712530712535
2019,GEYLANG,5 ROOM,historical_mature,85,90,2,85.08333333333334,7412.694512694512,7309.950859950859,7515.438165438166
2019,GEYLANG,EXECUTIVE,historical_mature,60,65,2,64.91666666666667,5671.235466490216,5647.69827015786,5694.772662822574
2019,GEYLANG,EXECUTIVE,historical_mature,65,70,23,66.08333333333333,4760.273972602739,4308.219178082192,4948.630136986301
2019,HOUGANG,2 ROOM,historical_non_mature,90,95,6,93.41666666666666,4808.510638297872,4452.127659574468,4893.617021276596
2019,HOUGANG,3 ROOM,historical_non_mature,50,55,4,54.833333333333336,3644.0677966101694,3559.322033898305,3656.7796610169494
2019,HOUGANG,3 ROOM,historical_non_mature,55,60,23,57.916666666666664,3767.123287671233,3652.7864259028643,3904.109589041096
2019,HOUGANG,3 ROOM,historical_non_mature,60,65,87,62.833333333333336,4029.8507462686566,3823.716781943939,4179.104477611941
2019,HOUGANG,3 ROOM,historical_non_mature,65,70,61,66.66666666666667,4059.7014925373132,3906.25,4218.75
2019,HOUGANG,3 ROOM,historical_non_mature,90,95,29,94.41666666666667,4926.470588235294,4701.492537313433,5075.757575757576
2019,HOUGANG,3 ROOM,historical_non_mature,95,100,7,95.08333333333333,5268.6567164179105,4963.235294117647,5537.313432835821
2019,HOUGANG,4 ROOM,historical_non_mature,55,60,8,57.66666666666667,3454.4143744454304,3354.591836734694,3688.310180275716
2019,HOUGANG,4 ROOM,historical_non_mature,60,65,75,63.916666666666664,3789.5833333333335,3561.5560640732265,3929.3985584308166
2019,HOUGANG,4 ROOM,historical_non_mature,65,70,134,66.58333333333333,3869.0476190476193,3645.4176891070097,4045.1482479784368
2019,HOUGANG,4 ROOM,historical_non_mature,70,75,47,72.33333333333333,3724.770642201835,3509.4775774387426,4057.428100384686
2019,HOUGANG,4 ROOM,historical_non_mature,75,80,74,77.66666666666667,3905.4455445544554,3743.2052028732287,4139.727722772277
2019,HOUGANG,4 ROOM,historical_non_mature,80,85,22,83.29166666666666,4027.777777777778,3825.9803921568628,4142.48366013072
2019,HOUGANG,4 ROOM,historical_non_mature,90,95,70,94.66666666666667,4859.51379149135,4677.419354838709,5161.290322580645
2019,HOUGANG,4 ROOM,historical_non_mature,95,100,17,95.16666666666667,5084.210526315789,4838.709677419355,5326.086956521739
2019,HOUGANG,5 ROOM,historical_non_mature,60,65,29,64.08333333333333,4227.941176470588,4015.748031496063,5000.0
2019,HOUGANG,5 ROOM,historical_non_mature,65,70,51,66.58333333333333,3884.2975206611573,3764.462809917355,4433.884297520661
2019,HOUGANG,5 ROOM,historical_non_mature,70,75,13,72.25,4356.589147286822,3937.5,4878.048780487805
2019,HOUGANG,5 ROOM,historical_non_mature,75,80,66,78.375,4058.1267217630852,3888.4297520661157,4247.4358974358975
2019,HOUGANG,5 ROOM,historical_non_mature,80,85,28,83.41666666666666,3863.6363636363635,3675.0,3954.5454545454545
2019,HOUGANG,5 ROOM,historical_non_mature,90,95,14,94.79166666666666,5617.809734513274,5532.19816687737,5982.300884955752
2019,HOUGANG,5 ROOM,historical_non_mature,95,100,4,95.08333333333333,5803.571428571428,5725.446428571428,5809.2003105590065
2019,HOUGANG,EXECUTIVE,historical_non_mature,60,65,12,64.29166666666666,4493.243243243243,4237.467306015693,4933.4584721812125
2019,HOUGANG,EXECUTIVE,historical_non_mature,65,70,31,66.83333333333333,4623.287671232877,4184.204867979703,5051.724137931034
2019,HOUGANG,EXECUTIVE,historical_non_mature,70,75,35,72.0,4722.216216216216,4508.13411246288,5230.266830411969
2019,HOUGANG,EXECUTIVE,historical_non_mature,75,80,20,79.04166666666666,4525.5474452554745,4253.150764060285,4571.167883211679
2019,JURONG EAST,2 ROOM,historical_non_mature,90,95,20,93.41666666666667,5405.947775628627,5111.823017408124,5644.4829292429495
2019,JURONG EAST,3 ROOM,historical_non_mature,45,50,2,46.16666666666667,3268.6567164179105,3261.1940298507466,3276.1194029850744
2019,JURONG EAST,3 ROOM,historical_non_mature,55,60,17,57.416666666666664,3178.082191780822,3077.9220779220777,3372.093023255814
2019,JURONG EAST,3 ROOM,historical_non_mature,60,65,113,62.75,3880.597014925373,3656.716417910448,4054.054054054054
2019,JURONG EAST,3 ROOM,historical_non_mature,65,70,9,65.58333333333333,3705.8823529411766,3455.8823529411766,3823.529411764706
2019,JURONG EAST,3 ROOM,historical_non_mature,90,95,15,93.41666666666667,4930.555555555556,4534.722222222223,5257.8125
2019,JURONG EAST,4 ROOM,historical_non_mature,55,60,6,58.375,3309.278350515464,3262.2422680412374,3536.082474226804
2019,JURONG EAST,4 ROOM,historical_non_mature,60,65,73,63.083333333333336,3891.304347826087,3476.190476190476,4166.666666666667
2019,JURONG EAST,4 ROOM,historical_non_mature,65,70,10,65.29166666666666,3526.8817204301076,3454.139137193937,3559.5105672969967
2019,JURONG EAST,4 ROOM,historical_non_mature,70,75,6,72.75,3531.483054847541,3324.766355140187,4580.391830391831
2019,JURONG EAST,4 ROOM,historical_non_mature,75,80,28,78.54166666666666,4618.590632140137,4280.198019801981,4961.080586080586
2019,JURONG EAST,4 ROOM,historical_non_mature,80,85,7,83.16666666666667,3888.8888888888887,3861.1111111111113,4061.3553113553116
2019,JURONG EAST,4 ROOM,historical_non_mature,90,95,19,93.16666666666667,4673.913043478261,4282.608695652174,4945.652173913044
2019,JURONG EAST,5 ROOM,historical_non_mature,55,60,17,58.916666666666664,3217.0542635658917,2980.769230769231,3448.2758620689656
2019,JURONG EAST,5 ROOM,historical_non_mature,60,65,63,63.666666666666664,3816.6666666666665,3547.5364330326165,4441.666666666667
2019,JURONG EAST,5 ROOM,historical_non_mature,65,70,7,68.5,4364.406779661017,4002.8248587570624,5187.5
2019,JURONG EAST,5 ROOM,historical_non_mature,75,80,29,78.5,5041.322314049587,4528.925619834711,5105.691056910569
2019,JURONG EAST,5 ROOM,historical_non_mature,80,85,6,81.58333333333333,4593.311160384331,4193.181818181818,5219.6761080514025
2019,JURONG EAST,5 ROOM,historical_non_mature,90,95,4,93.41666666666666,5084.745762711865,4841.1016949152545,5275.423728813559
2019,JURONG EAST,EXECUTIVE,historical_non_mature,60,65,11,64.58333333333333,3892.6174496644294,3725.2331002331002,4077.654712397579
2019,JURONG EAST,EXECUTIVE,historical_non_mature,65,70,20,65.54166666666666,3944.053208137715,3703.452613922281,4114.070975452791
2019,JURONG EAST,EXECUTIVE,historical_non_mature,70,75,1,72.58333333333333,4660.493827160494,4660.493827160494,4660.493827160494
2019,JURONG EAST,EXECUTIVE,historical_non_mature,75,80,16,78.54166666666666,5442.307692307692,5179.839257964258,5712.5374625374625
2019,JURONG EAST,EXECUTIVE,historical_non_mature,80,85,1,80.0,4718.30985915493,4718.30985915493,4718.30985915493
2019,JURONG WEST,2 ROOM,historical_non_mature,55,60,3,57.75,4113.636363636364,4088.068181818182,4272.727272727273
2019,JURONG WEST,2 ROOM,historical_non_mature,85,90,4,87.95833333333334,4134.615384615385,3842.9487179487182,4489.182692307692
2019,JURONG WEST,2 ROOM,historical_non_mature,90,95,12,93.58333333333333,4712.765957446809,4674.936170212766,4792.553191489362
2019,JURONG WEST,3 ROOM,historical_non_mature,45,50,1,49.75,3088.235294117647,3088.235294117647,3088.235294117647
2019,JURONG WEST,3 ROOM,historical_non_mature,50,55,32,53.625,3124.5412282848056,3057.934014139827,3280.9860904123198
2019,JURONG WEST,3 ROOM,historical_non_mature,55,60,103,56.333333333333336,3321.8823529411766,3230.769230769231,3531.942633637549
2019,JURONG WEST,3 ROOM,historical_non_mature,60,65,104,63.875,3731.3432835820895,3581.0810810810813,3947.1137804471136
2019,JURONG WEST,3 ROOM,historical_non_mature,65,70,37,66.0,3643.8356164383563,3515.625,3805.9701492537315
2019,JURONG WEST,3 ROOM,historical_non_mature,85,90,2,89.625,4890.625,4828.125,4953.125
2019,JURONG WEST,3 ROOM,historical_non_mature,90,95,52,93.95833333333334,4558.823529411765,4408.088235294118,4779.411764705882
2019,JURONG WEST,4 ROOM,historical_non_mature,60,65,93,64.41666666666667,3184.4660194174758,3058.252427184466,3626.3736263736264
2019,JURONG WEST,4 ROOM,historical_non_mature,65,70,91,68.5,3009.259259259259,2883.4951456310678,3082.150858849888
2019,JURONG WEST,4 ROOM,historical_non_mature,70,75,52,72.45833333333333,3076.923076923077,2980.769230769231,3173.076923076923
2019,JURONG WEST,4 ROOM,historical_non_mature,75,80,112,77.25,3600.2178649237476,3291.68915272531,4027.205882352941
2019,JURONG WEST,4 ROOM,historical_non_mature,80,85,126,81.08333333333333,4037.1298245614034,3682.0416425679587,4351.8315018315025
2019,JURONG WEST,4 ROOM,historical_non_mature,85,90,30,88.20833333333334,4016.132803366846,3918.478260869565,4150.330851943756
2019,JURONG WEST,4 ROOM,historical_non_mature,90,95,95,94.58333333333333,4652.173913043478,4405.388031790557,4845.680802223027
2019,JURONG WEST,4 ROOM,historical_non_mature,95,100,8,95.0,4609.689107059374,4353.085553997194,4937.268817204301
2019,JURONG WEST,5 ROOM,historical_non_mature,55,60,4,56.375,3078.715621189541,2894.5306833019004,3300.792011019284
2019,JURONG WEST,5 ROOM,historical_non_mature,60,65,45,64.5,3244.4444444444443,3051.402985074627,3553.719008264463
2019,JURONG WEST,5 ROOM,historical_non_mature,65,70,59,68.75,3057.377049180328,2936.745073108709,3134.3837160999346
2019,JURONG WEST,5 ROOM,historical_non_mature,70,75,27,73.25,3031.496062992126,2932.1469575200917,3104.298438105073
2019,JURONG WEST,5 ROOM,historical_non_mature,75,80,79,77.41666666666667,3780.487804878049,3365.811739820201,4226.864616472252
2019,JURONG WEST,5 ROOM,historical_non_mature,80,85,236,81.25,4000.0,3636.3636363636365,4214.712918660287
2019,JURONG WEST,5 ROOM,historical_non_mature,85,90,50,88.08333333333333,3990.909090909091,3818.181818181818,4130.398182957393
2019,JURONG WEST,5 ROOM,historical_non_mature,90,95,44,94.58333333333333,4759.45575221239,4497.767857142857,4955.7522123893805
2019,JURONG WEST,5 ROOM,historical_non_mature,95,100,1,95.16666666666667,4513.274336283186,4513.274336283186,4513.274336283186
2019,JURONG WEST,EXECUTIVE,historical_non_mature,60,65,21,64.66666666666667,3633.3333333333335,3500.0,4271.523178807947
2019,JURONG WEST,EXECUTIVE,historical_non_mature,65,70,39,65.33333333333333,3600.0,3425.615480410001,4074.640401569157
2019,JURONG WEST,EXECUTIVE,historical_non_mature,70,75,31,73.08333333333333,3614.864864864865,3294.980233520272,3738.9455782312925
2019,JURONG WEST,EXECUTIVE,historical_non_mature,75,80,54,76.875,3896.1538461538457,3653.0438041305797,4188.461538461539
2019,JURONG WEST,EXECUTIVE,historical_non_mature,80,85,56,81.33333333333333,4020.0,3708.791208791209,4291.208791208791
2019,KALLANG/WHAMPOA,2 ROOM,historical_mature,45,50,6,49.70833333333333,4133.333333333334,4100.0,4260.416666666667
2019,KALLANG/WHAMPOA,2 ROOM,historical_mature,50,55,5,50.083333333333336,4479.166666666667,4375.0,4500.0
2019,KALLANG/WHAMPOA,2 ROOM,historical_mature,55,60,1,58.916666666666664,5952.380952380952,5952.380952380952,5952.380952380952
2019,KALLANG/WHAMPOA,2 ROOM,historical_mature,60,65,1,61.083333333333336,5227.272727272727,5227.272727272727,5227.272727272727
2019,KALLANG/WHAMPOA,2 ROOM,historical_mature,65,70,2,65.625,5022.222222222223,5011.111111111111,5033.333333333333
2019,KALLANG/WHAMPOA,3 ROOM,historical_mature,45,50,14,49.0,4908.333333333333,3726.1875,5158.333333333333
2019,KALLANG/WHAMPOA,3 ROOM,historical_mature,50,55,108,53.29166666666667,4292.307692307692,4017.069327731092,4829.185520361991
2019,KALLANG/WHAMPOA,3 ROOM,historical_mature,55,60,33,58.75,5000.0,4852.941176470588,5333.333333333333
2019,KALLANG/WHAMPOA,3 ROOM,historical_mature,60,65,60,61.29166666666667,5139.201053555751,4461.111111111111,5665.815054835493
2019,KALLANG/WHAMPOA,3 ROOM,historical_mature,65,70,11,65.58333333333333,5746.0317460317465,5365.079365079365,5873.015873015873
2019,KALLANG/WHAMPOA,3 ROOM,historical_mature,80,85,7,83.83333333333333,7790.322580645161,7659.677419354839,7943.548387096775
2019,KALLANG/WHAMPOA,3 ROOM,historical_mature,90,95,13,91.66666666666667,7159.420289855072,6956.521739130435,7910.44776119403
2019,KALLANG/WHAMPOA,4 ROOM,historical_mature,50,55,22,53.79166666666667,4399.164054336468,3983.5164835164833,5466.867469879518
2019,KALLANG/WHAMPOA,4 ROOM,historical_mature,55,60,11,56.833333333333336,5052.631578947368,4744.034994697773,5252.747252747253
2019,KALLANG/WHAMPOA,4 ROOM,historical_mature,60,65,42,62.20833333333333,4909.28849233585,4663.414861837192,5124.246721020914
2019,KALLANG/WHAMPOA,4 ROOM,historical_mature,65,70,26,67.0,5094.365302604119,4922.960231516056,5515.6822344322345
2019,KALLANG/WHAMPOA,4 ROOM,historical_mature,70,75,4,74.58333333333333,4778.0373831775705,4666.064186210545,4871.2749074237345
2019,KALLANG/WHAMPOA,4 ROOM,historical_mature,75,80,17,78.0,6000.0,5742.574257425743,6180.0
2019,KALLANG/WHAMPOA,4 ROOM,historical_mature,80,85,43,84.0,7144.444444444444,6511.695906432748,7670.542635658915
2019,KALLANG/WHAMPOA,4 ROOM,historical_mature,85,90,15,86.16666666666667,7777.777777777777,6794.444444444444,8055.555555555556
2019,KALLANG/WHAMPOA,4 ROOM,historical_mature,90,95,29,91.5,8235.955056179775,7771.739130434783,9009.446808510638
2019,KALLANG/WHAMPOA,5 ROOM,historical_mature,50,55,12,53.833333333333336,4893.162393162393,4370.99358974359,5040.034679722563
2019,KALLANG/WHAMPOA,5 ROOM,historical_mature,55,60,6,56.375,5034.750337381916,4782.051282051282,5106.30389533155
2019,KALLANG/WHAMPOA,5 ROOM,historical_mature,60,65,23,62.666666666666664,5500.0,5115.8655181995,5869.565217391304
2019,KALLANG/WHAMPOA,5 ROOM,historical_mature,65,70,17,66.33333333333333,5208.333333333333,5125.0,5472.44094488189
2019,KALLANG/WHAMPOA,5 ROOM,historical_mature,70,75,4,73.875,5049.618320610687,4959.677419354839,5205.475868012805
2019,KALLANG/WHAMPOA,5 ROOM,historical_mature,75,80,14,77.75,6097.222222222223,5525.309917355372,6248.5887096774195
2019,KALLANG/WHAMPOA,5 ROOM,historical_mature,80,85,12,83.91666666666667,6666.388657214346,6357.142857142857,7211.801501251043
2019,KALLANG/WHAMPOA,5 ROOM,historical_mature,85,90,8,86.125,7690.909090909091,7581.818181818182,7852.272727272728
2019,KALLANG/WHAMPOA,5 ROOM,historical_mature,90,95,21,90.33333333333333,8494.280373831776,8053.097345132744,8960.238532110092
2019,KALLANG/WHAMPOA,EXECUTIVE,historical_mature,60,65,6,64.16666666666666,4644.426043754903,4468.755668420097,5019.707999007363
2019,KALLANG/WHAMPOA,EXECUTIVE,historical_mature,65,70,3,65.91666666666667,5886.524822695035,5668.956855791962,5904.255319148936
2019,KALLANG/WHAMPOA,EXECUTIVE,historical_mature,70,75,4,74.75,5931.792237442923,5677.202245053272,6166.523972602739
2019,MARINE PARADE,3 ROOM,historical_mature,50,55,36,54.625,5307.692307692308,4886.440677966101,5783.572359843545
2019,MARINE PARADE,3 ROOM,historical_mature,55,60,34,55.45833333333333,5207.142857142857,4923.076923076923,5830.817916260954
2019,MARINE PARADE,4 ROOM,historical_mature,50,55,12,54.54166666666667,5457.272727272728,5340.909090909091,5895.925720620842
2019,MARINE PARADE,4 ROOM,historical_mature,55,60,14,55.25,5964.816372301654,5646.229885057471,6132.183908045977
2019,MARINE PARADE,5 ROOM,historical_mature,50,55,15,54.416666666666664,6622.950819672131,5822.649572649572,6835.470085470086
2019,MARINE PARADE,5 ROOM,historical_mature,55,60,14,56.416666666666664,6460.928961748634,5917.436507936508,7427.083333333333
2019,PASIR RIS,2 ROOM,historical_mature,90,95,2,94.66666666666666,5478.723404255319,5473.404255319148,5484.04255319149
2019,PASIR RIS,3 ROOM,historical_mature,55,60,3,59.916666666666664,4029.8507462686566,3643.713251922207,4136.137494346449
2019,PASIR RIS,3 ROOM,historical_mature,60,65,2,60.66666666666667,3484.848484848485,3106.060606060606,3863.6363636363635
2019,PASIR RIS,3 ROOM,historical_mature,90,95,9,94.66666666666667,5588.235294117647,5441.176470588235,5661.764705882353
2019,PASIR RIS,4 ROOM,historical_mature,65,70,71,69.0,3862.0689655172414,3692.279241793805,4026.467868700878
2019,PASIR RIS,4 ROOM,historical_mature,70,75,71,73.16666666666667,3798.076923076923,3702.319141571478,3929.4973544973545
2019,PASIR RIS,4 ROOM,historical_mature,75,80,54,76.08333333333333,3818.2234432234436,3701.923076923077,3981.256742179072
2019,PASIR RIS,4 ROOM,historical_mature,90,95,31,94.75,5686.967741935484,5510.752688172043,5779.569892473119
2019,PASIR RIS,4 ROOM,historical_mature,95,100,2,95.04166666666666,5510.752688172042,5336.021505376344,5685.4838709677415
2019,PASIR RIS,5 ROOM,historical_mature,65,70,21,68.91666666666667,3906.25,3688.5245901639346,3975.409836065574
2019,PASIR RIS,5 ROOM,historical_mature,70,75,105,73.33333333333333,3740.1574803149606,3591.104,3984.375
2019,PASIR RIS,5 ROOM,historical_mature,75,80,52,76.16666666666667,3888.5079365079364,3761.531907392173,4031.874039938556
2019,PASIR RIS,5 ROOM,historical_mature,90,95,13,94.66666666666667,5513.274336283186,5442.477876106194,5663.716814159292
2019,PASIR RIS,5 ROOM,historical_mature,95,100,2,95.0,5353.982300884956,5287.6106194690265,5420.353982300885
2019,PASIR RIS,EXECUTIVE,historical_mature,65,70,28,68.75,4440.765268579838,4291.095890410958,4664.25279789335
2019,PASIR RIS,EXECUTIVE,historical_mature,70,75,93,73.16666666666667,4161.073825503356,3775.5102040816328,4575.342465753424
2019,PASIR RIS,EXECUTIVE,historical_mature,75,80,26,75.70833333333334,4166.626476971305,4096.154730164568,4442.0442571127505
2019,PUNGGOL,2 ROOM,historical_non_mature,90,95,40,94.16666666666667,5326.086956521739,5195.652173913043,5510.869565217391
2019,PUNGGOL,3 ROOM,historical_non_mature,90,95,91,94.16666666666667,5238.805970149254,5000.0,5392.449517120282
2019,PUNGGOL,3 ROOM,historical_non_mature,95,100,21,95.16666666666667,5367.64705882353,5223.880597014925,5507.462686567164
2019,PUNGGOL,4 ROOM,historical_non_mature,80,85,71,83.41666666666667,4086.6666666666665,3945.906432748538,4171.245421245421
2019,PUNGGOL,4 ROOM,historical_non_mature,85,90,38,87.83333333333333,4459.443665264142,4226.449275362319,4671.02033660589
2019,PUNGGOL,4 ROOM,historical_non_mature,90,95,468,93.33333333333333,5000.0,4736.8421052631575,5483.955857385399
2019,PUNGGOL,4 ROOM,historical_non_mature,95,100,71,95.25,5376.344086021505,5016.129032258064,5597.826086956522
2019,PUNGGOL,5 ROOM,historical_non_mature,80,85,195,83.41666666666667,3908.072727272727,3727.2727272727275,4090.909090909091
2019,PUNGGOL,5 ROOM,historical_non_mature,85,90,5,85.0,4090.909090909091,3963.963963963964,4151.785714285715
2019,PUNGGOL,5 ROOM,historical_non_mature,90,95,105,93.66666666666667,5517.857142857143,5194.690265486725,5859.649122807017
2019,PUNGGOL,5 ROOM,historical_non_mature,95,100,31,95.25,5765.7657657657655,5311.117256637168,6058.558558558559
2019,PUNGGOL,EXECUTIVE,historical_non_mature,80,85,24,83.08333333333333,4217.067307692308,4093.2641826923077,4353.846153846153
2019,QUEENSTOWN,2 ROOM,historical_mature,45,50,11,46.833333333333336,4255.31914893617,4066.4251207729467,4326.08695652174
2019,QUEENSTOWN,2 ROOM,historical_mature,55,60,1,56.583333333333336,5444.444444444444,5444.444444444444,5444.444444444444
2019,QUEENSTOWN,2 ROOM,historical_mature,90,95,7,92.91666666666667,7659.574468085107,7164.893617021276,8138.297872340426
2019,QUEENSTOWN,3 ROOM,historical_mature,45,50,79,48.166666666666664,4333.333333333333,4029.418126757517,4657.276995305165
2019,QUEENSTOWN,3 ROOM,historical_mature,50,55,90,53.666666666666664,5161.668839634942,4572.639225181598,5692.307692307692
2019,QUEENSTOWN,3 ROOM,historical_mature,55,60,35,56.25,4846.153846153846,4253.846153846154,5131.578947368421
2019,QUEENSTOWN,3 ROOM,historical_mature,85,90,10,88.16666666666667,8150.0,7812.5,8433.333333333334
2019,QUEENSTOWN,3 ROOM,historical_mature,90,95,44,92.625,8139.540393271736,7701.998933901919,8730.454868514571
2019,QUEENSTOWN,3 ROOM,historical_mature,95,100,4,95.0,8650.79365079365,8333.333333333334,8928.571428571428
2019,QUEENSTOWN,4 ROOM,historical_mature,45,50,4,48.20833333333333,4804.586241276172,4455.600589535741,5117.762853172766
2019,QUEENSTOWN,4 ROOM,historical_mature,50,55,20,53.875,5872.093023255814,4982.142857142857,6158.136363636364
2019,QUEENSTOWN,4 ROOM,historical_mature,55,60,6,55.916666666666664,4709.590909090909,4670.136363636364,5892.045454545455
2019,QUEENSTOWN,4 ROOM,historical_mature,70,75,1,72.75,6714.285714285715,6714.285714285715,6714.285714285715
2019,QUEENSTOWN,4 ROOM,historical_mature,75,80,24,76.5,6596.791979949874,5969.34239224511,7619.047619047619
2019,QUEENSTOWN,4 ROOM,historical_mature,80,85,22,80.54166666666666,7170.386727688787,6791.47005444646,7662.390488110138
2019,QUEENSTOWN,4 ROOM,historical_mature,85,90,41,87.66666666666667,8333.333333333334,8058.823529411765,8666.666666666666
2019,QUEENSTOWN,4 ROOM,historical_mature,90,95,70,92.0,8078.911148839841,7811.019736842105,8744.318181818182
2019,QUEENSTOWN,4 ROOM,historical_mature,95,100,5,95.08333333333333,8086.021505376344,7947.368421052632,8377.768421052631
2019,QUEENSTOWN,5 ROOM,historical_mature,50,55,10,54.54166666666667,6580.071974808817,6333.279465632407,6634.453781512605
2019,QUEENSTOWN,5 ROOM,historical_mature,55,60,22,56.75,6061.628430049483,5591.1869918699185,6554.871951219512
2019,QUEENSTOWN,5 ROOM,historical_mature,70,75,2,74.08333333333334,5971.306943830164,5684.901592215834,6257.712295444493
2019,QUEENSTOWN,5 ROOM,historical_mature,75,80,10,76.25,6934.623395820736,6621.945945945947,7067.02674562374
2019,QUEENSTOWN,5 ROOM,historical_mature,80,85,13,82.08333333333333,7053.571428571428,6782.608695652174,7353.527272727273
2019,QUEENSTOWN,5 ROOM,historical_mature,85,90,11,86.58333333333333,7954.545454545455,7690.90909090909,8299.49090909091
2019,QUEENSTOWN,5 ROOM,historical_mature,90,95,18,92.375,8141.025641025641,7977.9250956807,8849.557522123894
2019,QUEENSTOWN,EXECUTIVE,historical_mature,70,75,1,73.0,5677.419354838709,5677.419354838709,5677.419354838709
2019,QUEENSTOWN,EXECUTIVE,historical_mature,75,80,2,75.25,7534.013605442176,7389.455782312925,7678.571428571428
2019,SEMBAWANG,2 ROOM,historical_non_mature,90,95,29,94.58333333333333,4869.565217391304,4680.851063829788,5000.0
2019,SEMBAWANG,2 ROOM,historical_non_mature,95,100,6,95.08333333333334,4806.6604995374655,4707.446808510638,4956.521739130435
2019,SEMBAWANG,3 ROOM,historical_non_mature,90,95,31,94.75,4338.235294117647,4235.294117647059,4411.764705882353
2019,SEMBAWANG,3 ROOM,historical_non_mature,95,100,23,95.08333333333333,4294.117647058823,4082.089552238806,4411.764705882353
2019,SEMBAWANG,4 ROOM,historical_non_mature,75,80,48,79.04166666666666,3438.2794279427944,3250.0,3567.8751698699284
2019,SEMBAWANG,4 ROOM,historical_non_mature,80,85,130,81.25,3570.598006644518,3444.4444444444443,3785.6209150326795
2019,SEMBAWANG,4 ROOM,historical_non_mature,85,90,14,89.70833333333334,3645.1388888888887,3531.9148936170213,3678.191489361702
2019,SEMBAWANG,4 ROOM,historical_non_mature,90,95,71,94.58333333333333,4129.032258064516,3886.5708274894814,4311.8279569892475
2019,SEMBAWANG,4 ROOM,historical_non_mature,95,100,24,95.16666666666667,3972.9429640018698,3760.0806451612902,4138.478728377747
2019,SEMBAWANG,5 ROOM,historical_non_mature,75,80,39,79.08333333333333,3600.0,3423.2093663911846,3754.1490290935967
2019,SEMBAWANG,5 ROOM,historical_non_mature,80,85,133,81.08333333333333,3482.1428571428573,3304.3478260869565,3681.818181818182
2019,SEMBAWANG,5 ROOM,historical_non_mature,85,90,10,85.58333333333333,3623.2502011263073,3556.818181818182,3675.141592920354
2019,SEMBAWANG,EXECUTIVE,historical_non_mature,75,80,15,78.75,3602.9411764705883,3500.9908218606593,3800.653594771242
2019,SEMBAWANG,EXECUTIVE,historical_non_mature,80,85,70,80.91666666666667,3587.7862595419847,3383.747831116252,3738.0358191426894
2019,SENGKANG,2 ROOM,historical_non_mature,85,90,1,86.91666666666667,5340.909090909091,5340.909090909091,5340.909090909091
2019,SENGKANG,2 ROOM,historical_non_mature,90,95,30,94.375,5021.739130434782,4819.148936170212,5193.478260869565
2019,SENGKANG,2 ROOM,historical_non_mature,95,100,7,95.08333333333333,5695.652173913043,5608.695652173913,5923.91304347826
2019,SENGKANG,3 ROOM,historical_non_mature,85,90,4,88.41666666666666,4552.839931153184,4173.740416210296,4889.544513457557
2019,SENGKANG,3 ROOM,historical_non_mature,90,95,107,94.41666666666667,4970.588235294118,4729.8593350383635,5223.880597014925
2019,SENGKANG,3 ROOM,historical_non_mature,95,100,46,95.16666666666667,5298.507462686567,5052.23880597015,5697.76119402985
2019,SENGKANG,4 ROOM,historical_non_mature,75,80,74,79.04166666666666,3687.7974490767183,3530.15350877193,3862.5
2019,SENGKANG,4 ROOM,historical_non_mature,80,85,189,81.66666666666667,3977.777777777778,3776.595744680851,4202.127659574468
2019,SENGKANG,4 ROOM,historical_non_mature,85,90,108,88.83333333333333,5351.33239831697,4603.562801932367,5902.777777777777
2019,SENGKANG,4 ROOM,historical_non_mature,90,95,410,94.41666666666667,4625.061999542439,4347.826086956522,4891.304347826087
2019,SENGKANG,4 ROOM,historical_non_mature,95,100,154,95.16666666666667,4983.695652173913,4565.217391304348,5785.326086956522
2019,SENGKANG,5 ROOM,historical_non_mature,75,80,80,79.25,3634.1153193894856,3509.297520661157,3852.4590163934427
2019,SENGKANG,5 ROOM,historical_non_mature,80,85,295,81.41666666666667,3890.909090909091,3642.902711323764,4207.993730407523
2019,SENGKANG,5 ROOM,historical_non_mature,85,90,9,85.16666666666667,4000.0,3863.6363636363635,4090.909090909091
2019,SENGKANG,5 ROOM,historical_non_mature,90,95,106,94.75,5168.141592920354,4955.7522123893805,5398.43663084703
2019,SENGKANG,5 ROOM,historical_non_mature,95,100,67,95.16666666666667,5350.342342342342,5026.442084942085,5915.178571428572
2019,SENGKANG,EXECUTIVE,historical_non_mature,75,80,21,78.91666666666667,4115.384615384615,3986.013986013986,4423.076923076923
2019,SENGKANG,EXECUTIVE,historical_non_mature,80,85,87,81.16666666666667,4384.615384615385,4171.794871794872,4612.379807692308
2019,SERANGOON,2 ROOM,historical_mature,55,60,2,58.208333333333336,4715.90909090909,4630.681818181818,4801.136363636363
2019,SERANGOON,3 ROOM,historical_mature,55,60,14,57.916666666666664,4843.75,4691.40625,5171.875
2019,SERANGOON,3 ROOM,historical_mature,60,65,45,64.5,4402.985074626866,4029.8507462686566,4875.0
2019,SERANGOON,3 ROOM,historical_mature,65,70,36,65.58333333333333,5234.375,3984.375,5625.0
2019,SERANGOON,4 ROOM,historical_mature,60,65,50,64.66666666666667,4672.043010752688,4132.326007326007,5100.097619910595
2019,SERANGOON,4 ROOM,historical_mature,65,70,93,66.0,5337.078651685393,4262.626262626262,5932.5842696629215
2019,SERANGOON,4 ROOM,historical_mature,70,75,29,72.41666666666667,3759.6153846153848,3590.909090909091,3873.78640776699
2019,SERANGOON,4 ROOM,historical_mature,75,80,23,77.5,4000.0,3805.940594059406,4775.0
2019,SERANGOON,5 ROOM,historical_mature,60,65,12,64.66666666666666,5280.991735537191,5205.771685816032,5353.391873278237
2019,SERANGOON,5 ROOM,historical_mature,65,70,32,66.41666666666666,5349.8848394526485,4076.859504132231,5785.123966942148
2019,SERANGOON,5 ROOM,historical_mature,70,75,18,72.0,3894.72131147541,3765.368852459016,4192.622950819672
2019,SERANGOON,5 ROOM,historical_mature,75,80,22,77.70833333333334,4445.378151260504,4223.657024793389,5382.246376811594
2019,SERANGOON,EXECUTIVE,historical_mature,60,65,2,64.70833333333334,5317.770177250042,5276.334753054551,5359.205601445534
2019,SERANGOON,EXECUTIVE,historical_mature,65,70,29,65.5,5800.0,4386.666666666667,5958.904109589041
2019,SERANGOON,EXECUTIVE,historical_mature,70,75,23,72.41666666666667,4383.561643835616,4266.926904990184,4689.129343012373
2019,SERANGOON,EXECUTIVE,historical_mature,75,80,7,77.58333333333333,6128.571428571428,5673.758865248227,6660.714285714286
2019,TAMPINES,2 ROOM,historical_mature,85,90,1,88.91666666666667,6000.0,6000.0,6000.0
2019,TAMPINES,2 ROOM,historical_mature,90,95,10,93.79166666666667,5706.521739130434,5326.086956521739,5797.705314009662
2019,TAMPINES,2 ROOM,historical_mature,95,100,4,95.04166666666666,5978.723404255319,5813.829787234043,6079.787234042554
2019,TAMPINES,3 ROOM,historical_mature,60,65,166,64.16666666666667,4395.945945945946,4222.075869336143,4657.534246575343
2019,TAMPINES,3 ROOM,historical_mature,65,70,94,66.08333333333333,4513.513513513513,4245.426829268293,4722.6704316256555
2019,TAMPINES,3 ROOM,historical_mature,90,95,41,94.75,5791.044776119403,5522.388059701492,6044.776119402985
2019,TAMPINES,3 ROOM,historical_mature,95,100,19,95.16666666666667,6119.4029850746265,5507.4626865671635,6350.746268656716
2019,TAMPINES,4 ROOM,historical_mature,60,65,153,64.25,4171.428571428572,3894.230769230769,4368.9320388349515
2019,TAMPINES,4 ROOM,historical_mature,65,70,194,67.75,4228.479853479854,4038.4615384615386,4458.2255979314805
2019,TAMPINES,4 ROOM,historical_mature,70,75,16,73.16666666666667,3821.576923076923,3684.958791208791,3978.840970350404
2019,TAMPINES,4 ROOM,historical_mature,75,80,142,76.5,4130.414488424198,3834.4799238490828,4366.954545454546
2019,TAMPINES,4 ROOM,historical_mature,90,95,63,94.75,6170.212765957447,5741.935483870968,6819.148936170212
2019,TAMPINES,4 ROOM,historical_mature,95,100,18,95.125,5956.989247311828,5434.782608695652,6290.322580645161
2019,TAMPINES,5 ROOM,historical_mature,60,65,44,64.41666666666667,4214.876033057852,3958.504195318907,4464.042921887497
2019,TAMPINES,5 ROOM,historical_mature,65,70,120,68.04166666666666,4218.093754233843,4028.89174908549,4394.306327055954
2019,TAMPINES,5 ROOM,historical_mature,70,75,61,73.08333333333333,4016.3934426229507,3867.7685950413224,4211.382113821138
2019,TAMPINES,5 ROOM,historical_mature,75,80,88,76.58333333333333,4127.132095921961,3923.611111111111,4416.666666666667
2019,TAMPINES,5 ROOM,historical_mature,85,90,13,88.58333333333333,7333.333333333333,6666.666666666667,7449.54128440367
2019,TAMPINES,5 ROOM,historical_mature,90,95,32,94.66666666666667,6415.929203539823,6183.62831858407,7236.675928264714
2019,TAMPINES,5 ROOM,historical_mature,95,100,11,95.16666666666667,6088.495575221239,5730.088495575221,6225.16814159292
2019,TAMPINES,EXECUTIVE,historical_mature,60,65,16,64.5,5010.848877046061,4857.31981981982,5240.507726269316
2019,TAMPINES,EXECUTIVE,historical_mature,65,70,56,67.875,4712.0069872207405,4341.216216216217,4931.506849315068
2019,TAMPINES,EXECUTIVE,historical_mature,70,75,19,73.16666666666667,4370.860927152318,4229.446164430685,4479.793123543124
2019,TAMPINES,EXECUTIVE,historical_mature,75,80,30,76.04166666666667,4428.303303303303,4260.2040816326535,4599.8079196217495
2019,TAMPINES,MULTI-GENERATION,historical_mature,65,70,2,67.29166666666666,5090.361445783133,5075.301204819278,5105.421686746988
2019,TOA PAYOH,2 ROOM,historical_mature,45,50,16,47.333333333333336,4460.858585858586,4303.571428571428,4812.5
2019,TOA PAYOH,2 ROOM,historical_mature,50,55,2,51.66666666666667,5525.0,5450.0,5600.0
2019,TOA PAYOH,2 ROOM,historical_mature,60,65,1,62.5,4372.093023255814,4372.093023255814,4372.093023255814
2019,TOA PAYOH,3 ROOM,historical_mature,45,50,117,49.083333333333336,3676.470588235294,3328.3582089552237,4000.0
2019,TOA PAYOH,3 ROOM,historical_mature,50,55,122,51.5,3731.3432835820895,3454.879679144385,4226.385746606335
2019,TOA PAYOH,3 ROOM,historical_mature,55,60,19,56.166666666666664,3538.4615384615386,3500.0,3615.3846153846152
2019,TOA PAYOH,3 ROOM,historical_mature,60,65,55,63.916666666666664,4865.671641791045,4424.026590693257,5304.054054054053
2019,TOA PAYOH,3 ROOM,historical_mature,75,80,2,78.20833333333334,5570.3125,5558.59375,5582.03125
2019,TOA PAYOH,3 ROOM,historical_mature,90,95,3,91.91666666666667,8928.57142857143,8142.857142857143,9071.428571428572
2019,TOA PAYOH,4 ROOM,historical_mature,50,55,34,53.333333333333336,4367.816091954023,4120.689655172415,5342.261904761905
2019,TOA PAYOH,4 ROOM,historical_mature,55,60,22,55.833333333333336,3878.048780487805,3719.512195121951,4070.121951219512
2019,TOA PAYOH,4 ROOM,historical_mature,60,65,34,64.08333333333333,4427.083333333333,4067.961165048543,5069.828230022405
2019,TOA PAYOH,4 ROOM,historical_mature,65,70,16,68.58333333333333,4350.961538461539,4233.0097087378645,4543.2692307692305
2019,TOA PAYOH,4 ROOM,historical_mature,70,75,3,72.83333333333333,4587.155963302752,4579.292267365661,4852.668890742285
2019,TOA PAYOH,4 ROOM,historical_mature,75,80,28,77.58333333333334,6150.8403361344535,5547.330097087379,6393.489434608796
2019,TOA PAYOH,4 ROOM,historical_mature,80,85,6,81.375,7200.0,6686.928104575163,7473.382173382173
2019,TOA PAYOH,4 ROOM,historical_mature,85,90,48,88.5,8322.26469182991,8057.692307692308,8571.42857142857
2019,TOA PAYOH,4 ROOM,historical_mature,90,95,21,92.0,8956.043956043955,8681.318681318682,9208.791208791208
2019,TOA PAYOH,5 ROOM,historical_mature,50,55,5,54.75,4444.444444444444,4341.880341880342,4473.684210526316
2019,TOA PAYOH,5 ROOM,historical_mature,55,60,19,55.833333333333336,4358.974358974359,4188.596491228071,4428.104575163399
2019,TOA PAYOH,5 ROOM,historical_mature,60,65,10,63.583333333333336,4349.900935984149,4166.666666666667,5165.62235989862
2019,TOA PAYOH,5 ROOM,historical_mature,65,70,12,68.45833333333334,4814.549180327869,4708.460365853658,4934.426229508196
2019,TOA PAYOH,5 ROOM,historical_mature,70,75,10,73.0,5581.30081300813,5201.652892561983,5909.024390243902
2019,TOA PAYOH,5 ROOM,historical_mature,75,80,28,77.83333333333333,6729.508196721312,5995.833333333333,6903.517759562841
2019,TOA PAYOH,5 ROOM,historical_mature,80,85,8,81.04166666666666,7403.7517531556805,7201.173020527859,7495.652173913044
2019,TOA PAYOH,5 ROOM,historical_mature,85,90,10,85.625,8045.454545454546,7634.09090909091,8103.808353808355
2019,TOA PAYOH,5 ROOM,historical_mature,90,95,36,91.875,8236.842105263158,7917.538213998391,8620.206027890239
2019,TOA PAYOH,EXECUTIVE,historical_mature,60,65,3,63.25,5360.248447204969,5240.365187457906,5583.850931677019
2019,TOA PAYOH,EXECUTIVE,historical_mature,65,70,16,68.08333333333333,4856.164383561643,4433.484312859036,4967.163577759871
2019,WOODLANDS,2 ROOM,historical_non_mature,60,65,1,64.08333333333333,3777.777777777778,3777.777777777778,3777.777777777778
2019,WOODLANDS,2 ROOM,historical_non_mature,65,70,1,65.83333333333333,4000.0,4000.0,4000.0
2019,WOODLANDS,2 ROOM,historical_non_mature,90,95,13,94.83333333333333,4787.234042553191,4765.95744680851,4893.617021276596
2019,WOODLANDS,2 ROOM,historical_non_mature,95,100,14,95.20833333333334,4787.234042553191,4691.489361702128,4893.617021276596
2019,WOODLANDS,3 ROOM,historical_non_mature,50,55,13,54.083333333333336,3384.6153846153848,3098.276923076923,3400.0
2019,WOODLANDS,3 ROOM,historical_non_mature,55,60,43,56.166666666666664,3104.4776119402986,2921.368765926465,3261.5384615384614
2019,WOODLANDS,3 ROOM,historical_non_mature,60,65,51,64.16666666666667,3419.1176470588234,3237.006237006237,3555.821917808219
2019,WOODLANDS,3 ROOM,historical_non_mature,65,70,19,65.75,3720.5882352941176,3618.1372549019607,3793.3960335309753
2019,WOODLANDS,3 ROOM,historical_non_mature,70,75,21,73.25,3698.6301369863013,3561.6438356164385,3767.123287671233
2019,WOODLANDS,3 ROOM,historical_non_mature,75,80,4,75.20833333333334,3823.529411764706,3768.3823529411766,3852.9411764705883
2019,WOODLANDS,3 ROOM,historical_non_mature,90,95,56,94.625,4552.238805970149,4477.611940298508,4701.492537313433
2019,WOODLANDS,3 ROOM,historical_non_mature,95,100,19,95.25,4477.611940298508,4179.104477611941,4828.358208955224
2019,WOODLANDS,4 ROOM,historical_non_mature,50,55,4,54.33333333333333,2666.6666666666665,2666.6666666666665,2730.5555555555557
2019,WOODLANDS,4 ROOM,historical_non_mature,55,60,35,57.0,2747.252747252747,2645.211930926217,2808.6167800453513
2019,WOODLANDS,4 ROOM,historical_non_mature,60,65,23,64.33333333333333,3153.846153846154,2907.656859269762,3252.688172043011
2019,WOODLANDS,4 ROOM,historical_non_mature,65,70,72,66.125,3361.263736263736,3257.073236767294,3480.606296152351
2019,WOODLANDS,4 ROOM,historical_non_mature,70,75,46,73.66666666666667,3395.2237521514626,3158.6396858296066,3477.744165946413
2019,WOODLANDS,4 ROOM,historical_non_mature,75,80,393,77.41666666666667,3300.0,3153.846153846154,3461.5384615384614
2019,WOODLANDS,4 ROOM,historical_non_mature,80,85,63,81.33333333333333,3662.7906976744184,3468.4818481848183,3868.7286821705425
2019,WOODLANDS,4 ROOM,historical_non_mature,90,95,121,94.58333333333333,4239.130434782609,4021.7391304347825,4510.869565217391
2019,WOODLANDS,4 ROOM,historical_non_mature,95,100,38,95.16666666666667,4260.869565217392,4084.239130434782,4418.478260869566
2019,WOODLANDS,5 ROOM,historical_non_mature,55,60,18,56.91666666666667,2655.645161290323,2549.603174603175,2837.513668671405
2019,WOODLANDS,5 ROOM,historical_non_mature,60,65,17,60.75,3050.8474576271187,2869.918699186992,3289.2561983471073
2019,WOODLANDS,5 ROOM,historical_non_mature,65,70,29,66.0,3074.380165289256,2933.884297520661,3303.27868852459
2019,WOODLANDS,5 ROOM,historical_non_mature,70,75,19,73.58333333333333,3226.2773722627735,3113.460712752254,3318.434782608696
2019,WOODLANDS,5 ROOM,historical_non_mature,75,80,312,77.33333333333333,3305.434934864827,3170.731707317073,3451.8049155145927
2019,WOODLANDS,5 ROOM,historical_non_mature,80,85,118,82.25,3454.5454545454545,3363.6363636363635,3590.8651515151514
2019,WOODLANDS,5 ROOM,historical_non_mature,90,95,22,94.66666666666666,4098.214285714285,3904.0178571428573,4419.642857142857
2019,WOODLANDS,5 ROOM,historical_non_mature,95,100,16,95.29166666666666,4160.214285714286,4095.9821428571427,4196.428571428572
2019,WOODLANDS,EXECUTIVE,historical_non_mature,60,65,3,61.0,3067.4846625766872,2960.4089979550104,3153.3742331288345
2019,WOODLANDS,EXECUTIVE,historical_non_mature,65,70,7,68.25,3561.6438356164385,3321.6879654316444,3741.4383561643835
2019,WOODLANDS,EXECUTIVE,historical_non_mature,70,75,53,74.33333333333333,3773.006134969325,3615.8192090395482,3968.253968253968
2019,WOODLANDS,EXECUTIVE,historical_non_mature,75,80,113,77.66666666666667,3888.8888888888887,3715.277777777778,4027.777777777778
2019,WOODLANDS,EXECUTIVE,historical_non_mature,80,85,17,80.75,3740.4580152671756,3664.1221374045804,3893.1297709923665
2019,YISHUN,2 ROOM,historical_non_mature,75,80,1,79.83333333333333,4875.0,4875.0,4875.0
2019,YISHUN,2 ROOM,historical_non_mature,80,85,6,80.125,5125.0,4981.25,5343.75
2019,YISHUN,2 ROOM,historical_non_mature,90,95,9,93.08333333333333,4581.0,4531.914893617021,4750.0
2019,YISHUN,2 ROOM,historical_non_mature,95,100,14,95.29166666666666,4840.425531914893,4755.319148936171,4893.617021276596
2019,YISHUN,3 ROOM,historical_non_mature,55,60,3,58.083333333333336,3507.4626865671644,3503.731343283582,3518.437225636523
2019,YISHUN,3 ROOM,historical_non_mature,60,65,166,64.08333333333333,3701.492537313433,3513.5135135135133,3966.747146619842
2019,YISHUN,3 ROOM,historical_non_mature,65,70,185,66.83333333333333,3767.123287671233,3581.0810810810813,3955.223880597015
2019,YISHUN,3 ROOM,historical_non_mature,70,75,3,72.16666666666667,3718.75,3695.3125,3984.375
2019,YISHUN,3 ROOM,historical_non_mature,90,95,37,93.25,4552.238805970149,4328.358208955224,5970.149253731343
2019,YISHUN,3 ROOM,historical_non_mature,95,100,64,95.33333333333333,4597.014925373134,4446.115013169447,4812.5
2019,YISHUN,4 ROOM,historical_non_mature,55,60,1,57.5,3055.5555555555557,3055.5555555555557,3055.5555555555557
2019,YISHUN,4 ROOM,historical_non_mature,60,65,99,64.5,3437.5,3295.7200694042804,3763.440860215054
2019,YISHUN,4 ROOM,historical_non_mature,65,70,399,67.33333333333333,3442.3076923076924,3209.084604715673,3649.8397435897436
2019,YISHUN,4 ROOM,historical_non_mature,70,75,18,72.41666666666667,3320.868945868946,3209.1346153846152,3571.4285714285716
2019,YISHUN,4 ROOM,historical_non_mature,80,85,4,80.79166666666667,3698.45208554886,3396.579227224389,3994.810744810745
2019,YISHUN,4 ROOM,historical_non_mature,90,95,169,93.16666666666667,4402.173913043478,4130.434782608696,6086.95652173913
2019,YISHUN,4 ROOM,historical_non_mature,95,100,195,95.25,4347.826086956522,4130.434782608696,4513.499298737728
2019,YISHUN,5 ROOM,historical_non_mature,60,65,22,64.75,3444.4924139632417,3305.785123966942,3780.99173553719
2019,YISHUN,5 ROOM,historical_non_mature,65,70,127,67.0,3454.5454545454545,3285.5455900284514,3757.214469584067
2019,YISHUN,5 ROOM,historical_non_mature,70,75,11,72.83333333333333,3373.0158730158732,3108.5271317829456,3812.878787878788
2019,YISHUN,5 ROOM,historical_non_mature,75,80,1,75.08333333333333,3412.6984126984125,3412.6984126984125,3412.6984126984125
2019,YISHUN,5 ROOM,historical_non_mature,80,85,3,80.58333333333333,3571.4285714285716,3571.4285714285716,3925.353925353925
2019,YISHUN,5 ROOM,historical_non_mature,90,95,51,94.5,4508.928571428572,4316.964285714286,6187.5
2019,YISHUN,5 ROOM,historical_non_mature,95,100,101,95.25,4553.571428571428,4357.142857142857,4732.142857142857
2019,YISHUN,EXECUTIVE,historical_non_mature,60,65,1,63.833333333333336,4299.386503067484,4299.386503067484,4299.386503067484
2019,YISHUN,EXECUTIVE,historical_non_mature,65,70,83,67.75,3732.876712328767,3561.6438356164385,4010.466911055373
2019,YISHUN,EXECUTIVE,historical_non_mature,70,75,9,71.75,4243.219512195122,3963.4146341463415,4542.682926829269
2019,YISHUN,MULTI-GENERATION,historical_non_mature,65,70,8,67.5,4531.446540880503,4512.195121951219,4671.013692768507
2020,ANG MO KIO,2 ROOM,historical_mature,55,60,15,56.75,4613.636363636364,4511.363636363636,4818.181818181818
2020,ANG MO KIO,2 ROOM,historical_mature,60,65,1,64.66666666666667,4555.555555555556,4555.555555555556,4555.555555555556
2020,ANG MO KIO,3 ROOM,historical_mature,50,55,9,54.583333333333336,3972.6027397260273,3731.3432835820895,4146.341463414634
2020,ANG MO KIO,3 ROOM,historical_mature,55,60,424,58.333333333333336,3971.5954875100724,3745.4268292682927,4247.019742143433
2020,ANG MO KIO,3 ROOM,historical_mature,60,65,43,63.166666666666664,4086.41975308642,3825.344952795933,4333.296751536435
2020,ANG MO KIO,3 ROOM,historical_mature,90,95,27,94.41666666666667,6686.567164179104,6395.522388059702,6795.522388059701
2020,ANG MO KIO,4 ROOM,historical_mature,50,55,3,54.583333333333336,3902.439024390244,3871.951219512195,4036.585365853659
2020,ANG MO KIO,4 ROOM,historical_mature,55,60,197,58.166666666666664,4211.95652173913,3956.043956043956,4450.0
2020,ANG MO KIO,4 ROOM,historical_mature,60,65,25,60.833333333333336,4175.824175824176,3879.120879120879,4395.604395604396
2020,ANG MO KIO,4 ROOM,historical_mature,70,75,4,71.79166666666666,4665.178571428572,4261.918800539084,5080.275229357798
2020,ANG MO KIO,4 ROOM,historical_mature,80,85,31,81.5,6557.894736842105,6174.269005847953,6865.497076023392
2020,ANG MO KIO,4 ROOM,historical_mature,85,90,9,85.08333333333333,6736.8421052631575,6444.444444444444,7956.989247311828
2020,ANG MO KIO,4 ROOM,historical_mature,90,95,32,91.08333333333333,7378.748828491096,6890.715667311411,7839.272030651341
2020,ANG MO KIO,5 ROOM,historical_mature,55,60,79,58.833333333333336,4453.781512605042,4145.947635252448,4719.607843137255
2020,ANG MO KIO,5 ROOM,historical_mature,60,65,4,60.25,4568.5973575336975,4463.68539011066,4861.659375911344
2020,ANG MO KIO,5 ROOM,historical_mature,70,75,11,72.16666666666667,5247.36496350365,4848.912052859421,5398.207056101794
2020,ANG MO KIO,5 ROOM,historical_mature,75,80,6,79.83333333333333,6477.272727272727,5933.683853459973,6746.963636363636
2020,ANG MO KIO,5 ROOM,historical_mature,80,85,38,81.75,6809.090909090909,6238.636363636363,7377.342342342343
2020,ANG MO KIO,5 ROOM,historical_mature,85,90,7,89.75,7541.666666666667,7433.035714285714,8147.321428571428
2020,ANG MO KIO,5 ROOM,historical_mature,90,95,17,90.41666666666667,7392.857142857143,7272.547008547009,7812.5
2020,ANG MO KIO,EXECUTIVE,historical_mature,55,60,8,59.0,4899.147089630405,4610.01795600778,5559.815950920245
2020,ANG MO KIO,EXECUTIVE,historical_mature,70,75,7,74.66666666666667,5414.965986394558,5279.211839614524,5481.505102040816
2020,BEDOK,2 ROOM,historical_mature,55,60,9,56.916666666666664,4590.909090909091,4444.444444444444,4777.777777777777
2020,BEDOK,2 ROOM,historical_mature,60,65,9,64.58333333333333,4777.777777777777,4666.666666666667,4866.666666666667
2020,BEDOK,2 ROOM,historical_mature,65,70,2,65.29166666666666,4966.666666666666,4950.0,4983.333333333333
2020,BEDOK,2 ROOM,historical_mature,95,100,2,95.41666666666667,5319.148936170213,5212.765957446809,5425.531914893618
2020,BEDOK,3 ROOM,historical_mature,50,55,46,53.125,4038.4615384615386,3880.7692307692305,4323.49841938883
2020,BEDOK,3 ROOM,historical_mature,55,60,340,57.666666666666664,4059.7014925373132,3880.597014925373,4253.731343283582
2020,BEDOK,3 ROOM,historical_mature,60,65,117,62.833333333333336,4117.64705882353,3966.6666666666665,4333.333333333333
2020,BEDOK,3 ROOM,historical_mature,65,70,19,65.83333333333333,4191.176470588235,4141.741071428572,4428.571428571428
2020,BEDOK,3 ROOM,historical_mature,85,90,3,88.83333333333333,7391.304347826087,6992.753623188406,7485.974754558205
2020,BEDOK,3 ROOM,historical_mature,90,95,16,93.125,7397.7268204432385,7078.527815468114,7477.272727272728
2020,BEDOK,3 ROOM,historical_mature,95,100,10,95.125,6838.235294117647,6566.176470588235,7040.441176470588
2020,BEDOK,4 ROOM,historical_mature,50,55,8,54.20833333333333,4182.926829268293,4021.3414634146343,4436.668514412417
2020,BEDOK,4 ROOM,historical_mature,55,60,204,57.25,4054.4217687074834,3755.5555555555557,4313.664596273292
2020,BEDOK,4 ROOM,historical_mature,60,65,68,63.25,4114.493614493615,3973.901098901099,4357.28628800918
2020,BEDOK,4 ROOM,historical_mature,65,70,46,65.91666666666667,4290.584415584415,4107.142857142857,4508.928571428572
2020,BEDOK,4 ROOM,historical_mature,70,75,7,74.58333333333333,4522.009433962264,4388.888888888889,5024.712437095614
2020,BEDOK,4 ROOM,historical_mature,75,80,36,79.20833333333334,4952.380952380952,4532.407407407408,5195.238095238095
2020,BEDOK,4 ROOM,historical_mature,80,85,15,84.25,6576.086956521739,6168.478260869565,6935.2941176470595
2020,BEDOK,4 ROOM,historical_mature,85,90,11,88.66666666666667,7287.234042553191,6985.969291511296,7551.546391752578
2020,BEDOK,4 ROOM,historical_mature,90,95,30,93.16666666666667,7632.183908045978,7511.494252873563,7907.778668805132
2020,BEDOK,4 ROOM,historical_mature,95,100,36,95.16666666666667,6844.086021505376,6666.666666666667,6973.118279569892
2020,BEDOK,5 ROOM,historical_mature,50,55,9,54.166666666666664,5153.846153846154,4914.529914529914,5219.298245614035
2020,BEDOK,5 ROOM,historical_mature,55,60,82,57.25,4380.347593582888,3918.803418803419,4954.259752681561
2020,BEDOK,5 ROOM,historical_mature,60,65,37,62.416666666666664,3884.2975206611573,3636.3636363636365,4033.0578512396696
2020,BEDOK,5 ROOM,historical_mature,65,70,13,66.08333333333333,3934.4262295081967,3770.4918032786886,5923.076923076923
2020,BEDOK,5 ROOM,historical_mature,70,75,17,72.0,4726.5625,4325.396825396825,5122.950819672131
2020,BEDOK,5 ROOM,historical_mature,75,80,26,76.91666666666666,4913.04347826087,4629.543554006968,5267.300724637681
2020,BEDOK,5 ROOM,historical_mature,85,90,4,88.70833333333334,7437.0,7334.071428571428,7511.160714285714
2020,BEDOK,5 ROOM,historical_mature,90,95,23,93.0,7542.857142857143,7461.9047619047615,7795.238095238095
2020,BEDOK,EXECUTIVE,historical_mature,55,60,2,57.33333333333333,4482.265002468092,4367.569282843241,4596.960722092941
2020,BEDOK,EXECUTIVE,historical_mature,60,65,17,64.16666666666667,4662.1621621621625,4266.666666666667,4898.648648648648
2020,BEDOK,EXECUTIVE,historical_mature,65,70,15,65.58333333333333,4453.333333333333,4269.554948362895,4527.338433378702
2020,BEDOK,EXECUTIVE,historical_mature,70,75,30,72.20833333333334,5072.708113804005,4881.933050356936,5185.794248005515
2020,BEDOK,EXECUTIVE,historical_mature,75,80,6,75.25,5205.951818611243,5086.206896551725,5456.424185167691
2020,BISHAN,3 ROOM,historical_mature,50,55,16,52.083333333333336,3991.289592760181,3840.4977375565613,4088.461538461538
2020,BISHAN,3 ROOM,historical_mature,60,65,20,64.20833333333334,5687.383395522388,5374.008651766402,6001.049440298508
2020,BISHAN,3 ROOM,historical_mature,65,70,13,66.16666666666667,5937.5,5185.714285714285,6093.75
2020,BISHAN,4 ROOM,historical_mature,50,55,1,52.916666666666664,4034.090909090909,4034.090909090909,4034.090909090909
2020,BISHAN,4 ROOM,historical_mature,60,65,33,64.25,5739.130434782609,5580.0,6071.428571428572
2020,BISHAN,4 ROOM,historical_mature,65,70,72,66.5,5318.712436430883,4994.047619047619,5716.437177280552
2020,BISHAN,4 ROOM,historical_mature,70,75,83,71.0,5336.538461538462,4908.653846153846,5533.980582524272
2020,BISHAN,4 ROOM,historical_mature,75,80,7,76.75,5519.607843137255,5269.607843137255,5759.803921568628
2020,BISHAN,4 ROOM,historical_mature,85,90,3,89.91666666666667,9052.631578947368,8947.368421052632,9173.684210526317
2020,BISHAN,4 ROOM,historical_mature,90,95,6,90.41666666666667,8815.78947368421,8523.684210526317,9280.694736842106
2020,BISHAN,5 ROOM,historical_mature,60,65,5,64.25,5750.0,5603.305785123967,6033.05785123967
2020,BISHAN,5 ROOM,historical_mature,65,70,94,66.16666666666667,5632.231404958678,5342.213114754099,5954.198473282443
2020,BISHAN,5 ROOM,historical_mature,70,75,16,70.875,5968.201101928375,5734.364319890636,6651.278409090909
2020,BISHAN,5 ROOM,historical_mature,75,80,11,76.83333333333333,6198.347107438017,6045.320163945441,6475.173016192972
2020,BISHAN,5 ROOM,historical_mature,85,90,6,89.79166666666666,9395.833333333334,8177.083333333334,10008.333333333334
2020,BISHAN,5 ROOM,historical_mature,90,95,10,90.29166666666666,8416.666666666666,7385.416666666667,8895.833333333334
2020,BISHAN,EXECUTIVE,historical_mature,60,65,3,64.25,5671.140939597315,5561.376921411561,6225.9814287027675
2020,BISHAN,EXECUTIVE,historical_mature,65,70,20,65.75,6211.945205479452,5602.978187919463,6510.955710955711
2020,BISHAN,EXECUTIVE,historical_mature,70,75,28,70.95833333333334,5886.353467561521,5642.123287671233,6138.19077538198
2020,BISHAN,MULTI-GENERATION,historical_mature,65,70,1,65.83333333333333,5875.0,5875.0,5875.0
2020,BUKIT BATOK,3 ROOM,historical_non_mature,60,65,104,63.75,3777.6558384547848,3604.9606462303236,3930.7684341342174
2020,BUKIT BATOK,3 ROOM,historical_non_mature,65,70,78,66.25,3969.6691176470586,3750.0,4160.15625
2020,BUKIT BATOK,3 ROOM,historical_non_mature,75,80,1,77.0,3582.089552238806,3582.089552238806,3582.089552238806
2020,BUKIT BATOK,4 ROOM,historical_non_mature,60,65,134,63.916666666666664,3689.3203883495144,3487.2627372627376,3882.2475274475996
2020,BUKIT BATOK,4 ROOM,historical_non_mature,65,70,84,65.70833333333334,3633.658008658009,3434.4660194174758,3786.255411255411
2020,BUKIT BATOK,4 ROOM,historical_non_mature,75,80,33,76.5,4021.7391304347825,3804.3478260869565,4283.21568627451
2020,BUKIT BATOK,4 ROOM,historical_non_mature,80,85,31,83.25,4651.162790697675,4439.613526570049,4853.260869565217
2020,BUKIT BATOK,5 ROOM,historical_non_mature,60,65,49,63.833333333333336,3917.910447761194,3719.00826446281,4128.787878787879
2020,BUKIT BATOK,5 ROOM,historical_non_mature,65,70,14,65.625,3463.1147540983607,3336.0655737704915,3772.5409836065573
2020,BUKIT BATOK,5 ROOM,historical_non_mature,70,75,1,74.5,4730.7692307692305,4730.7692307692305,4730.7692307692305
2020,BUKIT BATOK,5 ROOM,historical_non_mature,75,80,29,76.25,4421.487603305785,4280.99173553719,4625.0
2020,BUKIT BATOK,5 ROOM,historical_non_mature,80,85,27,83.25,4745.762711864407,4525.423728813559,4894.067796610169
2020,BUKIT BATOK,EXECUTIVE,historical_non_mature,60,65,41,63.833333333333336,4178.082191780822,3933.3333333333335,4482.758620689655
2020,BUKIT BATOK,EXECUTIVE,historical_non_mature,65,70,35,65.41666666666667,3741.2587412587413,3559.6868884540118,4032.624369142033
2020,BUKIT BATOK,EXECUTIVE,historical_non_mature,70,75,5,71.75,3758.8652482269504,3716.2162162162163,3853.3333333333335
2020,BUKIT BATOK,EXECUTIVE,historical_non_mature,75,80,20,76.25,4916.666666666667,4678.556146572104,5140.137889688249
2020,BUKIT MERAH,1 ROOM,historical_mature,50,55,10,53.916666666666664,5612.903225806451,5322.580645161291,6411.290322580646
2020,BUKIT MERAH,2 ROOM,historical_mature,45,50,12,48.541666666666664,4235.880398671096,4078.666350261035,4776.041666666667
2020,BUKIT MERAH,2 ROOM,historical_mature,50,55,12,54.25,4705.128205128205,4616.666666666666,5900.210084033613
2020,BUKIT MERAH,2 ROOM,historical_mature,90,95,5,92.0,8148.936170212766,8085.106382978724,8297.872340425532
2020,BUKIT MERAH,3 ROOM,historical_mature,45,50,47,48.5,4758.064516129032,4355.208333333334,5067.796610169491
2020,BUKIT MERAH,3 ROOM,historical_mature,50,55,101,53.666666666666664,4615.384615384615,4285.714285714285,5131.578947368421
2020,BUKIT MERAH,3 ROOM,historical_mature,55,60,43,56.333333333333336,4726.027397260274,4514.511260738333,5281.186659296112
2020,BUKIT MERAH,3 ROOM,historical_mature,60,65,44,61.79166666666667,4701.492537313433,4391.34495641345,5177.676687763713
2020,BUKIT MERAH,3 ROOM,historical_mature,65,70,1,67.25,5070.422535211268,5070.422535211268,5070.422535211268
2020,BUKIT MERAH,3 ROOM,historical_mature,80,85,5,81.33333333333333,8750.0,8750.0,9148.133333333333
2020,BUKIT MERAH,3 ROOM,historical_mature,85,90,13,87.58333333333333,8914.8,8766.666666666666,9050.0
2020,BUKIT MERAH,3 ROOM,historical_mature,90,95,33,92.16666666666667,9202.898550724638,8695.652173913044,10483.870967741936
2020,BUKIT MERAH,3 ROOM,historical_mature,95,100,3,95.0,11048.387096774193,10024.193548387097,11169.354838709678
2020,BUKIT MERAH,4 ROOM,historical_mature,45,50,5,48.75,5337.8378378378375,5250.0,5350.0
2020,BUKIT MERAH,4 ROOM,historical_mature,50,55,17,54.333333333333336,4938.271604938272,4658.536585365854,5060.975609756098
2020,BUKIT MERAH,4 ROOM,historical_mature,55,60,20,56.333333333333336,4890.707118967988,4808.869701726844,5086.95652173913
2020,BUKIT MERAH,4 ROOM,historical_mature,60,65,25,63.333333333333336,5145.631067961165,4932.038834951456,5436.8932038834955
2020,BUKIT MERAH,4 ROOM,historical_mature,65,70,11,65.33333333333333,5595.238095238095,5333.333333333334,5732.142857142857
2020,BUKIT MERAH,4 ROOM,historical_mature,70,75,1,73.75,7097.345132743363,7097.345132743363,7097.345132743363
2020,BUKIT MERAH,4 ROOM,historical_mature,75,80,31,75.91666666666667,6000.0,5723.8317757009345,6303.899082568807
2020,BUKIT MERAH,4 ROOM,historical_mature,80,85,75,81.91666666666667,7750.0,6775.427542754275,8163.333333333334
2020,BUKIT MERAH,4 ROOM,historical_mature,85,90,27,87.16666666666667,8111.111111111111,7873.856209150326,8508.164705882353
2020,BUKIT MERAH,4 ROOM,historical_mature,90,95,55,92.33333333333333,9213.483146067416,8652.054292002935,10315.217391304348
2020,BUKIT MERAH,4 ROOM,historical_mature,95,100,3,95.0,10752.68817204301,10637.213651238897,10795.698924731183
2020,BUKIT MERAH,5 ROOM,historical_mature,50,55,12,53.83333333333333,5609.243697478992,5127.033898305084,6095.9289248762925
2020,BUKIT MERAH,5 ROOM,historical_mature,55,60,46,56.375,5212.769810227437,4748.23408914318,5699.542837465565
2020,BUKIT MERAH,5 ROOM,historical_mature,60,65,25,63.25,5839.41605839416,5326.086956521739,6396.946564885497
2020,BUKIT MERAH,5 ROOM,historical_mature,65,70,5,65.41666666666667,5230.229508196721,5163.934426229508,5236.065573770492
2020,BUKIT MERAH,5 ROOM,historical_mature,70,75,6,73.95833333333334,6512.694382735639,6500.912408759124,6570.910973084887
2020,BUKIT MERAH,5 ROOM,historical_mature,75,80,21,78.33333333333333,5941.666666666667,5629.921259842519,6627.118644067797
2020,BUKIT MERAH,5 ROOM,historical_mature,80,85,66,82.0,7373.426086956522,6661.607142857143,7821.739130434782
2020,BUKIT MERAH,5 ROOM,historical_mature,85,90,5,87.25,8072.727272727273,7818.181818181818,8272.727272727272
2020,BUKIT MERAH,5 ROOM,historical_mature,90,95,9,94.33333333333333,9508.92857142857,9285.714285714286,10160.714285714286
2020,BUKIT MERAH,5 ROOM,historical_mature,95,100,1,95.0,8750.0,8750.0,8750.0
2020,BUKIT PANJANG,2 ROOM,historical_non_mature,90,95,23,93.83333333333333,5000.0,4806.6604995374655,5151.017576318223
2020,BUKIT PANJANG,3 ROOM,historical_non_mature,65,70,54,67.33333333333333,3904.109589041096,3767.123287671233,4075.342465753424
2020,BUKIT PANJANG,3 ROOM,historical_non_mature,90,95,89,94.41666666666667,4805.9701492537315,4597.014925373134,4925.373134328358
2020,BUKIT PANJANG,3 ROOM,historical_non_mature,95,100,12,95.29166666666666,4764.7058823529405,4632.35294117647,4904.411764705882
2020,BUKIT PANJANG,4 ROOM,historical_non_mature,65,70,99,67.41666666666667,3442.3076923076924,3291.2621359223303,3605.769230769231
2020,BUKIT PANJANG,4 ROOM,historical_non_mature,75,80,80,77.08333333333333,3930.4455445544554,3540.768782760629,4765.934065934066
2020,BUKIT PANJANG,4 ROOM,historical_non_mature,80,85,58,81.25,4222.222222222223,3875.448028673835,4655.2444444444445
2020,BUKIT PANJANG,4 ROOM,historical_non_mature,90,95,294,94.16666666666667,4728.260869565217,4462.365591397849,4892.4731182795695
2020,BUKIT PANJANG,4 ROOM,historical_non_mature,95,100,37,95.16666666666667,4892.4731182795695,4677.419354838709,4946.236559139785
2020,BUKIT PANJANG,5 ROOM,historical_non_mature,65,70,39,67.5,3590.1639344262294,3354.5702930948833,3724.2582305920605
2020,BUKIT PANJANG,5 ROOM,historical_non_mature,75,80,60,77.16666666666667,4158.512396694215,3747.459349593496,4803.719008264463
2020,BUKIT PANJANG,5 ROOM,historical_non_mature,80,85,71,80.91666666666667,4342.342342342342,3827.272727272727,4900.0
2020,BUKIT PANJANG,5 ROOM,historical_non_mature,90,95,88,94.25,4723.214285714286,4507.554835651074,4957.635587863464
2020,BUKIT PANJANG,5 ROOM,historical_non_mature,95,100,37,95.25,4911.504424778761,4761.061946902655,5017.699115044248
2020,BUKIT PANJANG,EXECUTIVE,historical_non_mature,65,70,37,67.16666666666667,4105.960264900662,3862.0689655172414,4383.561643835616
2020,BUKIT PANJANG,EXECUTIVE,historical_non_mature,75,80,30,77.375,4600.694444444444,4376.046488722544,5051.185714285714
2020,BUKIT PANJANG,EXECUTIVE,historical_non_mature,80,85,35,81.25,4000.0,3593.75,4723.810921902525
2020,BUKIT TIMAH,3 ROOM,historical_mature,50,55,9,54.416666666666664,5692.307692307692,5263.1578947368425,6230.7692307692305
2020,BUKIT TIMAH,3 ROOM,historical_mature,55,60,1,55.0,6076.923076923077,6076.923076923077,6076.923076923077
2020,BUKIT TIMAH,4 ROOM,historical_mature,50,55,4,52.95833333333333,6139.039511050747,5993.795530312384,6231.031176688481
2020,BUKIT TIMAH,4 ROOM,historical_mature,65,70,12,67.33333333333334,6201.032763532763,5961.538461538462,6612.711538461538
2020,BUKIT TIMAH,5 ROOM,historical_mature,50,55,3,53.083333333333336,7073.170731707317,6991.869918699187,7244.918699186992
2020,BUKIT TIMAH,5 ROOM,historical_mature,65,70,9,67.58333333333333,6819.672131147541,6692.913385826771,7049.180327868852
2020,BUKIT TIMAH,EXECUTIVE,historical_mature,65,70,9,67.16666666666667,6561.643835616438,6356.164383561644,6643.835616438356
2020,CENTRAL AREA,2 ROOM,historical_mature,45,50,1,49.916666666666664,3924.5283018867926,3924.5283018867926,3924.5283018867926
2020,CENTRAL AREA,2 ROOM,historical_mature,50,55,3,50.333333333333336,3851.8518518518517,3812.7183787561144,5259.259259259259
2020,CENTRAL AREA,2 ROOM,historical_mature,60,65,5,60.833333333333336,4407.407407407408,4036.3636363636365,4629.62962962963
2020,CENTRAL AREA,3 ROOM,historical_mature,45,50,2,49.625,5282.894736842105,5194.078947368421,5371.710526315789
2020,CENTRAL AREA,3 ROOM,historical_mature,50,55,11,52.833333333333336,5522.388059701492,5370.879120879121,6184.21052631579
2020,CENTRAL AREA,3 ROOM,historical_mature,55,60,37,56.583333333333336,7033.333333333333,5666.666666666667,7600.0
2020,CENTRAL AREA,3 ROOM,historical_mature,60,65,16,63.125,5577.629766753054,5198.028507960015,6192.164179104478
2020,CENTRAL AREA,3 ROOM,historical_mature,65,70,2,65.04166666666666,7400.0,7200.0,7600.0
2020,CENTRAL AREA,4 ROOM,historical_mature,50,55,2,53.333333333333336,5974.025974025974,5974.025974025974,5974.025974025974
2020,CENTRAL AREA,4 ROOM,historical_mature,55,60,13,58.5,7530.120481927711,6097.5609756097565,7831.325301204819
2020,CENTRAL AREA,4 ROOM,historical_mature,60,65,20,62.33333333333333,5388.809182209469,5148.54094076655,5896.913220733838
2020,CENTRAL AREA,4 ROOM,historical_mature,80,85,6,81.375,5929.411764705883,5788.235294117648,6100.0
2020,CENTRAL AREA,4 ROOM,historical_mature,85,90,23,89.5,10161.290322580646,9867.289190718733,10733.004385964912
2020,CENTRAL AREA,4 ROOM,historical_mature,90,95,1,90.0,10084.21052631579,10084.21052631579,10084.21052631579
2020,CENTRAL AREA,5 ROOM,historical_mature,55,60,1,55.333333333333336,7627.118644067797,7627.118644067797,7627.118644067797
2020,CENTRAL AREA,5 ROOM,historical_mature,60,65,1,63.75,5565.217391304348,5565.217391304348,5565.217391304348
2020,CENTRAL AREA,5 ROOM,historical_mature,80,85,8,80.83333333333333,5785.714285714286,5685.714285714286,6209.523809523809
2020,CENTRAL AREA,5 ROOM,historical_mature,85,90,18,89.375,10426.774483378256,9673.324877614596,11125.834445927903
2020,CHOA CHU KANG,2 ROOM,historical_non_mature,90,95,12,93.625,4638.297872340426,4558.510638297873,4968.085106382979
2020,CHOA CHU KANG,2 ROOM,historical_non_mature,95,100,3,95.33333333333333,5531.914893617021,5212.765957446809,5851.063829787234
2020,CHOA CHU KANG,3 ROOM,historical_non_mature,55,60,5,57.666666666666664,3492.5373134328356,3459.4594594594596,3671.6417910447763
2020,CHOA CHU KANG,3 ROOM,historical_non_mature,60,65,7,63.0,3540.5405405405404,3506.7567567567567,3662.1621621621625
2020,CHOA CHU KANG,3 ROOM,historical_non_mature,65,70,8,68.5,3698.6301369863013,3547.945205479452,3886.986301369863
2020,CHOA CHU KANG,3 ROOM,historical_non_mature,90,95,28,93.79166666666666,4726.075504828797,4608.20895522388,4903.2594381036
2020,CHOA CHU KANG,3 ROOM,historical_non_mature,95,100,16,95.5,4954.388059701492,4834.558823529412,5247.0368744512725
2020,CHOA CHU KANG,4 ROOM,historical_non_mature,55,60,7,57.416666666666664,3181.818181818182,3114.1304347826085,3300.9442248572686
2020,CHOA CHU KANG,4 ROOM,historical_non_mature,60,65,4,63.25,3067.1728971962616,2999.6564046179215,3167.9258241758243
2020,CHOA CHU KANG,4 ROOM,historical_non_mature,65,70,48,68.45833333333334,3282.2861329913903,3073.458073458073,3422.313745528871
2020,CHOA CHU KANG,4 ROOM,historical_non_mature,70,75,92,71.91666666666667,3317.3076923076924,3166.8447293447293,3518.6965811965815
2020,CHOA CHU KANG,4 ROOM,historical_non_mature,75,80,114,77.70833333333334,3427.303056392596,3252.4271844660193,3566.3888888888887
2020,CHOA CHU KANG,4 ROOM,historical_non_mature,80,85,32,81.58333333333333,3714.285714285714,3571.911111111111,3800.0
2020,CHOA CHU KANG,4 ROOM,historical_non_mature,90,95,81,94.66666666666667,4580.645161290323,4408.602150537635,4719.225806451613
2020,CHOA CHU KANG,4 ROOM,historical_non_mature,95,100,51,95.16666666666667,4516.129032258064,4274.193548387097,4688.1720430107525
2020,CHOA CHU KANG,5 ROOM,historical_non_mature,55,60,5,58.0,3015.8655462184875,2983.1932773109243,3067.2268907563025
2020,CHOA CHU KANG,5 ROOM,historical_non_mature,60,65,3,62.583333333333336,3181.818181818182,3087.121212121212,3212.121212121212
2020,CHOA CHU KANG,5 ROOM,historical_non_mature,65,70,12,67.75,3430.6720060067573,3322.314049586777,3586.0655737704915
2020,CHOA CHU KANG,5 ROOM,historical_non_mature,70,75,81,73.58333333333333,3496.2406015037595,3346.153846153846,3674.242424242424
2020,CHOA CHU KANG,5 ROOM,historical_non_mature,75,80,94,77.66666666666667,3477.340468771169,3305.951746201013,3716.6755531858175
2020,CHOA CHU KANG,5 ROOM,historical_non_mature,80,85,56,81.5,3454.5454545454545,3270.4545454545455,3647.727272727273
2020,CHOA CHU KANG,5 ROOM,historical_non_mature,90,95,52,94.75,4548.672566371682,4336.283185840708,4646.017699115044
2020,CHOA CHU KANG,5 ROOM,historical_non_mature,95,100,21,95.16666666666667,4530.973451327433,4424.778761061947,4642.857142857143
2020,CHOA CHU KANG,EXECUTIVE,historical_non_mature,65,70,25,68.16666666666667,3917.2413793103447,3767.123287671233,4006.849315068493
2020,CHOA CHU KANG,EXECUTIVE,historical_non_mature,70,75,46,73.5,3737.1866554841117,3480.419194704909,3958.7614155251144
2020,CHOA CHU KANG,EXECUTIVE,historical_non_mature,75,80,36,78.04166666666666,3626.760563380282,3447.1830985915494,3809.7734578294812
2020,CHOA CHU KANG,EXECUTIVE,historical_non_mature,80,85,3,81.91666666666667,3744.0,3692.0,3832.0
2020,CLEMENTI,2 ROOM,historical_mature,90,95,6,92.125,6241.224489795919,6120.6122448979595,6411.428571428572
2020,CLEMENTI,3 ROOM,historical_mature,55,60,189,57.833333333333336,4402.985074626866,4029.8507462686566,4776.119402985075
2020,CLEMENTI,3 ROOM,historical_mature,60,65,29,62.333333333333336,4044.1176470588234,3662.162162162162,4256.756756756757
2020,CLEMENTI,3 ROOM,historical_mature,80,85,3,81.66666666666667,6557.377049180328,6516.393442622951,6557.377049180328
2020,CLEMENTI,3 ROOM,historical_mature,90,95,42,93.16666666666667,8583.333333333334,7350.74200913242,8962.5
2020,CLEMENTI,3 ROOM,historical_mature,95,100,2,96.75,8391.304347826086,8253.623188405796,8528.985507246376
2020,CLEMENTI,4 ROOM,historical_mature,55,60,91,57.416666666666664,4571.428571428572,4217.129387113672,5016.864634692964
2020,CLEMENTI,4 ROOM,historical_mature,60,65,28,63.083333333333336,4810.43956043956,4290.638162808065,5089.255852842809
2020,CLEMENTI,4 ROOM,historical_mature,65,70,1,65.66666666666667,5102.040816326531,5102.040816326531,5102.040816326531
2020,CLEMENTI,4 ROOM,historical_mature,80,85,14,81.5,7642.764857881137,7302.325581395349,7856.007751937985
2020,CLEMENTI,4 ROOM,historical_mature,85,90,2,85.58333333333334,8127.777777777778,7969.444444444445,8286.111111111111
2020,CLEMENTI,4 ROOM,historical_mature,90,95,74,93.25,9172.165853658536,8770.833333333334,9466.04938271605
2020,CLEMENTI,4 ROOM,historical_mature,95,100,1,97.0,9029.787234042553,9029.787234042553,9029.787234042553
2020,CLEMENTI,5 ROOM,historical_mature,55,60,31,58.166666666666664,4957.627118644068,4741.926522675185,5231.9826235578985
2020,CLEMENTI,5 ROOM,historical_mature,60,65,8,62.83333333333333,5398.677966101695,4982.624070235337,5719.0155395181
2020,CLEMENTI,5 ROOM,historical_mature,65,70,3,66.0,5247.93388429752,4938.01652892562,5351.239669421488
2020,CLEMENTI,5 ROOM,historical_mature,80,85,3,81.41666666666667,7272.727272727273,7136.363636363636,7309.090909090909
2020,CLEMENTI,5 ROOM,historical_mature,90,95,33,93.16666666666667,8571.42857142857,7761.9047619047615,8933.333333333334
2020,CLEMENTI,5 ROOM,historical_mature,95,100,1,97.08333333333333,8552.57142857143,8552.57142857143,8552.57142857143
2020,CLEMENTI,EXECUTIVE,historical_mature,55,60,2,57.875,4584.167500834168,4545.17017017017,4623.164831498165
2020,CLEMENTI,EXECUTIVE,historical_mature,60,65,20,63.5,5259.21,4982.876712328767,5666.585127201565
2020,GEYLANG,2 ROOM,historical_mature,45,50,9,47.25,4318.181818181818,4277.777777777777,4761.9047619047615
2020,GEYLANG,2 ROOM,historical_mature,50,55,3,52.416666666666664,4130.434782608696,4076.086956521739,4326.08695652174
2020,GEYLANG,2 ROOM,historical_mature,55,60,1,57.25,4666.666666666667,4666.666666666667,4666.666666666667
2020,GEYLANG,2 ROOM,historical_mature,60,65,3,64.83333333333333,4666.666666666667,4666.666666666667,4666.666666666667
2020,GEYLANG,2 ROOM,historical_mature,65,70,1,65.0,4444.444444444444,4444.444444444444,4444.444444444444
2020,GEYLANG,3 ROOM,historical_mature,45,50,103,47.583333333333336,3700.0,3545.809986838218,3930.9523809523807
2020,GEYLANG,3 ROOM,historical_mature,50,55,27,53.666666666666664,4153.846153846154,3776.525198938992,4375.0
2020,GEYLANG,3 ROOM,historical_mature,55,60,56,56.333333333333336,4303.099885189437,4022.3880597014922,4637.91241162608
2020,GEYLANG,3 ROOM,historical_mature,60,65,44,61.375,4539.047619047619,3939.3939393939395,5000.0
2020,GEYLANG,3 ROOM,historical_mature,75,80,8,79.04166666666666,4726.5625,4686.2599206349205,4841.889880952381
2020,GEYLANG,3 ROOM,historical_mature,85,90,9,85.58333333333333,7716.666666666667,7433.333333333333,7966.666666666667
2020,GEYLANG,3 ROOM,historical_mature,95,100,11,95.08333333333333,7462.686567164179,7186.567164179105,7873.134328358209
2020,GEYLANG,4 ROOM,historical_mature,45,50,3,48.0,4516.129032258064,4428.277282086479,4629.032258064516
2020,GEYLANG,4 ROOM,historical_mature,50,55,5,54.333333333333336,4269.662921348315,4261.363636363636,4565.217391304348
2020,GEYLANG,4 ROOM,historical_mature,55,60,27,58.916666666666664,4619.565217391304,4351.648351648351,5207.596751075012
2020,GEYLANG,4 ROOM,historical_mature,60,65,67,64.0,4547.619047619048,4178.571428571429,5219.780219780219
2020,GEYLANG,4 ROOM,historical_mature,65,70,12,67.29166666666666,4226.139601139601,4121.603740296401,4387.70733012306
2020,GEYLANG,4 ROOM,historical_mature,70,75,2,72.875,5062.681422351234,5021.906748911466,5103.456095791002
2020,GEYLANG,4 ROOM,historical_mature,75,80,16,77.29166666666666,6340.953212968356,5449.567977429026,7033.4881320949435
2020,GEYLANG,4 ROOM,historical_mature,80,85,2,84.0,7823.529411764706,7735.294117647059,7911.764705882353
2020,GEYLANG,4 ROOM,historical_mature,85,90,10,85.41666666666666,7900.0,7758.022222222223,8160.294117647059
2020,GEYLANG,4 ROOM,historical_mature,90,95,21,90.41666666666667,7105.263157894737,6894.736842105263,7514.924731182796
2020,GEYLANG,4 ROOM,historical_mature,95,100,36,95.08333333333333,7827.956989247312,7696.236559139785,7975.806451612903
2020,GEYLANG,5 ROOM,historical_mature,50,55,4,54.79166666666667,5630.434782608696,5573.047162859249,5675.57111274871
2020,GEYLANG,5 ROOM,historical_mature,55,60,17,55.75,4529.91452991453,4188.034188034188,4854.7008547008545
2020,GEYLANG,5 ROOM,historical_mature,60,65,17,62.833333333333336,5176.056338028169,4297.520661157025,5422.5352112676055
2020,GEYLANG,5 ROOM,historical_mature,65,70,3,67.25,4098.360655737705,3995.9016393442625,4253.904737317671
2020,GEYLANG,5 ROOM,historical_mature,70,75,3,71.58333333333333,5111.111111111111,5051.497161394971,5155.555555555556
2020,GEYLANG,5 ROOM,historical_mature,75,80,19,77.33333333333333,6592.920353982301,5884.986225895317,7533.789219629927
2020,GEYLANG,5 ROOM,historical_mature,80,85,5,83.58333333333333,7661.818181818182,7387.387387387387,7747.747747747748
2020,GEYLANG,5 ROOM,historical_mature,85,90,2,85.33333333333334,6809.090909090909,6722.727272727272,6895.454545454545
2020,GEYLANG,EXECUTIVE,historical_mature,60,65,10,64.625,4893.4779610474325,4534.742249459265,5426.97347395334
2020,GEYLANG,EXECUTIVE,historical_mature,65,70,14,65.66666666666667,5284.246575342466,5027.205479452055,5580.818965517241
2020,HOUGANG,2 ROOM,historical_non_mature,90,95,14,92.125,4925.531914893617,4795.212765957446,5000.0
2020,HOUGANG,3 ROOM,historical_non_mature,50,55,8,54.33333333333333,3728.813559322034,3694.9152542372876,3788.1355932203387
2020,HOUGANG,3 ROOM,historical_non_mature,55,60,20,57.0,3773.972602739726,3678.422949002217,4041.095890410959
2020,HOUGANG,3 ROOM,historical_non_mature,60,65,108,62.208333333333336,4059.7014925373132,3890.603799185889,4279.059249208503
2020,HOUGANG,3 ROOM,historical_non_mature,65,70,54,66.08333333333333,4046.540540540541,3936.4864864864867,4214.40625
2020,HOUGANG,3 ROOM,historical_non_mature,70,75,1,71.66666666666667,4573.529411764706,4573.529411764706,4573.529411764706
2020,HOUGANG,3 ROOM,historical_non_mature,90,95,59,93.41666666666667,5298.507462686567,4886.306648575305,6492.537313432836
2020,HOUGANG,3 ROOM,historical_non_mature,95,100,7,95.16666666666667,5514.705882352941,5302.56804214223,5673.452151009657
2020,HOUGANG,4 ROOM,historical_non_mature,50,55,3,54.333333333333336,3658.5365853658536,3615.8536585365855,3731.707317073171
2020,HOUGANG,4 ROOM,historical_non_mature,55,60,2,56.66666666666667,3820.6521739130435,3730.978260869565,3910.326086956522
2020,HOUGANG,4 ROOM,historical_non_mature,60,65,123,63.833333333333336,3846.153846153846,3561.253561253561,4017.3992673992675
2020,HOUGANG,4 ROOM,historical_non_mature,65,70,100,66.45833333333334,3951.7203107658156,3726.6483516483518,4126.21359223301
2020,HOUGANG,4 ROOM,historical_non_mature,70,75,38,71.16666666666667,3867.3263698002565,3632.658754311219,4228.902165795369
2020,HOUGANG,4 ROOM,historical_non_mature,75,80,88,76.91666666666667,3911.001100110011,3727.0049504950493,4082.222222222222
2020,HOUGANG,4 ROOM,historical_non_mature,80,85,17,82.0,3944.4444444444443,3833.3333333333335,4222.222222222223
2020,HOUGANG,4 ROOM,historical_non_mature,90,95,141,93.91666666666667,5108.695652173913,4782.608695652174,5923.913043478261
2020,HOUGANG,4 ROOM,historical_non_mature,95,100,22,95.08333333333333,5591.782608695652,5127.8604118993135,5747.282608695652
2020,HOUGANG,5 ROOM,historical_non_mature,50,55,4,54.166666666666664,3609.756097560976,3557.9268292682927,3665.0406504065045
2020,HOUGANG,5 ROOM,historical_non_mature,60,65,47,63.25,3984.9624060150377,3749.7480346704297,4710.743801652892
2020,HOUGANG,5 ROOM,historical_non_mature,65,70,41,66.33333333333333,4057.377049180328,3884.2975206611573,4288.330578512397
2020,HOUGANG,5 ROOM,historical_non_mature,70,75,9,71.25,4514.754098360656,4440.0,4590.163934426229
2020,HOUGANG,5 ROOM,historical_non_mature,75,80,91,77.08333333333333,4094.8275862068967,3871.4876033057853,4372.987603305785
2020,HOUGANG,5 ROOM,historical_non_mature,80,85,24,82.125,3863.6363636363635,3761.3636363636365,3909.090909090909
2020,HOUGANG,5 ROOM,historical_non_mature,90,95,77,93.66666666666667,6260.869565217391,5535.714285714285,6660.869565217391
2020,HOUGANG,5 ROOM,historical_non_mature,95,100,12,95.0,6107.142857142857,5980.434782608696,6174.107142857143
2020,HOUGANG,EXECUTIVE,historical_non_mature,55,60,1,57.083333333333336,3609.1954022988507,3609.1954022988507,3609.1954022988507
2020,HOUGANG,EXECUTIVE,historical_non_mature,60,65,28,63.20833333333333,4448.03958888466,4327.7027027027025,4575.036287761953
2020,HOUGANG,EXECUTIVE,historical_non_mature,65,70,54,65.83333333333333,4629.625430799928,4247.856676917342,4965.517241379311
2020,HOUGANG,EXECUTIVE,historical_non_mature,70,75,25,71.0,4763.513513513513,4482.993197278912,5068.027210884354
2020,HOUGANG,EXECUTIVE,historical_non_mature,75,80,32,77.33333333333334,4528.96077298745,4236.770072992701,5070.547397862352
2020,JURONG EAST,2 ROOM,historical_non_mature,90,95,10,92.5,5613.878143133463,5182.044003868472,5948.863636363636
2020,JURONG EAST,3 ROOM,historical_non_mature,40,45,1,44.833333333333336,3432.8358208955224,3432.8358208955224,3432.8358208955224
2020,JURONG EAST,3 ROOM,historical_non_mature,45,50,3,45.583333333333336,3283.582089552239,3208.9552238805973,3343.2835820895525
2020,JURONG EAST,3 ROOM,historical_non_mature,55,60,22,57.58333333333333,3356.2312312312315,3244.1207441207443,3468.1938035596568
2020,JURONG EAST,3 ROOM,historical_non_mature,60,65,102,61.833333333333336,3955.223880597015,3716.2162162162163,4186.668011294877
2020,JURONG EAST,3 ROOM,historical_non_mature,65,70,1,65.41666666666667,4029.8507462686566,4029.8507462686566,4029.8507462686566
2020,JURONG EAST,3 ROOM,historical_non_mature,90,95,19,92.41666666666667,5234.375,4861.111111111111,5466.068097014926
2020,JURONG EAST,3 ROOM,historical_non_mature,95,100,6,95.08333333333333,5671.641791044776,5559.701492537313,5783.582089552239
2020,JURONG EAST,4 ROOM,historical_non_mature,55,60,7,59.75,4144.444444444444,3624.388212017078,4301.572617946345
2020,JURONG EAST,4 ROOM,historical_non_mature,60,65,68,61.833333333333336,3827.7940697295535,3412.333202511774,4092.152324847465
2020,JURONG EAST,4 ROOM,historical_non_mature,65,70,3,65.91666666666667,3614.4578313253014,3584.3373493975905,4103.740543569627
2020,JURONG EAST,4 ROOM,historical_non_mature,70,75,4,72.29166666666666,3331.7757009345796,3252.336448598131,3442.249598791655
2020,JURONG EAST,4 ROOM,historical_non_mature,75,80,35,77.41666666666667,4752.475247524752,4500.0,4965.346534653465
2020,JURONG EAST,4 ROOM,historical_non_mature,80,85,7,81.91666666666667,4131.868131868132,4005.4945054945056,4228.758169934641
2020,JURONG EAST,4 ROOM,historical_non_mature,90,95,13,92.41666666666667,4735.632183908046,4378.022988505747,5287.35632183908
2020,JURONG EAST,4 ROOM,historical_non_mature,95,100,13,95.08333333333333,5021.739130434783,4782.608695652174,5304.347826086957
2020,JURONG EAST,5 ROOM,historical_non_mature,55,60,18,58.0,3341.346153846154,2987.7136752136757,3544.3376068376065
2020,JURONG EAST,5 ROOM,historical_non_mature,60,65,74,61.583333333333336,3946.751327017402,3519.570707070707,4322.916666666667
2020,JURONG EAST,5 ROOM,historical_non_mature,65,70,8,67.41666666666667,4916.666666666666,4331.560764124102,5049.25
2020,JURONG EAST,5 ROOM,historical_non_mature,75,80,25,77.41666666666667,5041.322314049587,4716.666666666667,5206.611570247934
2020,JURONG EAST,5 ROOM,historical_non_mature,80,85,5,82.08333333333333,4043.478260869565,3909.090909090909,4069.5652173913045
2020,JURONG EAST,5 ROOM,historical_non_mature,90,95,4,92.45833333333334,4809.322033898305,4459.745762711864,5137.71186440678
2020,JURONG EAST,EXECUTIVE,historical_non_mature,60,65,26,63.875,3920.8310178258453,3689.9806814190374,4134.575062901873
2020,JURONG EAST,EXECUTIVE,historical_non_mature,65,70,3,65.5,3595.890410958904,3527.3972602739723,3698.6301369863013
2020,JURONG EAST,EXECUTIVE,historical_non_mature,70,75,1,71.66666666666667,3888.8888888888887,3888.8888888888887,3888.8888888888887
2020,JURONG EAST,EXECUTIVE,historical_non_mature,75,80,24,77.41666666666667,5435.484654234654,5230.902777777778,5631.3374125874125
2020,JURONG WEST,2 ROOM,historical_non_mature,55,60,2,56.875,4602.272727272727,4573.863636363636,4630.681818181818
2020,JURONG WEST,2 ROOM,historical_non_mature,85,90,8,87.125,4442.546583850932,4271.978021978022,4760.416666666667
2020,JURONG WEST,2 ROOM,historical_non_mature,90,95,5,92.66666666666667,5000.0,4680.851063829788,5425.531914893617
2020,JURONG WEST,3 ROOM,historical_non_mature,45,50,5,49.083333333333336,3352.9411764705883,3014.705882352941,3611.9402985074626
2020,JURONG WEST,3 ROOM,historical_non_mature,50,55,42,54.04166666666667,3541.9560989163656,3333.3333333333335,3711.994784876141
2020,JURONG WEST,3 ROOM,historical_non_mature,55,60,44,56.416666666666664,3559.322033898305,3380.21071919377,3692.3076923076924
2020,JURONG WEST,3 ROOM,historical_non_mature,60,65,64,63.04166666666667,3902.7590198726607,3705.130912162162,4275.711287313433
2020,JURONG WEST,3 ROOM,historical_non_mature,65,70,17,67.5,3650.6849315068494,3602.7397260273974,3750.0
2020,JURONG WEST,3 ROOM,historical_non_mature,85,90,3,88.66666666666667,4687.5,4531.25,4902.34375
2020,JURONG WEST,3 ROOM,historical_non_mature,90,95,42,93.125,5125.768217734855,4690.298507462686,6341.417910447762
2020,JURONG WEST,3 ROOM,historical_non_mature,95,100,2,96.0,5514.705882352941,5441.176470588236,5588.235294117647
2020,JURONG WEST,4 ROOM,historical_non_mature,45,50,1,48.833333333333336,2796.296296296296,2796.296296296296,2796.296296296296
2020,JURONG WEST,4 ROOM,historical_non_mature,60,65,93,63.333333333333336,3369.5652173913045,3142.8571428571427,3681.3186813186812
2020,JURONG WEST,4 ROOM,historical_non_mature,65,70,95,68.33333333333333,3106.7961165048546,2985.959836623553,3269.230769230769
2020,JURONG WEST,4 ROOM,historical_non_mature,70,75,37,73.83333333333333,3211.0091743119265,3065.4205607476633,3365.3846153846152
2020,JURONG WEST,4 ROOM,historical_non_mature,75,80,107,78.83333333333333,4250.0,3829.0441176470586,4494.680851063829
2020,JURONG WEST,4 ROOM,historical_non_mature,80,85,54,80.70833333333334,4000.0,3655.0387596899222,4386.627906976744
2020,JURONG WEST,4 ROOM,historical_non_mature,85,90,26,87.625,4108.983451536644,3870.967741935484,4432.065217391304
2020,JURONG WEST,4 ROOM,historical_non_mature,90,95,75,93.33333333333333,4887.640449438202,4540.673211781206,5988.47926267281
2020,JURONG WEST,4 ROOM,historical_non_mature,95,100,1,95.91666666666667,6182.795698924731,6182.795698924731,6182.795698924731
2020,JURONG WEST,5 ROOM,historical_non_mature,45,50,1,48.666666666666664,2640.0,2640.0,2640.0
2020,JURONG WEST,5 ROOM,historical_non_mature,50,55,7,54.833333333333336,3000.0,3000.0,3235.897435897436
2020,JURONG WEST,5 ROOM,historical_non_mature,55,60,15,55.333333333333336,3000.0,2954.865661861075,3214.876033057851
2020,JURONG WEST,5 ROOM,historical_non_mature,60,65,47,63.666666666666664,3293.2330827067667,3070.6191265892758,3724.6232211311244
2020,JURONG WEST,5 ROOM,historical_non_mature,65,70,46,68.04166666666666,3114.754098360656,2979.3388429752067,3278.688524590164
2020,JURONG WEST,5 ROOM,historical_non_mature,70,75,42,72.95833333333334,3139.8438000128035,2910.8080239970004,3276.40625
2020,JURONG WEST,5 ROOM,historical_non_mature,75,80,140,79.0,4101.489328063241,3860.5371900826444,4409.090909090909
2020,JURONG WEST,5 ROOM,historical_non_mature,80,85,121,80.66666666666667,4000.0,3663.793103448276,4234.2342342342345
2020,JURONG WEST,5 ROOM,historical_non_mature,85,90,43,87.0,4090.909090909091,3865.097402597403,4267.857142857143
2020,JURONG WEST,5 ROOM,historical_non_mature,90,95,64,93.625,5073.008849557522,4721.673514538558,5972.222222222223
2020,JURONG WEST,EXECUTIVE,historical_non_mature,60,65,38,63.916666666666664,3841.0596026490066,3515.92983712189,4316.288438014089
2020,JURONG WEST,EXECUTIVE,historical_non_mature,65,70,18,67.5,3484.146433632499,3395.1403456198186,3657.0601213458353
2020,JURONG WEST,EXECUTIVE,historical_non_mature,70,75,28,72.625,3699.9644191425014,3509.284116331096,3848.9345509893456
2020,JURONG WEST,EXECUTIVE,historical_non_mature,75,80,70,78.79166666666666,4289.010989010989,4066.1057692307695,4574.630303030303
2020,JURONG WEST,EXECUTIVE,historical_non_mature,80,85,36,80.58333333333333,4074.4200244200247,3837.8815628815632,4214.761904761905
2020,KALLANG/WHAMPOA,2 ROOM,historical_mature,45,50,9,48.833333333333336,4062.5,3958.3333333333335,4166.666666666667
2020,KALLANG/WHAMPOA,2 ROOM,historical_mature,60,65,1,64.83333333333333,5000.0,5000.0,5000.0
2020,KALLANG/WHAMPOA,3 ROOM,historical_mature,45,50,27,48.666666666666664,4056.603773584906,3616.0714285714284,4316.666666666666
2020,KALLANG/WHAMPOA,3 ROOM,historical_mature,50,55,109,52.416666666666664,4280.30303030303,3969.230769230769,4718.941176470588
2020,KALLANG/WHAMPOA,3 ROOM,historical_mature,55,60,69,58.0,4756.09756097561,4237.28813559322,5250.0
2020,KALLANG/WHAMPOA,3 ROOM,historical_mature,60,65,27,62.416666666666664,5079.3650793650795,4858.3792289535795,5600.3236245954695
2020,KALLANG/WHAMPOA,3 ROOM,historical_mature,65,70,3,65.16666666666667,4875.0,4504.166666666666,5254.960317460318
2020,KALLANG/WHAMPOA,3 ROOM,historical_mature,80,85,7,82.91666666666667,7693.548387096775,7620.967741935484,7782.258064516129
2020,KALLANG/WHAMPOA,3 ROOM,historical_mature,85,90,5,89.41666666666667,8600.0,8550.72463768116,9000.0
2020,KALLANG/WHAMPOA,3 ROOM,historical_mature,90,95,6,90.75,7429.1585550508335,7246.376811594203,7744.0298507462685
2020,KALLANG/WHAMPOA,3 ROOM,historical_mature,95,100,1,95.75,8571.42857142857,8571.42857142857,8571.42857142857
2020,KALLANG/WHAMPOA,4 ROOM,historical_mature,50,55,38,52.875,4164.835164835165,3846.153846153846,5269.886363636364
2020,KALLANG/WHAMPOA,4 ROOM,historical_mature,55,60,9,59.166666666666664,4797.872340425532,4734.04255319149,5000.0
2020,KALLANG/WHAMPOA,4 ROOM,historical_mature,60,65,29,62.833333333333336,5000.0,4892.4731182795695,5604.395604395604
2020,KALLANG/WHAMPOA,4 ROOM,historical_mature,65,70,18,66.04166666666666,4927.884615384615,4793.2692307692305,5216.780583873958
2020,KALLANG/WHAMPOA,4 ROOM,historical_mature,70,75,5,73.83333333333333,4305.555555555556,4280.373831775701,5787.037037037037
2020,KALLANG/WHAMPOA,4 ROOM,historical_mature,75,80,20,76.20833333333334,6067.407407407407,5880.14705882353,6306.405940594059
2020,KALLANG/WHAMPOA,4 ROOM,historical_mature,80,85,25,83.0,7000.0,5751.633882352941,7888.888888888889
2020,KALLANG/WHAMPOA,4 ROOM,historical_mature,85,90,15,85.5,8055.555555555556,7666.666666666666,8501.773049645391
2020,KALLANG/WHAMPOA,4 ROOM,historical_mature,90,95,7,90.75,7717.391304347826,7573.793886673915,8012.729360039082
2020,KALLANG/WHAMPOA,4 ROOM,historical_mature,95,100,2,95.75,9052.631578947368,8947.368421052632,9157.894736842105
2020,KALLANG/WHAMPOA,5 ROOM,historical_mature,50,55,23,52.916666666666664,4615.384615384615,4444.444444444444,4826.8106162843005
2020,KALLANG/WHAMPOA,5 ROOM,historical_mature,55,60,7,59.833333333333336,5423.728813559322,4804.713053820993,5783.8983050847455
2020,KALLANG/WHAMPOA,5 ROOM,historical_mature,60,65,23,61.75,5348.837209302325,4786.154127545421,5750.208391219783
2020,KALLANG/WHAMPOA,5 ROOM,historical_mature,65,70,5,65.66666666666667,5289.256198347108,5190.082644628099,5312.5
2020,KALLANG/WHAMPOA,5 ROOM,historical_mature,70,75,3,73.16666666666667,4757.575757575758,4668.864214665742,5045.454545454546
2020,KALLANG/WHAMPOA,5 ROOM,historical_mature,75,80,18,76.83333333333334,5519.010883041741,4858.540454785827,6186.260330578512
2020,KALLANG/WHAMPOA,5 ROOM,historical_mature,80,85,16,82.91666666666666,6353.2467532467535,6190.476190476191,6947.873227689742
2020,KALLANG/WHAMPOA,5 ROOM,historical_mature,85,90,22,89.375,8295.299145299145,7954.545454545455,8593.093543685158
2020,KALLANG/WHAMPOA,5 ROOM,historical_mature,90,95,2,90.0,8795.852285868476,8423.13622696785,9168.5683447691
2020,KALLANG/WHAMPOA,EXECUTIVE,historical_mature,60,65,11,63.333333333333336,4823.529411764706,4734.994734994735,4993.333333333334
2020,KALLANG/WHAMPOA,EXECUTIVE,historical_mature,65,70,1,66.16666666666667,5555.555555555556,5555.555555555556,5555.555555555556
2020,KALLANG/WHAMPOA,EXECUTIVE,historical_mature,70,75,5,73.33333333333333,5821.917808219178,5763.888888888889,5821.917808219178
2020,MARINE PARADE,3 ROOM,historical_mature,50,55,65,53.916666666666664,5230.7692307692305,4923.076923076923,5846.153846153846
2020,MARINE PARADE,3 ROOM,historical_mature,55,60,4,55.20833333333333,5257.918552036199,4763.8009049773755,5864.6255060728745
2020,MARINE PARADE,4 ROOM,historical_mature,50,55,32,54.083333333333336,5471.175166297118,5279.190133037694,5798.230146290492
2020,MARINE PARADE,4 ROOM,historical_mature,55,60,2,55.375,6128.048780487805,5899.390243902439,6356.707317073171
2020,MARINE PARADE,5 ROOM,historical_mature,50,55,19,53.5,6083.333333333333,5870.51282051282,6744.193989071038
2020,MARINE PARADE,5 ROOM,historical_mature,55,60,10,55.29166666666667,6654.166666666666,6250.992063492064,7135.416666666667
2020,PASIR RIS,2 ROOM,historical_mature,70,75,1,72.5,4545.454545454545,4545.454545454545,4545.454545454545
2020,PASIR RIS,2 ROOM,historical_mature,90,95,15,94.25,5595.744680851064,5446.808510638298,5744.68085106383
2020,PASIR RIS,3 ROOM,historical_mature,55,60,2,58.75,4393.939393939394,4318.181818181818,4469.69696969697
2020,PASIR RIS,3 ROOM,historical_mature,60,65,2,60.20833333333333,4150.0,4126.515151515151,4173.484848484849
2020,PASIR RIS,3 ROOM,historical_mature,90,95,33,94.08333333333333,5617.64705882353,5558.823529411765,5764.705882352941
2020,PASIR RIS,4 ROOM,historical_mature,65,70,85,68.16666666666667,3942.3076923076924,3786.4077669902913,4101.851851851852
2020,PASIR RIS,4 ROOM,historical_mature,70,75,96,72.41666666666667,3884.6153846153848,3735.323886639676,4018.8263838964776
2020,PASIR RIS,4 ROOM,historical_mature,75,80,37,75.33333333333333,3838.095238095238,3714.285714285714,3962.264150943396
2020,PASIR RIS,4 ROOM,historical_mature,90,95,133,94.0,5591.397849462365,5376.344086021505,5806.451612903225
2020,PASIR RIS,5 ROOM,historical_mature,65,70,34,68.16666666666667,3909.5528455284552,3757.25900116144,4088.1147540983607
2020,PASIR RIS,5 ROOM,historical_mature,70,75,136,72.41666666666667,3952.64869258908,3711.3341204250296,4139.664446721311
2020,PASIR RIS,5 ROOM,historical_mature,75,80,38,75.25,3937.0078740157483,3760.9126984126983,4075.315280711862
2020,PASIR RIS,5 ROOM,historical_mature,90,95,44,94.0,5566.371681415929,5426.991150442478,5752.212389380531
2020,PASIR RIS,EXECUTIVE,historical_mature,65,70,26,67.5,4434.931506849315,4075.3424657534247,4690.068493150685
2020,PASIR RIS,EXECUTIVE,historical_mature,70,75,160,72.25,4166.743809303402,3904.109589041096,4545.454545454545
2020,PASIR RIS,EXECUTIVE,historical_mature,75,80,7,75.16666666666667,4300.699300699301,3813.0860452289025,4398.601398601399
2020,PUNGGOL,2 ROOM,historical_non_mature,90,95,55,93.41666666666667,5434.782608695652,5244.071146245059,5577.569169960474
2020,PUNGGOL,2 ROOM,historical_non_mature,95,100,3,95.25,5851.063829787234,5611.702127659574,5914.893617021276
2020,PUNGGOL,3 ROOM,historical_non_mature,90,95,178,94.41666666666667,5441.176470588235,5150.401836969002,5654.0158371040725
2020,PUNGGOL,3 ROOM,historical_non_mature,95,100,31,95.16666666666667,5441.176470588235,5097.285067873303,5519.029411764706
2020,PUNGGOL,4 ROOM,historical_non_mature,80,85,73,82.5,4175.824175824176,4010.989010989011,4326.315789473684
2020,PUNGGOL,4 ROOM,historical_non_mature,85,90,57,87.5,4580.645161290323,4402.173913043478,4782.608695652174
2020,PUNGGOL,4 ROOM,historical_non_mature,90,95,747,93.75,5118.279569892473,4784.94623655914,5521.739130434783
2020,PUNGGOL,4 ROOM,historical_non_mature,95,100,78,95.08333333333333,5268.817204301075,5123.655913978495,5376.344086021505
2020,PUNGGOL,5 ROOM,historical_non_mature,80,85,249,82.25,3989.890909090909,3783.7837837837837,4162.1621621621625
2020,PUNGGOL,5 ROOM,historical_non_mature,90,95,224,94.41666666666667,5577.789190897598,5265.486725663717,5840.70796460177
2020,PUNGGOL,5 ROOM,historical_non_mature,95,100,27,95.16666666666667,5646.017699115044,5371.6814159292035,5920.353982300885
2020,PUNGGOL,EXECUTIVE,historical_non_mature,80,85,26,82.25,4275.240384615385,4066.1057692307695,4476.5625
2020,QUEENSTOWN,2 ROOM,historical_mature,45,50,11,45.25,4456.521739130435,4239.130434782609,4836.95652173913
2020,QUEENSTOWN,2 ROOM,historical_mature,55,60,2,55.66666666666667,5022.222222222223,4955.555555555556,5088.888888888889
2020,QUEENSTOWN,2 ROOM,historical_mature,90,95,4,91.75,7691.489361702128,7148.936170212766,8212.765957446809
2020,QUEENSTOWN,3 ROOM,historical_mature,45,50,108,48.5,4170.289855072464,4016.287878787879,4512.357161838958
2020,QUEENSTOWN,3 ROOM,historical_mature,50,55,82,53.25,5431.446153846155,4805.81983805668,5979.4769230769225
2020,QUEENSTOWN,3 ROOM,historical_mature,55,60,27,55.5,4605.263157894737,4423.076923076924,4871.526980482204
2020,QUEENSTOWN,3 ROOM,historical_mature,85,90,6,87.5,8733.333333333334,7898.550724637682,9283.333333333334
2020,QUEENSTOWN,3 ROOM,historical_mature,90,95,47,94.41666666666667,9650.79365079365,8548.335246842711,10215.384615384615
2020,QUEENSTOWN,3 ROOM,historical_mature,95,100,2,95.0,10314.523076923077,10102.553846153847,10526.492307692308
2020,QUEENSTOWN,4 ROOM,historical_mature,45,50,5,48.916666666666664,5235.294117647059,4800.0,5294.117647058823
2020,QUEENSTOWN,4 ROOM,historical_mature,50,55,22,52.875,5682.511086474501,4733.146067415731,6033.252977878617
2020,QUEENSTOWN,4 ROOM,historical_mature,55,60,8,55.916666666666664,5963.414634146342,5712.571354436948,6250.0
2020,QUEENSTOWN,4 ROOM,historical_mature,70,75,2,74.20833333333334,5843.434343434343,5810.60606060606,5876.262626262626
2020,QUEENSTOWN,4 ROOM,historical_mature,75,80,21,78.91666666666667,7291.666666666667,7019.2307692307695,7447.916666666667
2020,QUEENSTOWN,4 ROOM,historical_mature,80,85,10,81.54166666666666,7155.535390199637,6842.620137299771,7664.334365325078
2020,QUEENSTOWN,4 ROOM,historical_mature,85,90,48,86.875,8065.412186379928,7777.777777777777,8676.470588235294
2020,QUEENSTOWN,4 ROOM,historical_mature,90,95,131,94.58333333333333,9462.36559139785,8742.816091954024,9904.90956931173
2020,QUEENSTOWN,4 ROOM,historical_mature,95,100,26,95.04166666666666,9176.64851784634,9053.84150030248,9714.997922725384
2020,QUEENSTOWN,5 ROOM,historical_mature,45,50,2,48.58333333333333,5186.55303030303,5123.579545454546,5249.526515151515
2020,QUEENSTOWN,5 ROOM,historical_mature,50,55,4,53.708333333333336,5847.773279352226,5279.352226720648,6250.854700854701
2020,QUEENSTOWN,5 ROOM,historical_mature,55,60,13,56.25,6436.9747899159665,5897.4358974358975,6797.378151260505
2020,QUEENSTOWN,5 ROOM,historical_mature,70,75,8,74.20833333333333,6479.79797979798,6408.4928229665065,6559.861191440139
2020,QUEENSTOWN,5 ROOM,historical_mature,75,80,12,76.66666666666666,7185.217391304348,6902.173913043478,7523.1612903225805
2020,QUEENSTOWN,5 ROOM,historical_mature,80,85,9,81.0,6909.090909090909,6857.142857142857,7590.909090909091
2020,QUEENSTOWN,5 ROOM,historical_mature,85,90,10,85.79166666666667,7981.818181818182,7738.636363636363,8144.690909090909
2020,QUEENSTOWN,5 ROOM,historical_mature,90,95,20,94.33333333333333,9657.32908027645,8986.806388526727,9918.026418026417
2020,QUEENSTOWN,5 ROOM,historical_mature,95,100,3,95.08333333333333,10202.02909090909,9452.866397306398,10343.438787878787
2020,QUEENSTOWN,EXECUTIVE,historical_mature,70,75,10,74.125,6527.5751645614655,6440.114772306553,6977.069351230425
2020,SEMBAWANG,2 ROOM,historical_non_mature,85,90,4,89.70833333333334,5262.5,5120.625,5456.25
2020,SEMBAWANG,2 ROOM,historical_non_mature,90,95,14,94.125,4934.782608695652,4783.765032377429,5106.382978723404
2020,SEMBAWANG,3 ROOM,historical_non_mature,90,95,23,94.0,4477.611940298508,4375.0,4632.35294117647
2020,SEMBAWANG,4 ROOM,historical_non_mature,75,80,53,79.33333333333333,3613.861386138614,3460.0,3750.0
2020,SEMBAWANG,4 ROOM,historical_non_mature,80,85,56,80.58333333333333,3746.1988304093566,3597.2222222222226,3947.3684210526317
2020,SEMBAWANG,4 ROOM,historical_non_mature,85,90,19,88.91666666666667,3776.595744680851,3673.758865248227,3912.056737588652
2020,SEMBAWANG,4 ROOM,historical_non_mature,90,95,42,93.83333333333333,4392.4731182795695,4224.8714352501165,4494.623655913979
2020,SEMBAWANG,5 ROOM,historical_non_mature,75,80,78,79.08333333333333,3623.9811912225705,3485.227272727273,3813.6363636363635
2020,SEMBAWANG,5 ROOM,historical_non_mature,80,85,75,80.41666666666667,3681.818181818182,3448.0753480753483,3927.5184275184274
2020,SEMBAWANG,5 ROOM,historical_non_mature,85,90,2,85.0,3686.7321867321866,3570.6388206388206,3802.8255528255527
2020,SEMBAWANG,EXECUTIVE,historical_non_mature,75,80,47,79.58333333333333,3664.1221374045804,3533.9366515837105,3809.7417181358787
2020,SEMBAWANG,EXECUTIVE,historical_non_mature,80,85,37,80.25,3753.846153846154,3467.1532846715327,4076.923076923077
2020,SENGKANG,2 ROOM,historical_non_mature,85,90,7,86.33333333333333,5363.636363636364,5213.131313131313,5409.090909090909
2020,SENGKANG,2 ROOM,historical_non_mature,90,95,34,93.33333333333334,5193.3395004625345,5070.189639222942,5489.36170212766
2020,SENGKANG,3 ROOM,historical_non_mature,85,90,9,89.25,4927.536231884058,4710.144927536232,5043.478260869565
2020,SENGKANG,3 ROOM,historical_non_mature,90,95,139,94.08333333333333,5117.64705882353,4947.705882352941,5373.134328358209
2020,SENGKANG,3 ROOM,historical_non_mature,95,100,19,95.08333333333333,5101.294117647059,4852.941176470588,5294.117647058823
2020,SENGKANG,4 ROOM,historical_non_mature,75,80,95,78.66666666666667,3911.1111111111113,3733.7128399747,4130.9477124183
2020,SENGKANG,4 ROOM,historical_non_mature,80,85,157,82.0,4105.263157894737,3911.1111111111113,4271.739130434783
2020,SENGKANG,4 ROOM,historical_non_mature,85,90,126,88.29166666666666,5659.420289855072,4778.985507246376,6124.551971326166
2020,SENGKANG,4 ROOM,historical_non_mature,90,95,579,94.0,4709.677419354839,4470.6016929764355,5000.0
2020,SENGKANG,4 ROOM,historical_non_mature,95,100,88,95.08333333333333,4838.709677419355,4653.225806451613,4954.301075268817
2020,SENGKANG,5 ROOM,historical_non_mature,75,80,204,78.91666666666667,3796.551724137931,3618.1079083518107,4066.9623059866963
2020,SENGKANG,5 ROOM,historical_non_mature,80,85,250,81.625,3954.5454545454545,3713.3292383292383,4181.818181818182
2020,SENGKANG,5 ROOM,historical_non_mature,85,90,1,85.16666666666667,4227.272727272727,4227.272727272727,4227.272727272727
2020,SENGKANG,5 ROOM,historical_non_mature,90,95,259,94.25,5086.95652173913,4866.071428571428,5224.219755469756
2020,SENGKANG,5 ROOM,historical_non_mature,95,100,68,95.08333333333333,5075.221238938053,4851.769911504424,5266.682611815355
2020,SENGKANG,EXECUTIVE,historical_non_mature,75,80,73,78.83333333333333,4320.0,4115.384615384615,4428.571428571428
2020,SENGKANG,EXECUTIVE,historical_non_mature,80,85,51,80.58333333333333,4365.079365079365,4216.208955223881,4568.461538461539
2020,SERANGOON,2 ROOM,historical_mature,55,60,2,56.541666666666664,5454.545454545454,5227.272727272727,5681.818181818182
2020,SERANGOON,3 ROOM,historical_mature,55,60,7,56.833333333333336,4843.75,4651.969178082192,5048.1875
2020,SERANGOON,3 ROOM,historical_mature,60,65,79,63.666666666666664,4626.865671641791,4312.616604477612,5276.190476190476
2020,SERANGOON,3 ROOM,historical_mature,65,70,7,66.83333333333333,5546.875,4726.5625,5625.0
2020,SERANGOON,4 ROOM,historical_mature,55,60,2,56.83333333333333,4443.877551020409,4395.408163265307,4492.34693877551
2020,SERANGOON,4 ROOM,historical_mature,60,65,88,64.125,4830.075187969925,4313.616071428572,5465.690208667736
2020,SERANGOON,4 ROOM,historical_mature,65,70,49,67.5,5537.634408602151,4271.844660194175,5924.528301886792
2020,SERANGOON,4 ROOM,historical_mature,70,75,19,71.25,3708.73786407767,3612.6146589259797,3812.5
2020,SERANGOON,4 ROOM,historical_mature,75,80,23,76.33333333333333,4020.0,3857.309260337798,4104.455445544554
2020,SERANGOON,5 ROOM,historical_mature,60,65,21,64.16666666666667,5168.0,4049.586776859504,5438.01652892562
2020,SERANGOON,5 ROOM,historical_mature,65,70,18,67.45833333333333,5619.834710743802,4637.334542766916,6000.203224495326
2020,SERANGOON,5 ROOM,historical_mature,70,75,21,71.16666666666667,4193.548387096775,3843.344262295082,4322.580645161291
2020,SERANGOON,5 ROOM,historical_mature,75,80,14,76.5,4541.634835752482,4240.323691460056,5596.017537449763
2020,SERANGOON,EXECUTIVE,historical_mature,60,65,18,64.33333333333333,5355.79663510159,4707.027027027027,5597.260273972603
2020,SERANGOON,EXECUTIVE,historical_mature,65,70,12,67.5,5924.657534246575,5778.356164383562,6301.369863013699
2020,SERANGOON,EXECUTIVE,historical_mature,70,75,30,71.25,4686.312925170068,4455.78231292517,4764.301693831896
2020,SERANGOON,EXECUTIVE,historical_mature,75,80,8,76.70833333333334,5392.857142857143,5125.0,5881.45896656535
2020,TAMPINES,2 ROOM,historical_mature,90,95,8,91.79166666666666,5660.144927536232,5525.36231884058,5833.333333333333
2020,TAMPINES,3 ROOM,historical_mature,60,65,198,63.25,4453.968573730863,4242.049241021844,4657.150684931507
2020,TAMPINES,3 ROOM,historical_mature,65,70,62,66.33333333333333,4391.891891891892,4256.756756756757,4632.601351351352
2020,TAMPINES,3 ROOM,historical_mature,90,95,71,94.08333333333333,5768.115942028986,5518.546971027217,6760.35146846413
2020,TAMPINES,4 ROOM,historical_mature,60,65,240,63.25,4160.65873015873,3978.4275474094907,4461.6596638655465
2020,TAMPINES,4 ROOM,historical_mature,65,70,186,67.16666666666667,4186.58424908425,3988.6675824175823,4404.761904761905
2020,TAMPINES,4 ROOM,historical_mature,70,75,55,74.25,3796.296296296296,3685.329675040727,4005.813953488372
2020,TAMPINES,4 ROOM,historical_mature,75,80,83,75.91666666666667,4158.415841584158,4000.0,4368.217821782178
2020,TAMPINES,4 ROOM,historical_mature,85,90,3,89.5,6968.085106382979,6636.216466234968,6984.04255319149
2020,TAMPINES,4 ROOM,historical_mature,90,95,142,93.91666666666667,6000.0,5645.1612903225805,6599.462365591398
2020,TAMPINES,4 ROOM,historical_mature,95,100,11,95.33333333333333,5851.063829787234,5668.325326012355,6112.674445207047
2020,TAMPINES,5 ROOM,historical_mature,60,65,92,63.54166666666667,4118.0016156092715,3884.535918626828,4360.225563909775
2020,TAMPINES,5 ROOM,historical_mature,65,70,125,67.0,4297.520661157025,4132.231404958678,4524.5901639344265
2020,TAMPINES,5 ROOM,historical_mature,70,75,84,72.125,4065.8536585365855,3892.7941176470586,4287.120359955005
2020,TAMPINES,5 ROOM,historical_mature,75,80,69,75.83333333333333,4302.5210084033615,4032.2580645161293,4566.847457627118
2020,TAMPINES,5 ROOM,historical_mature,85,90,29,87.5,6759.259259259259,6621.621621621622,7149.122807017544
2020,TAMPINES,5 ROOM,historical_mature,90,95,46,94.0,6194.690265486725,5884.95575221239,6415.929203539823
2020,TAMPINES,5 ROOM,historical_mature,95,100,11,95.25,5745.6140350877195,5688.596491228071,5816.1754385964905
2020,TAMPINES,EXECUTIVE,historical_mature,60,65,37,63.75,4600.0,4243.243243243243,5233.333333333333
2020,TAMPINES,EXECUTIVE,historical_mature,65,70,67,67.16666666666667,4818.181818181818,4623.287671232877,5042.752549463959
2020,TAMPINES,EXECUTIVE,historical_mature,70,75,54,72.41666666666667,4468.61989547347,4249.061693642974,4791.42214397496
2020,TAMPINES,EXECUTIVE,historical_mature,75,80,25,75.83333333333333,4635.036496350365,4335.664335664335,4858.156028368794
2020,TAMPINES,MULTI-GENERATION,historical_mature,65,70,2,65.95833333333334,5068.934688499906,5065.52324487107,5072.346132128741
2020,TOA PAYOH,2 ROOM,historical_mature,45,50,11,46.333333333333336,4476.190476190476,4186.046511627907,4803.174603174602
2020,TOA PAYOH,2 ROOM,historical_mature,50,55,5,50.583333333333336,5125.0,5000.0,5243.90243902439
2020,TOA PAYOH,2 ROOM,historical_mature,60,65,7,61.833333333333336,4276.46511627907,3988.88,4389.302325581395
2020,TOA PAYOH,3 ROOM,historical_mature,45,50,155,48.25,3761.194029850746,3503.731343283582,4061.122956645345
2020,TOA PAYOH,3 ROOM,historical_mature,50,55,81,51.5,3838.7096774193546,3636.3636363636365,4076.923076923077
2020,TOA PAYOH,3 ROOM,historical_mature,55,60,9,55.333333333333336,3646.153846153846,3486.842105263158,3692.3076923076924
2020,TOA PAYOH,3 ROOM,historical_mature,60,65,68,63.04166666666667,4844.292053247276,4219.497749348495,5121.621621621622
2020,TOA PAYOH,3 ROOM,historical_mature,75,80,2,77.20833333333334,5890.625,5882.8125,5898.4375
2020,TOA PAYOH,3 ROOM,historical_mature,90,95,2,90.875,8928.57142857143,8928.57142857143,8928.57142857143
2020,TOA PAYOH,4 ROOM,historical_mature,50,55,37,52.583333333333336,4197.530864197531,4000.0,4517.241379310345
2020,TOA PAYOH,4 ROOM,historical_mature,55,60,12,55.29166666666667,3951.2195121951218,3826.2195121951218,4006.0975609756097
2020,TOA PAYOH,4 ROOM,historical_mature,60,65,38,63.083333333333336,4516.129032258064,4121.519509067595,5298.271844660194
2020,TOA PAYOH,4 ROOM,historical_mature,65,70,9,67.83333333333333,4567.307692307692,4476.190476190476,4854.368932038835
2020,TOA PAYOH,4 ROOM,historical_mature,70,75,3,71.58333333333333,4681.818181818182,4613.636363636364,4985.13986013986
2020,TOA PAYOH,4 ROOM,historical_mature,75,80,36,77.04166666666666,6310.331825037707,5465.159723519522,6548.048922539313
2020,TOA PAYOH,4 ROOM,historical_mature,80,85,24,84.25,7762.586250958344,7084.9,8298.964988499873
2020,TOA PAYOH,4 ROOM,historical_mature,85,90,15,87.83333333333333,8248.782608695652,7961.95652173913,8604.395604395606
2020,TOA PAYOH,4 ROOM,historical_mature,90,95,19,90.66666666666667,8956.043956043955,8752.747252747253,9164.835164835164
2020,TOA PAYOH,4 ROOM,historical_mature,95,100,1,95.16666666666667,7311.8279569892475,7311.8279569892475,7311.8279569892475
2020,TOA PAYOH,5 ROOM,historical_mature,50,55,14,54.5,4380.341880341881,4241.228070175438,4476.495726495727
2020,TOA PAYOH,5 ROOM,historical_mature,55,60,8,55.20833333333333,4371.907332433648,4199.506118236769,4438.842203548086
2020,TOA PAYOH,5 ROOM,historical_mature,60,65,13,62.583333333333336,4964.285714285715,4166.666666666667,5528.455284552845
2020,TOA PAYOH,5 ROOM,historical_mature,65,70,11,67.58333333333333,4754.098360655737,4613.5386601265,5201.844262295082
2020,TOA PAYOH,5 ROOM,historical_mature,70,75,12,71.95833333333334,5484.042195793859,5024.360902255639,5573.888091822095
2020,TOA PAYOH,5 ROOM,historical_mature,75,80,32,77.0,6470.297379388288,5987.603305785124,7002.049180327869
2020,TOA PAYOH,5 ROOM,historical_mature,80,85,8,81.0,7756.528417818741,7295.26810966811,7875.0
2020,TOA PAYOH,5 ROOM,historical_mature,85,90,3,87.58333333333333,8360.36036036036,8180.18018018018,8375.634725634725
2020,TOA PAYOH,5 ROOM,historical_mature,90,95,22,90.75,8500.0,7776.448109412711,8810.053981106612
2020,TOA PAYOH,EXECUTIVE,historical_mature,60,65,5,64.75,5279.503105590062,5171.232876712329,5443.7086092715235
2020,TOA PAYOH,EXECUTIVE,historical_mature,65,70,5,67.08333333333333,4575.342465753424,4383.561643835616,4978.684931506849
2020,TOA PAYOH,EXECUTIVE,historical_mature,70,75,4,71.625,6107.924277016742,5948.769918926474,6472.222222222222
2020,WOODLANDS,2 ROOM,historical_non_mature,90,95,24,94.16666666666666,4893.617021276596,4712.765957446809,4920.212765957447
2020,WOODLANDS,3 ROOM,historical_non_mature,50,55,18,54.25,3227.2267206477736,3080.7186234817814,3465.3846153846152
2020,WOODLANDS,3 ROOM,historical_non_mature,55,60,26,55.916666666666664,3300.7532281205167,3059.7014925373132,3476.027397260274
2020,WOODLANDS,3 ROOM,historical_non_mature,60,65,50,63.333333333333336,3691.7420814479638,3334.5573834704273,3811.5942028985505
2020,WOODLANDS,3 ROOM,historical_non_mature,65,70,5,68.41666666666667,3904.109589041096,3716.6666666666665,3945.205479452055
2020,WOODLANDS,3 ROOM,historical_non_mature,70,75,13,72.41666666666667,3614.4578313253014,3561.6438356164385,3984.375
2020,WOODLANDS,3 ROOM,historical_non_mature,90,95,49,93.91666666666667,4701.492537313433,4552.238805970149,4850.746268656716
2020,WOODLANDS,4 ROOM,historical_non_mature,50,55,8,54.416666666666664,2809.090909090909,2744.4444444444443,3045.4545454545455
2020,WOODLANDS,4 ROOM,historical_non_mature,55,60,15,58.916666666666664,2898.901098901099,2826.086956521739,3043.9560439560437
2020,WOODLANDS,4 ROOM,historical_non_mature,60,65,30,63.916666666666664,3448.3141082519965,3229.1183966635776,3673.0372037600955
2020,WOODLANDS,4 ROOM,historical_non_mature,65,70,29,67.83333333333333,3571.4285714285716,3388.235294117647,3750.0
2020,WOODLANDS,4 ROOM,historical_non_mature,70,75,52,74.29166666666666,3511.904761904762,3333.3333333333335,3748.1060606060605
2020,WOODLANDS,4 ROOM,historical_non_mature,75,80,290,76.66666666666667,3439.3382352941176,3300.0,3624.78021978022
2020,WOODLANDS,4 ROOM,historical_non_mature,80,85,35,82.33333333333333,3866.6666666666665,3700.0,4143.650793650793
2020,WOODLANDS,4 ROOM,historical_non_mature,90,95,107,93.83333333333333,4413.04347826087,4140.544647031324,4668.478260869566
2020,WOODLANDS,4 ROOM,historical_non_mature,95,100,4,95.66666666666667,5075.268817204301,4903.225806451613,5131.720430107527
2020,WOODLANDS,5 ROOM,historical_non_mature,50,55,6,54.416666666666664,2902.7777777777774,2784.722222222222,2998.397435897436
2020,WOODLANDS,5 ROOM,historical_non_mature,55,60,17,56.75,2917.3553719008264,2711.864406779661,3135.593220338983
2020,WOODLANDS,5 ROOM,historical_non_mature,60,65,17,64.16666666666667,3035.971223021583,2868.217054263566,3223.1404958677685
2020,WOODLANDS,5 ROOM,historical_non_mature,65,70,7,68.41666666666667,3442.622950819672,3243.801652892562,3574.380165289256
2020,WOODLANDS,5 ROOM,historical_non_mature,70,75,54,74.33333333333333,3382.3529411764707,3243.684420620438,3575.3388946819605
2020,WOODLANDS,5 ROOM,historical_non_mature,75,80,258,77.04166666666666,3504.2028678392317,3305.951746201013,3706.04674796748
2020,WOODLANDS,5 ROOM,historical_non_mature,80,85,63,82.08333333333333,3558.5585585585586,3454.5454545454545,3699.490909090909
2020,WOODLANDS,5 ROOM,historical_non_mature,90,95,32,93.75,4263.392857142857,4017.8571428571427,4464.285714285715
2020,WOODLANDS,5 ROOM,historical_non_mature,95,100,2,95.70833333333334,4919.858407079646,4901.911504424778,4937.805309734514
2020,WOODLANDS,EXECUTIVE,historical_non_mature,55,60,1,55.833333333333336,2743.9024390243903,2743.9024390243903,2743.9024390243903
2020,WOODLANDS,EXECUTIVE,historical_non_mature,60,65,1,63.833333333333336,3602.1505376344085,3602.1505376344085,3602.1505376344085
2020,WOODLANDS,EXECUTIVE,historical_non_mature,65,70,9,67.5,3881.5789473684213,3576.158940397351,3972.6027397260273
2020,WOODLANDS,EXECUTIVE,historical_non_mature,70,75,105,73.66666666666667,3879.5180722891564,3723.9583333333335,4023.6686390532545
2020,WOODLANDS,EXECUTIVE,historical_non_mature,75,80,76,77.91666666666667,3906.3178201109235,3779.1623270346677,4009.246317600258
2020,WOODLANDS,EXECUTIVE,historical_non_mature,80,85,3,80.33333333333333,3816.793893129771,3816.793893129771,3854.961832061069
2020,YISHUN,2 ROOM,historical_non_mature,75,80,4,79.125,4912.5,4843.75,5025.0
2020,YISHUN,2 ROOM,historical_non_mature,90,95,20,93.33333333333333,4732.047872340425,4654.255319148936,5000.0
2020,YISHUN,2 ROOM,historical_non_mature,95,100,1,95.0,4936.170212765957,4936.170212765957,4936.170212765957
2020,YISHUN,3 ROOM,historical_non_mature,55,60,3,56.916666666666664,3529.4117647058824,3361.091424521616,3593.064091308165
2020,YISHUN,3 ROOM,historical_non_mature,60,65,202,63.583333333333336,3962.0237050043897,3731.3432835820895,4179.104477611941
2020,YISHUN,3 ROOM,historical_non_mature,65,70,107,66.58333333333333,3828.125,3571.873873873874,3972.6027397260273
2020,YISHUN,3 ROOM,historical_non_mature,70,75,3,71.33333333333333,3906.25,3843.75,4296.875
2020,YISHUN,3 ROOM,historical_non_mature,75,80,1,78.0,4966.666666666667,4966.666666666667,4966.666666666667
2020,YISHUN,3 ROOM,historical_non_mature,90,95,102,94.33333333333333,4711.150131694469,4511.111720807727,4926.470588235294
2020,YISHUN,3 ROOM,historical_non_mature,95,100,7,95.08333333333333,4632.35294117647,4507.35294117647,4889.705882352941
2020,YISHUN,4 ROOM,historical_non_mature,55,60,1,57.25,3088.8888888888887,3088.8888888888887,3088.8888888888887
2020,YISHUN,4 ROOM,historical_non_mature,60,65,147,64.0,3607.1428571428573,3413.3148404993062,3826.714285714286
2020,YISHUN,4 ROOM,historical_non_mature,65,70,253,66.5,3518.5185185185187,3317.3076923076924,3750.0
2020,YISHUN,4 ROOM,historical_non_mature,70,75,14,71.875,3358.8827838827838,3321.314102564103,3459.523809523809
2020,YISHUN,4 ROOM,historical_non_mature,75,80,3,79.75,3846.153846153846,3752.747252747253,3923.076923076923
2020,YISHUN,4 ROOM,historical_non_mature,80,85,1,80.41666666666667,3486.9565217391305,3486.9565217391305,3486.9565217391305
2020,YISHUN,4 ROOM,historical_non_mature,90,95,361,94.25,4387.096774193548,4130.434782608696,4673.913043478261
2020,YISHUN,4 ROOM,historical_non_mature,95,100,24,95.08333333333333,4270.219728845255,4064.516129032258,4408.401268115942
2020,YISHUN,5 ROOM,historical_non_mature,60,65,32,63.875,3545.4545454545455,3419.4214876033056,3766.528925619835
2020,YISHUN,5 ROOM,historical_non_mature,65,70,110,66.33333333333333,3592.6026283701394,3336.065573770492,3863.9412003793527
2020,YISHUN,5 ROOM,historical_non_mature,70,75,10,71.41666666666667,3550.9129681460745,3422.7642276422766,3710.088691796009
2020,YISHUN,5 ROOM,historical_non_mature,75,80,6,79.33333333333333,4120.535714285714,4101.110038610039,4147.321428571429
2020,YISHUN,5 ROOM,historical_non_mature,80,85,1,80.25,3451.3274336283184,3451.3274336283184,3451.3274336283184
2020,YISHUN,5 ROOM,historical_non_mature,90,95,176,94.25,4633.928571428572,4388.392857142857,4786.080357142857
2020,YISHUN,5 ROOM,historical_non_mature,95,100,18,95.08333333333333,4724.478508217446,4575.221238938053,4866.071428571428
2020,YISHUN,EXECUTIVE,historical_non_mature,60,65,6,64.0,3871.988510007413,3809.9089762076424,3987.676056338028
2020,YISHUN,EXECUTIVE,historical_non_mature,65,70,66,66.75,4000.0,3807.5921281111323,4302.964100141709
2020,YISHUN,EXECUTIVE,historical_non_mature,70,75,8,71.29166666666666,4305.518124242016,4169.20731707317,4515.243902439024
2020,YISHUN,MULTI-GENERATION,historical_non_mature,65,70,5,66.16666666666667,4561.403508771929,4532.163742690059,4573.170731707317
2021,ANG MO KIO,2 ROOM,historical_mature,55,60,7,56.083333333333336,5227.272727272727,5170.454545454546,5431.818181818182
2021,ANG MO KIO,2 ROOM,historical_mature,60,65,4,63.916666666666664,4844.444444444444,4675.0,5055.555555555556
2021,ANG MO KIO,3 ROOM,historical_mature,50,55,35,54.5,4656.7164179104475,4430.739726027397,4850.746268656716
2021,ANG MO KIO,3 ROOM,historical_mature,55,60,478,57.416666666666664,4597.014925373134,4330.284552845528,4852.941176470588
2021,ANG MO KIO,3 ROOM,historical_mature,60,65,33,62.5,4590.163934426229,4466.666666666667,4970.588235294118
2021,ANG MO KIO,3 ROOM,historical_mature,85,90,1,89.83333333333333,7642.857142857143,7642.857142857143,7642.857142857143
2021,ANG MO KIO,3 ROOM,historical_mature,90,95,17,90.66666666666667,7214.285714285715,6791.044776119403,7285.714285714285
2021,ANG MO KIO,4 ROOM,historical_mature,50,55,19,54.666666666666664,4673.913043478261,4381.443298969072,5030.111412225233
2021,ANG MO KIO,4 ROOM,historical_mature,55,60,188,57.20833333333333,4634.027628865979,4372.5,4874.396135265701
2021,ANG MO KIO,4 ROOM,historical_mature,60,65,5,62.25,4615.384615384615,4516.129032258064,4838.709677419355
2021,ANG MO KIO,4 ROOM,historical_mature,70,75,9,71.0,4859.813084112149,4747.663551401869,4955.357142857143
2021,ANG MO KIO,4 ROOM,historical_mature,75,80,8,79.45833333333334,6993.822222222222,6652.777777777777,7139.210526315789
2021,ANG MO KIO,4 ROOM,historical_mature,80,85,25,81.0,7022.222222222223,6722.222222222223,7444.444444444444
2021,ANG MO KIO,4 ROOM,historical_mature,85,90,14,89.20833333333333,8406.593406593405,8152.014652014653,8516.666666666666
2021,ANG MO KIO,4 ROOM,historical_mature,90,95,15,90.33333333333333,7760.416666666667,7579.4473684210525,8072.916666666666
2021,ANG MO KIO,4 ROOM,historical_mature,95,100,1,95.5,8086.021505376344,8086.021505376344,8086.021505376344
2021,ANG MO KIO,5 ROOM,historical_mature,55,60,108,58.0,5000.0,4620.3865546218485,5415.770830366044
2021,ANG MO KIO,5 ROOM,historical_mature,70,75,19,72.5,5255.474452554745,5068.202001065656,5802.795031055901
2021,ANG MO KIO,5 ROOM,historical_mature,75,80,6,79.5,6500.0,5622.727272727273,6613.636363636363
2021,ANG MO KIO,5 ROOM,historical_mature,80,85,20,83.75,7309.09090909091,6897.727272727273,7768.181818181818
2021,ANG MO KIO,5 ROOM,historical_mature,85,90,18,88.95833333333334,7937.5,7760.410714285714,8028.044871794872
2021,ANG MO KIO,5 ROOM,historical_mature,90,95,5,90.16666666666667,7983.193277310925,7933.884297520661,8181.818181818182
2021,ANG MO KIO,EXECUTIVE,historical_mature,55,60,7,58.0,5276.073619631902,5162.576687116565,5950.920245398773
2021,ANG MO KIO,EXECUTIVE,historical_mature,60,65,1,62.166666666666664,5864.197530864198,5864.197530864198,5864.197530864198
2021,ANG MO KIO,EXECUTIVE,historical_mature,70,75,12,73.79166666666666,6053.963359332487,5842.281879194632,6360.969682943763
2021,BEDOK,2 ROOM,historical_mature,55,60,3,56.083333333333336,4886.363636363636,4832.081818181818,5102.272727272727
2021,BEDOK,2 ROOM,historical_mature,60,65,8,63.83333333333333,5577.155555555555,5282.711111111112,5694.444444444444
2021,BEDOK,2 ROOM,historical_mature,90,95,3,94.33333333333333,6659.574468085107,6255.319148936171,6946.808510638299
2021,BEDOK,3 ROOM,historical_mature,45,50,4,49.833333333333336,4538.461538461539,4396.153846153847,4626.923076923077
2021,BEDOK,3 ROOM,historical_mature,50,55,59,53.666666666666664,4738.461538461538,4512.195121951219,4903.780964797914
2021,BEDOK,3 ROOM,historical_mature,55,60,368,56.666666666666664,4627.71855010661,4402.985074626866,4850.746268656716
2021,BEDOK,3 ROOM,historical_mature,60,65,90,63.20833333333333,4701.492537313433,4423.008436080468,4885.92750533049
2021,BEDOK,3 ROOM,historical_mature,65,70,3,65.75,5156.25,5078.125,5171.875
2021,BEDOK,3 ROOM,historical_mature,85,90,7,87.83333333333333,7536.231884057971,7119.565217391304,8079.710144927536
2021,BEDOK,3 ROOM,historical_mature,90,95,31,94.33333333333333,7058.823529411765,6617.64705882353,7259.657594381037
2021,BEDOK,4 ROOM,historical_mature,50,55,30,53.583333333333336,4638.501742160279,4305.749128919861,4796.619047619048
2021,BEDOK,4 ROOM,historical_mature,55,60,232,56.416666666666664,4456.521739130435,4223.990683229813,4692.307692307692
2021,BEDOK,4 ROOM,historical_mature,60,65,88,63.04166666666667,4542.124542124542,4361.863864291049,4824.4047619047615
2021,BEDOK,4 ROOM,historical_mature,65,70,26,65.83333333333334,5095.238095238095,4394.604395604396,6052.884615384615
2021,BEDOK,4 ROOM,historical_mature,70,75,17,74.08333333333333,4941.7904761904765,4692.307692307692,5288.461538461538
2021,BEDOK,4 ROOM,historical_mature,75,80,48,78.58333333333333,5235.870048954161,4921.829105473966,5466.822429906542
2021,BEDOK,4 ROOM,historical_mature,80,85,41,83.58333333333333,6618.347826086957,6331.521739130435,6835.739130434783
2021,BEDOK,4 ROOM,historical_mature,85,90,26,87.875,7490.951332844216,7002.659574468085,7712.093421374419
2021,BEDOK,4 ROOM,historical_mature,90,95,91,94.33333333333333,6903.225806451613,6657.19696969697,7241.379310344828
2021,BEDOK,5 ROOM,historical_mature,50,55,28,53.75,5235.81429624171,4897.4130240856375,5620.353850728517
2021,BEDOK,5 ROOM,historical_mature,55,60,131,56.5,4462.809917355372,4188.034188034188,5147.967479674797
2021,BEDOK,5 ROOM,historical_mature,60,65,55,61.916666666666664,4163.934426229508,3950.6841891342638,4658.379623357268
2021,BEDOK,5 ROOM,historical_mature,65,70,19,66.66666666666667,6147.540983606557,5965.116279069767,6316.235897435898
2021,BEDOK,5 ROOM,historical_mature,70,75,46,72.66666666666666,5107.533028455285,4989.130434782609,5334.341397849463
2021,BEDOK,5 ROOM,historical_mature,75,80,42,78.375,5378.260869565218,5217.391304347826,5606.288405797101
2021,BEDOK,5 ROOM,historical_mature,80,85,8,83.66666666666667,6518.181818181818,6338.636363636364,6653.781818181818
2021,BEDOK,5 ROOM,historical_mature,85,90,6,87.79166666666667,7656.25,7515.625,7851.637577639752
2021,BEDOK,5 ROOM,historical_mature,90,95,30,92.41666666666667,7278.761061946903,6869.047619047619,7678.571428571429
2021,BEDOK,EXECUTIVE,historical_mature,55,60,2,56.666666666666664,4541.175645342311,4431.08164983165,4651.269640852974
2021,BEDOK,EXECUTIVE,historical_mature,60,65,21,63.583333333333336,5189.189189189189,4697.986577181208,5592.105263157895
2021,BEDOK,EXECUTIVE,historical_mature,65,70,8,66.83333333333334,6113.013698630137,5887.8635346756155,6302.890410958904
2021,BEDOK,EXECUTIVE,historical_mature,70,75,45,71.33333333333333,5174.825174825175,5104.895104895105,5580.419580419581
2021,BISHAN,3 ROOM,historical_mature,50,55,8,51.416666666666664,4088.2352941176473,3962.0,4261.538461538461
2021,BISHAN,3 ROOM,historical_mature,60,65,29,63.666666666666664,6250.0,6082.089552238806,6640.625
2021,BISHAN,3 ROOM,historical_mature,65,70,15,65.75,6310.75,5742.1875,6588.942307692308
2021,BISHAN,4 ROOM,historical_mature,50,55,2,52.33333333333333,4335.227272727272,4298.295454545454,4372.159090909091
2021,BISHAN,4 ROOM,historical_mature,60,65,72,63.833333333333336,6056.623931623932,5755.494505494506,6329.537878787878
2021,BISHAN,4 ROOM,historical_mature,65,70,132,67.625,5719.734817813765,5304.761904761905,6250.0
2021,BISHAN,4 ROOM,historical_mature,70,75,66,70.25,5653.846153846154,5095.467032967033,6062.875635691169
2021,BISHAN,4 ROOM,historical_mature,75,80,11,76.0,6731.707317073171,5926.851323053494,7102.392156862745
2021,BISHAN,4 ROOM,historical_mature,85,90,4,89.45833333333334,9463.157894736842,9205.263157894737,9694.736842105263
2021,BISHAN,5 ROOM,historical_mature,60,65,44,64.5,6166.400444475311,5780.99173553719,6648.413084241961
2021,BISHAN,5 ROOM,historical_mature,65,70,85,66.0,6016.528925619835,5650.40650406504,6512.396694214876
2021,BISHAN,5 ROOM,historical_mature,70,75,13,70.33333333333333,6121.212121212121,6015.037593984963,6488.5496183206105
2021,BISHAN,5 ROOM,historical_mature,75,80,7,76.16666666666667,6910.569105691057,6158.536585365853,7015.924208828865
2021,BISHAN,5 ROOM,historical_mature,85,90,20,89.33333333333333,9866.666666666666,8562.5,10354.166666666666
2021,BISHAN,EXECUTIVE,historical_mature,60,65,11,64.75,6404.109589041096,5756.325910931175,6844.594594594595
2021,BISHAN,EXECUTIVE,historical_mature,65,70,32,68.04166666666666,6182.209924702895,5347.593582887701,6541.095890410958
2021,BISHAN,EXECUTIVE,historical_mature,70,75,14,70.25,6285.099695585997,6080.921343349537,6601.027397260274
2021,BISHAN,MULTI-GENERATION,historical_mature,60,65,3,64.83333333333333,5968.75,5908.617424242424,6025.419776119403
2021,BISHAN,MULTI-GENERATION,historical_mature,65,70,2,65.20833333333334,5850.610583446404,5716.214382632293,5985.006784260515
2021,BUKIT BATOK,3 ROOM,historical_non_mature,60,65,180,63.0,4612.906678082192,4325.035780004089,4845.499067164179
2021,BUKIT BATOK,3 ROOM,historical_non_mature,65,70,57,65.5,4539.473684210527,4383.561643835616,4852.941176470588
2021,BUKIT BATOK,3 ROOM,historical_non_mature,75,80,6,75.91666666666667,4440.298507462687,4197.76119402985,4716.417910447762
2021,BUKIT BATOK,3 ROOM,historical_non_mature,90,95,5,94.83333333333333,6691.176470588235,6544.117647058823,6764.705882352941
2021,BUKIT BATOK,3 ROOM,historical_non_mature,95,100,3,95.08333333333333,6764.705882352941,6691.176470588236,6801.470588235294
2021,BUKIT BATOK,4 ROOM,historical_non_mature,60,65,151,63.083333333333336,4261.9047619047615,4037.087912087912,4478.661275831088
2021,BUKIT BATOK,4 ROOM,historical_non_mature,65,70,28,65.54166666666666,4166.666666666667,3987.2593718338403,4354.166666666667
2021,BUKIT BATOK,4 ROOM,historical_non_mature,70,75,4,74.83333333333333,5208.647920792079,5081.311881188119,5305.546138613861
2021,BUKIT BATOK,4 ROOM,historical_non_mature,75,80,43,75.66666666666667,4563.1067961165045,4264.58243650452,4779.653862389194
2021,BUKIT BATOK,4 ROOM,historical_non_mature,80,85,33,82.33333333333333,5163.04347826087,4913.04347826087,5348.837209302325
2021,BUKIT BATOK,4 ROOM,historical_non_mature,90,95,14,94.75,6743.421052631578,6584.696796338672,6942.934782608696
2021,BUKIT BATOK,4 ROOM,historical_non_mature,95,100,8,95.08333333333333,6793.478260869566,6600.337528604119,6967.391304347826
2021,BUKIT BATOK,5 ROOM,historical_non_mature,60,65,46,63.166666666666664,4145.847941500551,3886.3636363636365,4476.304397357029
2021,BUKIT BATOK,5 ROOM,historical_non_mature,65,70,1,65.33333333333333,4281.481481481482,4281.481481481482,4281.481481481482
2021,BUKIT BATOK,5 ROOM,historical_non_mature,70,75,10,74.625,4883.252574197456,4637.596899224806,5207.592296918768
2021,BUKIT BATOK,5 ROOM,historical_non_mature,75,80,26,75.5,4801.652892561984,4535.953800298063,4958.677685950413
2021,BUKIT BATOK,5 ROOM,historical_non_mature,80,85,27,82.58333333333333,5143.478260869565,4863.301400147384,5316.205533596838
2021,BUKIT BATOK,5 ROOM,historical_non_mature,90,95,13,94.83333333333333,7000.0,6782.608695652174,7321.428571428572
2021,BUKIT BATOK,5 ROOM,historical_non_mature,95,100,2,95.08333333333334,6978.260869565218,6902.173913043478,7054.347826086957
2021,BUKIT BATOK,EXECUTIVE,historical_non_mature,60,65,53,63.166666666666664,4527.027027027027,4301.369863013699,4866.666666666667
2021,BUKIT BATOK,EXECUTIVE,historical_non_mature,70,75,11,71.0,4378.378378378378,4226.973684210527,5080.952380952381
2021,BUKIT BATOK,EXECUTIVE,historical_non_mature,75,80,31,75.66666666666667,5125.0,4855.749273557492,5262.128325508607
2021,BUKIT MERAH,1 ROOM,historical_mature,50,55,9,53.0,6387.096774193548,6129.032258064516,6612.903225806452
2021,BUKIT MERAH,2 ROOM,historical_mature,45,50,17,48.666666666666664,5190.476190476191,4791.666666666667,5416.666666666667
2021,BUKIT MERAH,2 ROOM,historical_mature,50,55,8,53.666666666666664,5242.222222222223,5133.333333333333,5782.558139534884
2021,BUKIT MERAH,2 ROOM,historical_mature,90,95,3,90.41666666666667,10106.382978723404,9787.234042553191,10138.297872340427
2021,BUKIT MERAH,2 ROOM,historical_mature,95,100,1,96.75,9255.31914893617,9255.31914893617,9255.31914893617
2021,BUKIT MERAH,3 ROOM,historical_mature,40,45,4,44.666666666666664,4457.4,4348.599999999999,4600.0
2021,BUKIT MERAH,3 ROOM,historical_mature,45,50,73,47.5,4870.37037037037,4500.0,5288.135593220339
2021,BUKIT MERAH,3 ROOM,historical_mature,50,55,166,53.083333333333336,5060.849598163031,4615.384615384615,5636.252446183953
2021,BUKIT MERAH,3 ROOM,historical_mature,55,60,50,56.666666666666664,5507.4626865671635,4944.0298507462685,5870.062785388129
2021,BUKIT MERAH,3 ROOM,historical_mature,60,65,40,60.95833333333333,5282.587064676617,4915.384615384615,5606.393707139977
2021,BUKIT MERAH,3 ROOM,historical_mature,65,70,2,66.20833333333334,4897.260273972603,4845.890410958904,4948.630136986301
2021,BUKIT MERAH,3 ROOM,historical_mature,80,85,10,80.375,9008.333333333332,8879.166666666666,9625.0
2021,BUKIT MERAH,3 ROOM,historical_mature,85,90,9,86.41666666666667,9666.666666666666,9166.666666666666,9666.666666666666
2021,BUKIT MERAH,3 ROOM,historical_mature,90,95,41,91.08333333333333,9347.826086956522,9044.117647058823,9943.548387096775
2021,BUKIT MERAH,3 ROOM,historical_mature,95,100,18,95.91666666666666,9117.64705882353,8888.058823529413,9794.117647058823
2021,BUKIT MERAH,4 ROOM,historical_mature,45,50,8,48.20833333333333,5218.75,4932.4324324324325,5527.027027027027
2021,BUKIT MERAH,4 ROOM,historical_mature,50,55,42,53.95833333333333,5168.9002849002845,4878.048780487805,5564.654095904096
2021,BUKIT MERAH,4 ROOM,historical_mature,55,60,19,56.0,5384.615384615385,5091.782608695652,5617.29574773053
2021,BUKIT MERAH,4 ROOM,historical_mature,60,65,37,62.583333333333336,5388.349514563107,5048.543689320389,5809.523809523809
2021,BUKIT MERAH,4 ROOM,historical_mature,65,70,1,65.08333333333333,5339.805825242718,5339.805825242718,5339.805825242718
2021,BUKIT MERAH,4 ROOM,historical_mature,70,75,20,74.625,6691.121495327103,6463.535353535353,6814.350064350064
2021,BUKIT MERAH,4 ROOM,historical_mature,75,80,36,78.79166666666666,6763.838383838383,6237.5,7500.0
2021,BUKIT MERAH,4 ROOM,historical_mature,80,85,96,80.91666666666667,8222.222222222223,7341.628959276019,8513.888888888889
2021,BUKIT MERAH,4 ROOM,historical_mature,85,90,36,86.625,8416.666666666668,8104.166666666667,8640.0
2021,BUKIT MERAH,4 ROOM,historical_mature,90,95,113,93.25,9034.09090909091,8698.924731182795,9772.989247311827
2021,BUKIT MERAH,4 ROOM,historical_mature,95,100,33,95.33333333333333,9139.78494623656,8709.677419354839,9677.41935483871
2021,BUKIT MERAH,5 ROOM,historical_mature,50,55,24,54.125,5046.099290780142,4722.994325935502,5478.6145227321695
2021,BUKIT MERAH,5 ROOM,historical_mature,55,60,45,56.5,5559.322033898305,5299.145299145299,6169.4915254237285
2021,BUKIT MERAH,5 ROOM,historical_mature,60,65,42,62.29166666666667,6249.861649142225,5674.632352941177,7114.410340407349
2021,BUKIT MERAH,5 ROOM,historical_mature,70,75,23,74.5,6653.225806451613,6115.450618379786,6942.935349322211
2021,BUKIT MERAH,5 ROOM,historical_mature,75,80,33,78.58333333333333,7090.909090909091,6173.913043478261,7695.652173913043
2021,BUKIT MERAH,5 ROOM,historical_mature,80,85,81,81.41666666666667,7772.727272727273,7154.545454545455,8153.153153153153
2021,BUKIT MERAH,5 ROOM,historical_mature,85,90,10,86.5,8468.18181818182,7954.545454545455,8761.363636363636
2021,BUKIT MERAH,5 ROOM,historical_mature,90,95,18,90.91666666666667,8942.710759198882,8537.610619469026,10232.300884955752
2021,BUKIT MERAH,5 ROOM,historical_mature,95,100,2,96.66666666666666,10955.75221238938,10876.106194690265,11035.398230088496
2021,BUKIT MERAH,EXECUTIVE,historical_mature,55,60,2,56.20833333333333,4943.081117927743,4693.762781186094,5192.399454669393
2021,BUKIT MERAH,EXECUTIVE,historical_mature,60,65,1,60.416666666666664,4807.692307692308,4807.692307692308,4807.692307692308
2021,BUKIT PANJANG,2 ROOM,historical_non_mature,90,95,33,92.83333333333333,5891.234042553191,5531.914893617021,6170.212765957447
2021,BUKIT PANJANG,3 ROOM,historical_non_mature,60,65,7,64.75,4589.041095890411,4383.561643835616,4931.506849315068
2021,BUKIT PANJANG,3 ROOM,historical_non_mature,65,70,52,66.25,4383.561643835616,4212.328767123287,4520.54794520548
2021,BUKIT PANJANG,3 ROOM,historical_non_mature,90,95,60,93.29166666666666,5367.64705882353,5182.835820895522,5535.641791044776
2021,BUKIT PANJANG,3 ROOM,historical_non_mature,95,100,1,95.0,4970.588235294118,4970.588235294118,4970.588235294118
2021,BUKIT PANJANG,4 ROOM,historical_non_mature,60,65,5,64.66666666666667,4278.846153846154,4261.9047619047615,4563.1067961165045
2021,BUKIT PANJANG,4 ROOM,historical_non_mature,65,70,111,66.25,4019.230769230769,3758.495145631068,4193.14787154593
2021,BUKIT PANJANG,4 ROOM,historical_non_mature,70,75,4,74.79166666666666,4272.277227722772,4200.495049504951,4373.267326732674
2021,BUKIT PANJANG,4 ROOM,historical_non_mature,75,80,104,76.375,4666.732673267326,4164.60396039604,5198.514851485149
2021,BUKIT PANJANG,4 ROOM,historical_non_mature,80,85,43,81.33333333333333,4838.709677419355,4563.369963369963,5574.372759856631
2021,BUKIT PANJANG,4 ROOM,historical_non_mature,85,90,1,89.91666666666667,4784.94623655914,4784.94623655914,4784.94623655914
2021,BUKIT PANJANG,4 ROOM,historical_non_mature,90,95,196,93.5,5054.055633473587,4891.304347826087,5358.870967741936
2021,BUKIT PANJANG,4 ROOM,historical_non_mature,95,100,9,95.0,5053.763440860215,5000.0,5107.5268817204305
2021,BUKIT PANJANG,5 ROOM,historical_non_mature,65,70,53,66.41666666666667,4114.754098360656,3852.4590163934427,4304.488549618321
2021,BUKIT PANJANG,5 ROOM,historical_non_mature,70,75,5,74.75,4416.666666666667,4297.520661157025,4500.0
2021,BUKIT PANJANG,5 ROOM,historical_non_mature,75,80,129,77.16666666666667,4819.81981981982,4419.354838709677,5297.520661157025
2021,BUKIT PANJANG,5 ROOM,historical_non_mature,80,85,51,81.08333333333333,4636.363636363636,4159.090909090909,5045.454545454546
2021,BUKIT PANJANG,5 ROOM,historical_non_mature,90,95,67,93.66666666666667,5223.214285714285,5022.12389380531,5486.725663716814
2021,BUKIT PANJANG,5 ROOM,historical_non_mature,95,100,3,95.0,5309.734513274337,4977.87610619469,5353.982300884956
2021,BUKIT PANJANG,EXECUTIVE,historical_non_mature,60,65,2,64.79166666666666,4752.161515820457,4744.136313465784,4760.1867181751295
2021,BUKIT PANJANG,EXECUTIVE,historical_non_mature,65,70,37,66.41666666666667,4633.802816901409,4417.808219178082,4890.322580645161
2021,BUKIT PANJANG,EXECUTIVE,historical_non_mature,70,75,2,74.75,4708.752515090544,4675.8048289738435,4741.700201207244
2021,BUKIT PANJANG,EXECUTIVE,historical_non_mature,75,80,61,77.16666666666667,5153.846153846154,4895.104895104895,5436.619718309859
2021,BUKIT PANJANG,EXECUTIVE,historical_non_mature,80,85,19,80.66666666666667,5870.967741935484,4003.90625,6547.619047619048
2021,BUKIT TIMAH,3 ROOM,historical_mature,50,55,13,52.25,5890.41095890411,5726.027397260274,6000.0
2021,BUKIT TIMAH,4 ROOM,historical_mature,50,55,13,51.75,5769.2307692307695,5307.692307692308,6153.846153846154
2021,BUKIT TIMAH,4 ROOM,historical_mature,65,70,19,66.5,6346.153846153846,6220.192307692308,6662.9807692307695
2021,BUKIT TIMAH,5 ROOM,historical_mature,50,55,3,51.916666666666664,7414.634146341464,7157.317073170732,7569.105691056911
2021,BUKIT TIMAH,5 ROOM,historical_mature,65,70,14,66.25,7020.0327868852455,6770.782238285788,7247.950819672131
2021,BUKIT TIMAH,EXECUTIVE,historical_mature,65,70,20,66.58333333333333,7047.945205479452,6642.123287671233,7328.322362568938
2021,CENTRAL AREA,2 ROOM,historical_mature,45,50,4,49.125,4971.698113207547,4683.962264150944,5321.278825995807
2021,CENTRAL AREA,2 ROOM,historical_mature,50,55,1,51.75,5933.333333333333,5933.333333333333,5933.333333333333
2021,CENTRAL AREA,2 ROOM,historical_mature,55,60,2,59.458333333333336,4643.434343434343,4576.262626262626,4710.60606060606
2021,CENTRAL AREA,2 ROOM,historical_mature,60,65,1,61.083333333333336,5923.076923076923,5923.076923076923,5923.076923076923
2021,CENTRAL AREA,3 ROOM,historical_mature,45,50,1,49.333333333333336,5131.578947368421,5131.578947368421,5131.578947368421
2021,CENTRAL AREA,3 ROOM,historical_mature,50,55,37,52.583333333333336,6357.142857142857,5970.149253731343,7582.089552238806
2021,CENTRAL AREA,3 ROOM,historical_mature,55,60,32,56.583333333333336,7035.941176470588,6515.29160739687,7524.738285144566
2021,CENTRAL AREA,3 ROOM,historical_mature,60,65,20,62.25,5833.333333333333,5265.2027027027025,6864.417910447761
2021,CENTRAL AREA,4 ROOM,historical_mature,45,50,1,49.416666666666664,5028.0373831775705,5028.0373831775705,5028.0373831775705
2021,CENTRAL AREA,4 ROOM,historical_mature,50,55,5,51.833333333333336,6727.272727272727,6571.428571428572,6987.012987012987
2021,CENTRAL AREA,4 ROOM,historical_mature,55,60,9,58.083333333333336,8170.731707317073,7621.951219512195,8536.585365853658
2021,CENTRAL AREA,4 ROOM,historical_mature,60,65,14,62.0,5880.99128540305,5780.544073824859,6499.932541824069
2021,CENTRAL AREA,4 ROOM,historical_mature,75,80,1,79.75,6058.823529411765,6058.823529411765,6058.823529411765
2021,CENTRAL AREA,4 ROOM,historical_mature,80,85,6,80.625,5705.882352941177,5647.058823529412,6161.176470588235
2021,CENTRAL AREA,4 ROOM,historical_mature,85,90,72,88.58333333333333,10526.315789473685,9929.657045840406,11106.085799800465
2021,CENTRAL AREA,5 ROOM,historical_mature,50,55,2,54.41666666666667,7420.619436654067,7156.35288379466,7684.885989513474
2021,CENTRAL AREA,5 ROOM,historical_mature,60,65,2,61.25,6029.655664781152,6029.216321599209,6030.095007963096
2021,CENTRAL AREA,5 ROOM,historical_mature,75,80,4,79.75,6435.759209344114,6190.47619047619,6561.972147349506
2021,CENTRAL AREA,5 ROOM,historical_mature,80,85,5,80.5,5980.952380952381,5551.314285714286,6333.333333333333
2021,CENTRAL AREA,5 ROOM,historical_mature,85,90,42,88.5,10418.825812194036,9824.098798397863,10974.076546506454
2021,CHOA CHU KANG,2 ROOM,historical_non_mature,85,90,2,89.16666666666667,5619.565217391304,5472.826086956522,5766.304347826087
2021,CHOA CHU KANG,2 ROOM,historical_non_mature,90,95,6,93.66666666666667,5957.446808510638,5765.957446808511,6085.106382978724
2021,CHOA CHU KANG,2 ROOM,historical_non_mature,95,100,5,95.16666666666667,5319.148936170212,5106.382978723404,5446.808510638298
2021,CHOA CHU KANG,3 ROOM,historical_non_mature,55,60,14,56.5,4260.185558693021,4039.6341463414637,4446.115013169447
2021,CHOA CHU KANG,3 ROOM,historical_non_mature,60,65,10,61.83333333333333,4121.621621621622,3926.5309613410877,4391.891891891892
2021,CHOA CHU KANG,3 ROOM,historical_non_mature,65,70,9,67.33333333333333,4342.465753424657,4109.835616438356,4431.506849315068
2021,CHOA CHU KANG,3 ROOM,historical_non_mature,85,90,1,89.5,4782.608695652174,4782.608695652174,4782.608695652174
2021,CHOA CHU KANG,3 ROOM,historical_non_mature,90,95,34,92.83333333333333,5514.925373134329,5367.64705882353,5705.2238805970155
2021,CHOA CHU KANG,3 ROOM,historical_non_mature,95,100,47,95.25,5617.64705882353,5367.64705882353,5820.895522388059
2021,CHOA CHU KANG,4 ROOM,historical_non_mature,55,60,23,58.833333333333336,3913.0434782608695,3622.969421882465,4071.0105112279025
2021,CHOA CHU KANG,4 ROOM,historical_non_mature,60,65,5,62.333333333333336,3669.902912621359,3584.9056603773583,3737.864077669903
2021,CHOA CHU KANG,4 ROOM,historical_non_mature,65,70,52,67.41666666666667,3961.7145997435427,3781.5533980582527,4086.5384615384614
2021,CHOA CHU KANG,4 ROOM,historical_non_mature,70,75,118,71.5,3943.506253908693,3750.0,4201.824655095683
2021,CHOA CHU KANG,4 ROOM,historical_non_mature,75,80,102,76.83333333333333,4114.895005984115,3923.676470588235,4346.658415841584
2021,CHOA CHU KANG,4 ROOM,historical_non_mature,80,85,23,80.41666666666667,4373.626373626374,4171.245421245421,4505.555555555556
2021,CHOA CHU KANG,4 ROOM,historical_non_mature,90,95,206,94.5,5163.04347826087,4946.236559139785,5376.344086021505
2021,CHOA CHU KANG,4 ROOM,historical_non_mature,95,100,228,95.16666666666667,5108.695652173913,4946.090462833099,5326.086956521739
2021,CHOA CHU KANG,5 ROOM,historical_non_mature,55,60,10,56.45833333333333,3668.0672268907565,3497.8991596638657,3848.7394957983197
2021,CHOA CHU KANG,5 ROOM,historical_non_mature,60,65,1,61.666666666666664,3696.969696969697,3696.969696969697,3696.969696969697
2021,CHOA CHU KANG,5 ROOM,historical_non_mature,65,70,26,66.75,4027.774104683195,3934.4262295081967,4219.70261482184
2021,CHOA CHU KANG,5 ROOM,historical_non_mature,70,75,121,72.75,4015.151515151515,3858.267716535433,4218.75
2021,CHOA CHU KANG,5 ROOM,historical_non_mature,75,80,108,77.0,4104.545454545454,3874.7184684684685,4277.366472765732
2021,CHOA CHU KANG,5 ROOM,historical_non_mature,80,85,56,80.75,3858.181818181818,3727.2727272727275,4125.0
2021,CHOA CHU KANG,5 ROOM,historical_non_mature,90,95,117,94.66666666666667,5221.238938053098,5000.0,5415.929203539823
2021,CHOA CHU KANG,5 ROOM,historical_non_mature,95,100,123,95.16666666666667,5221.238938053098,5039.8230088495575,5401.785714285715
2021,CHOA CHU KANG,EXECUTIVE,historical_non_mature,65,70,28,67.25,4328.3835616438355,4188.356164383561,4662.671232876713
2021,CHOA CHU KANG,EXECUTIVE,historical_non_mature,70,75,58,72.875,4229.53319258738,4037.0233619763694,4472.810995927434
2021,CHOA CHU KANG,EXECUTIVE,historical_non_mature,75,80,33,77.25,4225.352112676056,4055.944055944056,4366.197183098591
2021,CHOA CHU KANG,EXECUTIVE,historical_non_mature,80,85,4,81.04166666666666,4240.0,4196.0,4350.0
2021,CLEMENTI,2 ROOM,historical_mature,90,95,8,91.33333333333333,6723.34693877551,6500.0,6804.693877551021
2021,CLEMENTI,3 ROOM,historical_mature,55,60,202,57.25,4859.6650891882055,4552.238805970149,5189.11406025825
2021,CLEMENTI,3 ROOM,historical_mature,60,65,20,61.625,4473.319473319473,4327.702702702703,4818.687230989957
2021,CLEMENTI,3 ROOM,historical_mature,80,85,3,80.83333333333333,6721.311475409836,6639.344262295082,7065.573770491803
2021,CLEMENTI,3 ROOM,historical_mature,85,90,1,89.83333333333333,9428.57142857143,9428.57142857143,9428.57142857143
2021,CLEMENTI,3 ROOM,historical_mature,90,95,33,92.25,8811.59420289855,7684.931506849315,9114.285714285714
2021,CLEMENTI,3 ROOM,historical_mature,95,100,6,95.04166666666666,8393.22250639386,8261.828644501278,8781.170076726343
2021,CLEMENTI,4 ROOM,historical_mature,55,60,97,56.75,4915.6626506024095,4560.43956043956,5489.130434782609
2021,CLEMENTI,4 ROOM,historical_mature,60,65,21,62.5,5288.461538461538,4722.222222222223,5576.923076923077
2021,CLEMENTI,4 ROOM,historical_mature,80,85,28,80.79166666666666,7928.743961352657,7623.461012311902,8140.451162790698
2021,CLEMENTI,4 ROOM,historical_mature,90,95,111,92.5,9225.0,8753.048780487805,9449.90975609756
2021,CLEMENTI,4 ROOM,historical_mature,95,100,22,95.16666666666667,8983.268817204302,8827.655913978495,9356.997025852208
2021,CLEMENTI,5 ROOM,historical_mature,55,60,49,56.5,5213.675213675214,4963.503649635037,5504.0
2021,CLEMENTI,5 ROOM,historical_mature,60,65,10,62.375,5423.1470033188,4918.855236683257,5804.306881942059
2021,CLEMENTI,5 ROOM,historical_mature,80,85,6,80.54166666666666,7254.545454545455,6995.454545454546,7404.545454545455
2021,CLEMENTI,5 ROOM,historical_mature,90,95,27,92.5,8495.575221238938,8135.991597856004,9398.802528445005
2021,CLEMENTI,5 ROOM,historical_mature,95,100,7,95.16666666666667,8761.061946902655,8256.637168141593,9378.950695322377
2021,CLEMENTI,EXECUTIVE,historical_mature,60,65,21,62.583333333333336,5632.65306122449,5548.387096774193,5825.503355704698
2021,GEYLANG,2 ROOM,historical_mature,45,50,6,48.833333333333336,5217.189314750291,5047.619047619048,5248.475609756098
2021,GEYLANG,2 ROOM,historical_mature,50,55,3,51.166666666666664,4782.608695652174,4673.913043478261,4782.608695652174
2021,GEYLANG,2 ROOM,historical_mature,55,60,1,56.166666666666664,4888.888888888889,4888.888888888889,4888.888888888889
2021,GEYLANG,3 ROOM,historical_mature,40,45,38,44.416666666666664,4354.166666666666,4240.466101694916,4730.925324675324
2021,GEYLANG,3 ROOM,historical_mature,45,50,76,46.916666666666664,4446.428571428572,4166.666666666667,4865.384615384615
2021,GEYLANG,3 ROOM,historical_mature,50,55,46,53.625,4652.519893899204,4401.542649727768,4957.692307692308
2021,GEYLANG,3 ROOM,historical_mature,55,60,60,58.416666666666664,4562.884108867427,4322.033898305085,5000.0
2021,GEYLANG,3 ROOM,historical_mature,60,65,26,63.16666666666667,5327.7027027027025,5065.491891891892,5993.243243243243
2021,GEYLANG,3 ROOM,historical_mature,75,80,7,78.0,4968.75,4684.399801587302,5000.0
2021,GEYLANG,3 ROOM,historical_mature,80,85,8,84.41666666666666,8032.4,7845.833333333333,8291.666666666666
2021,GEYLANG,3 ROOM,historical_mature,85,90,1,85.0,7966.666666666667,7966.666666666667,7966.666666666667
2021,GEYLANG,3 ROOM,historical_mature,90,95,34,94.66666666666667,7754.553994732221,7500.0,8190.298507462687
2021,GEYLANG,3 ROOM,historical_mature,95,100,2,95.20833333333334,7819.734345351044,7439.278937381404,8200.189753320683
2021,GEYLANG,4 ROOM,historical_mature,45,50,2,47.33333333333333,4600.668757767651,4554.432739539563,4646.904775995739
2021,GEYLANG,4 ROOM,historical_mature,50,55,17,53.916666666666664,5108.695652173913,4891.304347826087,5326.086956521739
2021,GEYLANG,4 ROOM,historical_mature,55,60,39,58.416666666666664,4890.10989010989,4497.645211930926,5468.961312493072
2021,GEYLANG,4 ROOM,historical_mature,60,65,92,63.166666666666664,4841.494505494506,4517.857142857143,5341.592369894257
2021,GEYLANG,4 ROOM,historical_mature,65,70,6,67.83333333333334,4605.80468147132,4436.062185478074,4696.167078334509
2021,GEYLANG,4 ROOM,historical_mature,70,75,2,74.5,5589.622641509433,5412.735849056604,5766.509433962264
2021,GEYLANG,4 ROOM,historical_mature,75,80,46,76.29166666666666,7026.315789473684,6423.519736842105,7546.955624355005
2021,GEYLANG,4 ROOM,historical_mature,80,85,22,83.20833333333333,7882.35294117647,7413.662239089184,8275.0
2021,GEYLANG,4 ROOM,historical_mature,85,90,23,89.41666666666667,7705.263157894737,7255.764572722128,7919.354838709677
2021,GEYLANG,4 ROOM,historical_mature,90,95,58,94.5,8037.634408602151,7709.677419354839,8258.064516129032
2021,GEYLANG,5 ROOM,historical_mature,50,55,21,54.5,5157.894736842105,4871.794871794872,5811.965811965812
2021,GEYLANG,5 ROOM,historical_mature,55,60,17,57.833333333333336,5211.864406779661,4786.324786324786,5508.474576271186
2021,GEYLANG,5 ROOM,historical_mature,60,65,27,61.75,5702.479338842975,4856.55737704918,6113.232023721275
2021,GEYLANG,5 ROOM,historical_mature,65,70,8,67.875,4632.098107171421,4359.9672131147545,4825.650318385043
2021,GEYLANG,5 ROOM,historical_mature,70,75,4,74.33333333333334,5324.8175182481755,5145.985401459854,5521.9983907121095
2021,GEYLANG,5 ROOM,historical_mature,75,80,17,77.75,7699.115044247787,7256.637168141593,8090.09009009009
2021,GEYLANG,5 ROOM,historical_mature,80,85,6,82.95833333333334,7809.82800982801,7638.636363636364,7945.823095823095
2021,GEYLANG,EXECUTIVE,historical_mature,60,65,25,63.75,5582.191780821918,4897.260273972603,6073.825503355704
2021,GEYLANG,EXECUTIVE,historical_mature,65,70,4,65.125,5503.326604181688,5411.245614035089,5595.390269248937
2021,HOUGANG,2 ROOM,historical_non_mature,85,90,3,89.58333333333333,5702.127659574468,5617.021276595745,5776.595744680852
2021,HOUGANG,2 ROOM,historical_non_mature,90,95,6,92.625,5287.234042553191,5212.765957446809,5409.574468085106
2021,HOUGANG,3 ROOM,historical_non_mature,50,55,14,53.20833333333333,4576.271186440678,4259.758551307847,4622.881355932203
2021,HOUGANG,3 ROOM,historical_non_mature,55,60,39,56.25,4410.958904109589,4205.223471682682,4624.038896426956
2021,HOUGANG,3 ROOM,historical_non_mature,60,65,122,62.58333333333333,4721.69384057971,4477.611940298508,4929.973420568391
2021,HOUGANG,3 ROOM,historical_non_mature,65,70,23,65.58333333333333,4702.7027027027025,4414.400337837838,4929.6875
2021,HOUGANG,3 ROOM,historical_non_mature,70,75,2,71.08333333333334,5106.230603962759,4947.481499164478,5264.9797087610405
2021,HOUGANG,3 ROOM,historical_non_mature,85,90,3,89.66666666666667,5373.134328358209,5261.194029850747,5522.388059701492
2021,HOUGANG,3 ROOM,historical_non_mature,90,95,43,92.66666666666667,5911.764705882353,5521.390374331551,6762.894644424934
2021,HOUGANG,3 ROOM,historical_non_mature,95,100,28,95.25,6111.172080772607,5659.926470588235,6395.522388059701
2021,HOUGANG,4 ROOM,historical_non_mature,50,55,3,53.666666666666664,3963.4146341463415,3902.439024390244,4115.8536585365855
2021,HOUGANG,4 ROOM,historical_non_mature,55,60,11,59.083333333333336,4081.6326530612246,4026.857142857143,4131.091734352603
2021,HOUGANG,4 ROOM,historical_non_mature,60,65,159,63.25,4320.388349514563,4086.489013557737,4604.395604395604
2021,HOUGANG,4 ROOM,historical_non_mature,65,70,98,66.75,4293.342579750346,4128.314040328603,4523.809523809524
2021,HOUGANG,4 ROOM,historical_non_mature,70,75,44,70.5,4291.857483055504,4104.200084423808,4652.576197387518
2021,HOUGANG,4 ROOM,historical_non_mature,75,80,104,75.95833333333334,4359.590370801787,4158.415841584158,4591.014851485148
2021,HOUGANG,4 ROOM,historical_non_mature,80,85,24,81.0,4702.941176470588,4550.0,4952.777777777777
2021,HOUGANG,4 ROOM,historical_non_mature,90,95,153,93.0,5652.173913043478,5250.0,6304.347826086957
2021,HOUGANG,4 ROOM,historical_non_mature,95,100,57,95.25,6107.5268817204305,5684.782608695652,6798.913043478261
2021,HOUGANG,5 ROOM,historical_non_mature,60,65,84,62.75,4424.484259668159,4132.231404958678,4948.347107438017
2021,HOUGANG,5 ROOM,historical_non_mature,65,70,34,65.91666666666667,4419.077134986226,4202.573970096524,4573.163636363636
2021,HOUGANG,5 ROOM,historical_non_mature,70,75,30,70.625,4748.84405212274,4431.623931623932,5112.29674796748
2021,HOUGANG,5 ROOM,historical_non_mature,75,80,82,76.29166666666666,4549.150036954915,4350.0,4774.31129476584
2021,HOUGANG,5 ROOM,historical_non_mature,80,85,31,81.33333333333333,4418.181818181818,4263.636363636364,4527.272727272727
2021,HOUGANG,5 ROOM,historical_non_mature,90,95,88,93.41666666666667,6334.627329192546,5824.043299620733,6882.04611088951
2021,HOUGANG,5 ROOM,historical_non_mature,95,100,21,95.16666666666667,5840.70796460177,5796.460176991151,6088.495575221239
2021,HOUGANG,EXECUTIVE,historical_non_mature,55,60,1,59.416666666666664,4565.217391304348,4565.217391304348,4565.217391304348
2021,HOUGANG,EXECUTIVE,historical_non_mature,60,65,49,62.75,4864.864864864865,4556.2913907284765,5202.7027027027025
2021,HOUGANG,EXECUTIVE,historical_non_mature,65,70,41,66.08333333333333,4931.506849315068,4755.244755244756,5260.273972602739
2021,HOUGANG,EXECUTIVE,historical_non_mature,70,75,34,70.54166666666666,5527.495811569922,5023.783783783783,5982.737874861163
2021,HOUGANG,EXECUTIVE,historical_non_mature,75,80,40,77.04166666666666,4834.04255319149,4502.3166123104,5131.5635968318065
2021,JURONG EAST,2 ROOM,historical_non_mature,90,95,7,91.25,6063.829787234043,5738.636363636364,6414.112050739957
2021,JURONG EAST,3 ROOM,historical_non_mature,40,45,1,44.083333333333336,3776.1194029850744,3776.1194029850744,3776.1194029850744
2021,JURONG EAST,3 ROOM,historical_non_mature,50,55,1,54.75,4054.054054054054,4054.054054054054,4054.054054054054
2021,JURONG EAST,3 ROOM,historical_non_mature,55,60,36,58.70833333333333,4409.825870646766,3783.7837837837837,4852.941176470588
2021,JURONG EAST,3 ROOM,historical_non_mature,60,65,79,61.0,4533.333333333333,4341.736694677871,4814.859525899912
2021,JURONG EAST,3 ROOM,historical_non_mature,65,70,2,66.66666666666667,4992.64705882353,4915.441176470588,5069.85294117647
2021,JURONG EAST,3 ROOM,historical_non_mature,90,95,43,94.16666666666667,5746.268656716418,5522.388059701492,5985.074626865671
2021,JURONG EAST,4 ROOM,historical_non_mature,55,60,30,58.916666666666664,4120.15762015762,3834.9514563106795,4435.4838709677415
2021,JURONG EAST,4 ROOM,historical_non_mature,60,65,66,61.58333333333333,4247.311827956989,4009.6153846153848,4421.7032967032965
2021,JURONG EAST,4 ROOM,historical_non_mature,65,70,2,65.125,3885.5421686746986,3810.240963855422,3960.843373493976
2021,JURONG EAST,4 ROOM,historical_non_mature,70,75,4,71.04166666666667,3836.0709902765975,3668.2242990654204,4053.030303030303
2021,JURONG EAST,4 ROOM,historical_non_mature,75,80,32,76.54166666666666,5019.2307692307695,4843.854515050167,5211.881188118812
2021,JURONG EAST,4 ROOM,historical_non_mature,80,85,9,81.16666666666667,4554.311111111111,4277.777777777777,4764.705882352941
2021,JURONG EAST,4 ROOM,historical_non_mature,90,95,40,94.25,5620.439780109945,5208.9375,5760.869565217391
2021,JURONG EAST,5 ROOM,historical_non_mature,55,60,28,57.166666666666664,4036.774628879892,3594.804318488529,4448.347107438017
2021,JURONG EAST,5 ROOM,historical_non_mature,60,65,48,61.75,4449.4047619047615,4026.4721919302074,4883.827683615819
2021,JURONG EAST,5 ROOM,historical_non_mature,65,70,1,65.75,4614.754098360656,4614.754098360656,4614.754098360656
2021,JURONG EAST,5 ROOM,historical_non_mature,70,75,1,71.41666666666667,4584.355555555556,4584.355555555556,4584.355555555556
2021,JURONG EAST,5 ROOM,historical_non_mature,75,80,45,76.66666666666667,5256.198347107438,4878.048780487805,5487.804878048781
2021,JURONG EAST,5 ROOM,historical_non_mature,80,85,7,81.08333333333333,4052.6315789473683,3986.5231259968104,4237.351778656126
2021,JURONG EAST,5 ROOM,historical_non_mature,90,95,2,91.04166666666667,5241.525423728814,5171.610169491526,5311.440677966101
2021,JURONG EAST,EXECUTIVE,historical_non_mature,60,65,36,63.166666666666664,4308.724832214765,4097.292451962858,4567.184989129408
2021,JURONG EAST,EXECUTIVE,historical_non_mature,75,80,45,76.58333333333333,5710.3448275862065,5347.222222222223,5937.5
2021,JURONG WEST,2 ROOM,historical_non_mature,45,50,1,48.75,3859.6491228070176,3859.6491228070176,3859.6491228070176
2021,JURONG WEST,2 ROOM,historical_non_mature,55,60,2,56.375,4658.607350096712,4647.485493230174,4669.729206963249
2021,JURONG WEST,2 ROOM,historical_non_mature,85,90,2,85.95833333333334,5064.56043956044,4942.994505494506,5186.126373626374
2021,JURONG WEST,2 ROOM,historical_non_mature,90,95,16,91.83333333333333,5723.404255319149,5521.276595744681,5984.04255319149
2021,JURONG WEST,3 ROOM,historical_non_mature,45,50,19,49.25,3880.597014925373,3740.6716417910447,3940.2985074626868
2021,JURONG WEST,3 ROOM,historical_non_mature,50,55,70,53.45833333333333,4167.0870113493065,3891.956923076923,4342.94248402334
2021,JURONG WEST,3 ROOM,historical_non_mature,55,60,30,55.95833333333333,4153.846153846154,4067.7966101694915,4406.779661016949
2021,JURONG WEST,3 ROOM,historical_non_mature,60,65,80,62.125,4554.054054054054,4391.479894528675,4738.550398691474
2021,JURONG WEST,3 ROOM,historical_non_mature,65,70,14,66.29166666666666,4143.835616438356,3904.109589041096,4383.561643835616
2021,JURONG WEST,3 ROOM,historical_non_mature,85,90,4,89.5,5644.115942028986,5344.202898550724,5901.280986372485
2021,JURONG WEST,3 ROOM,historical_non_mature,90,95,37,92.16666666666667,5791.044776119403,5441.176470588235,6835.820895522388
2021,JURONG WEST,3 ROOM,historical_non_mature,95,100,8,95.125,6397.058823529413,5988.970588235294,6617.64705882353
2021,JURONG WEST,4 ROOM,historical_non_mature,45,50,1,47.916666666666664,2982.4561403508774,2982.4561403508774,2982.4561403508774
2021,JURONG WEST,4 ROOM,historical_non_mature,55,60,1,59.583333333333336,4285.714285714285,4285.714285714285,4285.714285714285
2021,JURONG WEST,4 ROOM,historical_non_mature,60,65,84,62.583333333333336,3918.522267206478,3630.1152345522187,4126.21359223301
2021,JURONG WEST,4 ROOM,historical_non_mature,65,70,80,67.25,3646.2394303515803,3443.3585359566973,3848.901098901099
2021,JURONG WEST,4 ROOM,historical_non_mature,70,75,68,73.41666666666667,3769.675335713072,3581.5363881401618,3960.3819585534334
2021,JURONG WEST,4 ROOM,historical_non_mature,75,80,158,78.41666666666667,4723.748473748474,4415.565817161561,5054.649651423844
2021,JURONG WEST,4 ROOM,historical_non_mature,80,85,28,80.375,4762.515262515262,4544.9814986123965,5000.0
2021,JURONG WEST,4 ROOM,historical_non_mature,85,90,24,86.45833333333334,4823.610157858613,4595.430107526881,5106.382978723404
2021,JURONG WEST,4 ROOM,historical_non_mature,90,95,76,92.58333333333333,5434.782608695652,5107.563405797102,6108.100761145342
2021,JURONG WEST,4 ROOM,historical_non_mature,95,100,22,95.41666666666667,6720.430107526881,6451.612903225807,6981.927710843374
2021,JURONG WEST,5 ROOM,historical_non_mature,50,55,8,54.25,3591.0615092805856,3382.5929752066113,3752.582644628099
2021,JURONG WEST,5 ROOM,historical_non_mature,55,60,2,58.29166666666667,4083.1130461825533,3853.4831285958635,4312.742963769242
2021,JURONG WEST,5 ROOM,historical_non_mature,60,65,47,62.583333333333336,3776.978417266187,3394.880174291939,3955.811138014528
2021,JURONG WEST,5 ROOM,historical_non_mature,65,70,40,66.95833333333334,3586.065573770492,3411.3854458216715,3794.760330578513
2021,JURONG WEST,5 ROOM,historical_non_mature,70,75,55,73.16666666666667,3666.6666666666665,3470.376522702104,3984.126984126984
2021,JURONG WEST,5 ROOM,historical_non_mature,75,80,205,78.58333333333333,4655.172413793103,4284.40366972477,4912.2807017543855
2021,JURONG WEST,5 ROOM,historical_non_mature,80,85,55,80.5,4545.454545454545,3931.2496782496783,4732.057416267942
2021,JURONG WEST,5 ROOM,historical_non_mature,85,90,47,86.25,4545.454545454545,4272.315789473684,4727.272727272727
2021,JURONG WEST,5 ROOM,historical_non_mature,90,95,40,92.58333333333333,5597.345132743363,5178.176359039191,6481.746031746032
2021,JURONG WEST,5 ROOM,historical_non_mature,95,100,2,95.41666666666666,6738.938053097345,6577.433628318584,6900.442477876106
2021,JURONG WEST,EXECUTIVE,historical_non_mature,60,65,29,63.166666666666664,4166.666666666667,3920.0,4536.423841059603
2021,JURONG WEST,EXECUTIVE,historical_non_mature,65,70,9,66.66666666666667,3935.483870967742,3718.4109589041095,4166.666666666667
2021,JURONG WEST,EXECUTIVE,historical_non_mature,70,75,46,73.70833333333334,4140.013136288999,3986.1321111321113,4433.579896646063
2021,JURONG WEST,EXECUTIVE,historical_non_mature,75,80,82,78.75,4600.0,4317.3076923076915,4916.923076923077
2021,JURONG WEST,EXECUTIVE,historical_non_mature,80,85,8,80.33333333333333,4240.0,4025.07215007215,4533.990501187352
2021,KALLANG/WHAMPOA,2 ROOM,historical_mature,45,50,9,48.0,5312.5,5000.0,5600.0
2021,KALLANG/WHAMPOA,2 ROOM,historical_mature,55,60,3,57.75,5952.380952380952,5714.285714285714,6237.554112554113
2021,KALLANG/WHAMPOA,2 ROOM,historical_mature,60,65,1,64.16666666666667,5222.222222222223,5222.222222222223,5222.222222222223
2021,KALLANG/WHAMPOA,3 ROOM,historical_mature,45,50,72,48.54166666666667,4654.761904761905,4358.333333333333,4975.806451612903
2021,KALLANG/WHAMPOA,3 ROOM,historical_mature,50,55,134,52.0,4757.496740547588,4365.947611710324,5089.160124888493
2021,KALLANG/WHAMPOA,3 ROOM,historical_mature,55,60,86,58.08333333333333,4847.105508870214,4657.754010695187,5413.406624785837
2021,KALLANG/WHAMPOA,3 ROOM,historical_mature,60,65,26,62.20833333333333,5495.588235294117,5173.1576492537315,6180.019305019305
2021,KALLANG/WHAMPOA,3 ROOM,historical_mature,65,70,1,65.0,5937.5,5937.5,5937.5
2021,KALLANG/WHAMPOA,3 ROOM,historical_mature,80,85,15,82.08333333333333,8306.451612903225,7951.612903225807,8684.580645161292
2021,KALLANG/WHAMPOA,3 ROOM,historical_mature,85,90,9,88.66666666666667,8134.328358208955,7857.142857142857,8985.507246376812
2021,KALLANG/WHAMPOA,3 ROOM,historical_mature,90,95,8,92.45833333333333,8020.255863539446,7130.380705169803,8853.57142857143
2021,KALLANG/WHAMPOA,3 ROOM,historical_mature,95,100,32,95.16666666666667,8614.072494669508,7985.074626865671,9687.5
2021,KALLANG/WHAMPOA,4 ROOM,historical_mature,45,50,2,48.291666666666664,4936.190476190476,4428.0952380952385,5444.285714285714
2021,KALLANG/WHAMPOA,4 ROOM,historical_mature,50,55,43,52.083333333333336,4923.076923076923,4538.461538461539,5448.501976284585
2021,KALLANG/WHAMPOA,4 ROOM,historical_mature,55,60,20,58.5,5378.3894343151005,5114.3617021276605,5728.533434650457
2021,KALLANG/WHAMPOA,4 ROOM,historical_mature,60,65,36,62.541666666666664,5645.204310252853,5381.181318681319,5966.401221773753
2021,KALLANG/WHAMPOA,4 ROOM,historical_mature,65,70,10,65.41666666666667,5538.003663003663,5204.326923076924,5736.158921399885
2021,KALLANG/WHAMPOA,4 ROOM,historical_mature,70,75,7,74.41666666666667,5571.428571428572,5497.304582210243,6263.976240391335
2021,KALLANG/WHAMPOA,4 ROOM,historical_mature,75,80,23,76.33333333333333,6160.0,5965.196078431372,6445.544554455446
2021,KALLANG/WHAMPOA,4 ROOM,historical_mature,80,85,54,82.25,7655.555555555556,6475.490196078432,8143.162393162393
2021,KALLANG/WHAMPOA,4 ROOM,historical_mature,85,90,12,88.79166666666666,9046.77894736842,8246.247191011236,9321.94848824188
2021,KALLANG/WHAMPOA,4 ROOM,historical_mature,90,95,24,94.66666666666667,8589.258426966291,7974.7804760178815,9378.947368421052
2021,KALLANG/WHAMPOA,4 ROOM,historical_mature,95,100,64,95.16666666666667,7977.89247311828,7741.935483870968,9255.376344086022
2021,KALLANG/WHAMPOA,5 ROOM,historical_mature,50,55,22,52.58333333333333,4971.153846153846,4873.14439946019,5348.178137651822
2021,KALLANG/WHAMPOA,5 ROOM,historical_mature,55,60,19,59.166666666666664,5593.220338983051,5529.661016949152,5813.559322033898
2021,KALLANG/WHAMPOA,5 ROOM,historical_mature,60,65,30,62.58333333333333,5835.254237288136,5705.255995203836,6159.810951760104
2021,KALLANG/WHAMPOA,5 ROOM,historical_mature,65,70,4,65.45833333333334,4876.41866330391,4667.832167832168,5061.853678363365
2021,KALLANG/WHAMPOA,5 ROOM,historical_mature,70,75,15,73.66666666666667,5900.763358778626,5706.982855712677,6609.664198836595
2021,KALLANG/WHAMPOA,5 ROOM,historical_mature,75,80,17,76.83333333333333,6000.0,5666.666666666667,6280.99173553719
2021,KALLANG/WHAMPOA,5 ROOM,historical_mature,80,85,30,82.70833333333334,7272.727272727272,6693.181818181818,7858.215179316097
2021,KALLANG/WHAMPOA,5 ROOM,historical_mature,85,90,28,88.54166666666666,9047.160920442944,8489.328474752732,9799.065420560748
2021,KALLANG/WHAMPOA,5 ROOM,historical_mature,95,100,2,95.29166666666667,8709.642966127554,8461.016173329264,8958.269758925846
2021,KALLANG/WHAMPOA,EXECUTIVE,historical_mature,55,60,1,56.916666666666664,5858.895705521472,5858.895705521472,5858.895705521472
2021,KALLANG/WHAMPOA,EXECUTIVE,historical_mature,60,65,14,62.41666666666667,5688.063063063063,5310.8225108225115,6023.049645390071
2021,KALLANG/WHAMPOA,EXECUTIVE,historical_mature,65,70,7,65.41666666666667,5868.055555555556,5596.518987341772,6180.555555555556
2021,KALLANG/WHAMPOA,EXECUTIVE,historical_mature,70,75,2,72.75,5761.5320100643,5697.092535644395,5825.971484484205
2021,MARINE PARADE,2 ROOM,historical_mature,50,55,2,53.08333333333333,5595.238095238095,5535.714285714285,5654.7619047619055
2021,MARINE PARADE,3 ROOM,historical_mature,50,55,85,52.916666666666664,5728.813559322034,5398.276923076923,6153.846153846154
2021,MARINE PARADE,4 ROOM,historical_mature,50,55,41,53.0,5689.6551724137935,5487.804878048781,5977.0114942528735
2021,MARINE PARADE,5 ROOM,historical_mature,50,55,73,52.916666666666664,6666.666666666667,6150.793650793651,7090.163934426229
2021,MARINE PARADE,5 ROOM,historical_mature,55,60,3,55.0,6500.0,6291.666666666666,6856.55737704918
2021,PASIR RIS,2 ROOM,historical_mature,90,95,7,93.08333333333333,6276.595744680851,6117.021276595745,6819.148936170213
2021,PASIR RIS,3 ROOM,historical_mature,55,60,6,59.25,4492.424242424242,4412.878787878788,4594.69696969697
2021,PASIR RIS,3 ROOM,historical_mature,90,95,20,93.16666666666667,7461.538461538461,6161.764705882353,8238.461538461539
2021,PASIR RIS,4 ROOM,historical_mature,65,70,105,67.16666666666667,4353.982300884956,4159.29203539823,4526.315789473684
2021,PASIR RIS,4 ROOM,historical_mature,70,75,152,72.83333333333333,4320.754716981132,4120.951417004049,4485.8490566037735
2021,PASIR RIS,4 ROOM,historical_mature,90,95,104,93.08333333333333,6091.397849462366,5860.215053763441,7029.069767441861
2021,PASIR RIS,5 ROOM,historical_mature,65,70,34,67.29166666666666,4248.935071640635,4082.991803278689,4460.215913634546
2021,PASIR RIS,5 ROOM,historical_mature,70,75,237,72.25,4365.079365079365,4153.225806451613,4593.495934959349
2021,PASIR RIS,5 ROOM,historical_mature,90,95,37,93.08333333333333,6283.185840707964,5902.654867256637,7428.571428571428
2021,PASIR RIS,EXECUTIVE,historical_mature,65,70,44,66.91666666666667,4863.9455782312925,4749.472413793104,5154.404427106958
2021,PASIR RIS,EXECUTIVE,historical_mature,70,75,205,71.58333333333333,4618.055555555556,4285.714285714285,4967.532467532467
2021,PUNGGOL,2 ROOM,historical_non_mature,85,90,1,89.66666666666667,6000.0,6000.0,6000.0
2021,PUNGGOL,2 ROOM,historical_non_mature,90,95,44,92.91666666666666,5967.853839037927,5701.595744680852,6195.652173913043
2021,PUNGGOL,2 ROOM,historical_non_mature,95,100,1,95.0,5851.063829787234,5851.063829787234,5851.063829787234
2021,PUNGGOL,3 ROOM,historical_non_mature,85,90,3,89.75,5685.714285714285,5557.142857142857,5977.185501066098
2021,PUNGGOL,3 ROOM,historical_non_mature,90,95,216,93.75,5794.073112697382,5522.388059701492,6029.411764705882
2021,PUNGGOL,3 ROOM,historical_non_mature,95,100,31,95.08333333333333,5970.149253731343,5683.823529411765,6104.477611940298
2021,PUNGGOL,4 ROOM,historical_non_mature,75,80,1,79.83333333333333,5065.422222222222,5065.422222222222,5065.422222222222
2021,PUNGGOL,4 ROOM,historical_non_mature,80,85,114,81.45833333333334,4639.318885448916,4444.216310005784,4823.395026026605
2021,PUNGGOL,4 ROOM,historical_non_mature,85,90,99,87.83333333333333,5217.391304347826,4863.799283154121,5591.397849462365
2021,PUNGGOL,4 ROOM,historical_non_mature,90,95,1068,93.66666666666667,5388.888888888889,5108.695652173913,5698.924731182796
2021,PUNGGOL,4 ROOM,historical_non_mature,95,100,150,95.16666666666667,5548.304347826087,5170.669705469846,5913.978494623656
2021,PUNGGOL,5 ROOM,historical_non_mature,75,80,3,79.83333333333333,4545.454545454545,4515.332777314428,4612.1768140116765
2021,PUNGGOL,5 ROOM,historical_non_mature,80,85,396,81.41666666666667,4318.181818181818,4136.363636363636,4527.272727272727
2021,PUNGGOL,5 ROOM,historical_non_mature,85,90,1,89.75,6598.639455782313,6598.639455782313,6598.639455782313
2021,PUNGGOL,5 ROOM,historical_non_mature,90,95,507,94.0,5786.619469026548,5492.827749683944,6102.204487989886
2021,PUNGGOL,5 ROOM,historical_non_mature,95,100,63,95.16666666666667,5517.857142857143,5334.321428571428,6017.699115044248
2021,PUNGGOL,EXECUTIVE,historical_non_mature,80,85,44,81.41666666666667,4542.96875,4336.538461538461,4894.3125
2021,QUEENSTOWN,2 ROOM,historical_mature,40,45,8,44.583333333333336,5304.347826086956,5156.25,5434.782608695652
2021,QUEENSTOWN,2 ROOM,historical_mature,45,50,6,47.208333333333336,5000.0,4777.752081406106,5345.744680851063
2021,QUEENSTOWN,2 ROOM,historical_mature,90,95,6,91.70833333333334,7744.68085106383,7063.829787234043,8471.617021276597
2021,QUEENSTOWN,3 ROOM,historical_mature,40,45,31,44.583333333333336,4833.333333333333,4506.666666666666,5000.0
2021,QUEENSTOWN,3 ROOM,historical_mature,45,50,97,47.75,4727.272727272727,4484.848484848485,5000.0
2021,QUEENSTOWN,3 ROOM,historical_mature,50,55,137,52.333333333333336,5538.461538461538,5149.253731343284,6092.307692307692
2021,QUEENSTOWN,3 ROOM,historical_mature,55,60,14,55.458333333333336,5097.014925373134,4923.650975889782,5217.910447761194
2021,QUEENSTOWN,3 ROOM,historical_mature,85,90,21,89.25,8285.714285714286,7826.086956521739,8581.466666666667
2021,QUEENSTOWN,3 ROOM,historical_mature,90,95,65,94.0,9784.615384615385,9206.349206349207,10000.0
2021,QUEENSTOWN,4 ROOM,historical_mature,40,45,1,44.5,5036.231884057971,5036.231884057971,5036.231884057971
2021,QUEENSTOWN,4 ROOM,historical_mature,45,50,6,48.083333333333336,4617.64705882353,4426.470588235295,6648.2660228270415
2021,QUEENSTOWN,4 ROOM,historical_mature,50,55,39,52.333333333333336,6113.636363636364,5568.59756097561,6353.658536585366
2021,QUEENSTOWN,4 ROOM,historical_mature,55,60,1,57.0,4765.95744680851,4765.95744680851,4765.95744680851
2021,QUEENSTOWN,4 ROOM,historical_mature,70,75,26,74.16666666666667,6765.923984272608,6087.155963302753,7283.018867924528
2021,QUEENSTOWN,4 ROOM,historical_mature,75,80,25,78.16666666666667,7294.117647058823,7000.0,7941.176470588235
2021,QUEENSTOWN,4 ROOM,historical_mature,80,85,34,84.25,8111.111111111111,7398.741418764302,8718.137254901962
2021,QUEENSTOWN,4 ROOM,historical_mature,85,90,71,86.66666666666667,8242.105263157895,7805.337719298245,8677.911164465786
2021,QUEENSTOWN,4 ROOM,historical_mature,90,95,242,94.0,9596.696100403406,9066.20637472808,9939.759036144578
2021,QUEENSTOWN,5 ROOM,historical_mature,50,55,16,54.375,6602.5641025641025,5687.7842083505575,6761.25703564728
2021,QUEENSTOWN,5 ROOM,historical_mature,55,60,17,55.666666666666664,6470.588235294118,6282.051282051282,6754.3859649122805
2021,QUEENSTOWN,5 ROOM,historical_mature,70,75,9,74.16666666666667,6818.181818181818,5887.096774193548,7584.0
2021,QUEENSTOWN,5 ROOM,historical_mature,75,80,26,78.625,7470.837751855779,7200.0,7895.1612903225805
2021,QUEENSTOWN,5 ROOM,historical_mature,80,85,19,84.08333333333333,7482.142857142857,7274.756493506494,8072.727272727273
2021,QUEENSTOWN,5 ROOM,historical_mature,85,90,18,87.66666666666666,8275.492072170586,7786.693548387097,8579.545454545454
2021,QUEENSTOWN,5 ROOM,historical_mature,90,95,48,93.79166666666666,9605.672105672105,8786.225371120107,10352.564102564102
2021,QUEENSTOWN,EXECUTIVE,historical_mature,70,75,4,73.625,7469.359798714006,7057.568010804553,7896.352730281302
2021,SEMBAWANG,2 ROOM,historical_non_mature,85,90,2,88.79166666666666,6725.0,6712.5,6737.5
2021,SEMBAWANG,2 ROOM,historical_non_mature,90,95,14,93.0,5595.744680851064,5135.869565217392,5939.824236817762
2021,SEMBAWANG,3 ROOM,historical_non_mature,90,95,19,93.08333333333333,4805.9701492537315,4705.882352941177,5214.771729587357
2021,SEMBAWANG,4 ROOM,historical_non_mature,75,80,103,78.58333333333333,4290.697674418605,4145.0,4494.233489282994
2021,SEMBAWANG,4 ROOM,historical_non_mature,80,85,51,81.83333333333333,4611.111111111111,4350.9578544061305,4833.333333333333
2021,SEMBAWANG,4 ROOM,historical_non_mature,85,90,16,88.25,4504.875886524823,4308.510638297872,4627.659574468085
2021,SEMBAWANG,4 ROOM,historical_non_mature,90,95,38,93.0,4907.900888265544,4714.323281907434,5161.290322580645
2021,SEMBAWANG,4 ROOM,historical_non_mature,95,100,6,95.25,5477.89247311828,5225.505376344086,5739.247311827958
2021,SEMBAWANG,5 ROOM,historical_non_mature,75,80,137,78.75,4272.727272727273,4000.0,4513.274336283186
2021,SEMBAWANG,5 ROOM,historical_non_mature,80,85,36,81.54166666666666,4318.181818181818,4162.5502815768305,4486.363636363636
2021,SEMBAWANG,5 ROOM,historical_non_mature,95,100,2,95.33333333333334,5796.460176991151,5774.33628318584,5818.58407079646
2021,SEMBAWANG,EXECUTIVE,historical_non_mature,75,80,84,78.91666666666667,4222.649572649572,4058.9275687815834,4500.0
2021,SEMBAWANG,EXECUTIVE,historical_non_mature,80,85,5,80.41666666666667,4600.0,4544.0,4640.0
2021,SENGKANG,2 ROOM,historical_non_mature,80,85,1,84.83333333333333,5888.888888888889,5888.888888888889,5888.888888888889
2021,SENGKANG,2 ROOM,historical_non_mature,85,90,5,89.41666666666667,6060.0,5600.0,6117.76
2021,SENGKANG,2 ROOM,historical_non_mature,90,95,44,92.04166666666666,6086.031452358927,5648.704902867715,6303.191489361702
2021,SENGKANG,3 ROOM,historical_non_mature,80,85,2,84.79166666666667,4660.802300109529,4461.082968236582,4860.521631982476
2021,SENGKANG,3 ROOM,historical_non_mature,85,90,11,88.33333333333333,5542.857142857143,4932.013769363167,5704.5208738914125
2021,SENGKANG,3 ROOM,historical_non_mature,90,95,133,93.5,5661.764705882353,5343.2835820895525,5895.522388059701
2021,SENGKANG,3 ROOM,historical_non_mature,95,100,18,95.08333333333333,5955.882352941177,5533.088235294118,6286.764705882353
2021,SENGKANG,4 ROOM,historical_non_mature,75,80,222,78.33333333333333,4373.774509803921,4152.10396039604,4637.112887112888
2021,SENGKANG,4 ROOM,historical_non_mature,80,85,150,82.0,4620.271497584541,4409.392789373815,4944.085326438268
2021,SENGKANG,4 ROOM,historical_non_mature,85,90,171,87.5,5777.777777777777,5094.858156028369,6444.444444444444
2021,SENGKANG,4 ROOM,historical_non_mature,90,95,741,93.33333333333333,5108.695652173913,4848.258064516129,5434.782608695652
2021,SENGKANG,4 ROOM,historical_non_mature,95,100,113,95.16666666666667,5731.182795698925,5053.763440860215,6521.739130434783
2021,SENGKANG,5 ROOM,historical_non_mature,75,80,387,78.33333333333333,4227.642276422765,4016.3934426229507,4543.560606060606
2021,SENGKANG,5 ROOM,historical_non_mature,80,85,196,81.16666666666667,4415.389025389026,4181.818181818182,4636.363636363636
2021,SENGKANG,5 ROOM,historical_non_mature,90,95,298,93.75,5426.675094816688,5176.991150442478,5669.642857142857
2021,SENGKANG,5 ROOM,historical_non_mature,95,100,101,95.16666666666667,5911.504424778761,5044.2477876106195,6265.486725663717
2021,SENGKANG,EXECUTIVE,historical_non_mature,75,80,117,78.33333333333333,4678.571428571428,4461.538461538462,4907.692307692308
2021,SENGKANG,EXECUTIVE,historical_non_mature,80,85,41,80.75,4843.75,4560.0,5007.104
2021,SERANGOON,2 ROOM,historical_mature,55,60,2,55.91666666666667,5625.0,5312.5,5937.5
2021,SERANGOON,3 ROOM,historical_mature,55,60,15,55.916666666666664,5156.25,5093.75,5390.625
2021,SERANGOON,3 ROOM,historical_mature,60,65,77,62.833333333333336,5298.507462686567,5000.0,5671.875
2021,SERANGOON,3 ROOM,historical_mature,65,70,9,66.16666666666667,5625.0,5203.125,5781.25
2021,SERANGOON,4 ROOM,historical_mature,55,60,8,55.95833333333333,4846.938775510203,4714.706501157163,5005.102040816327
2021,SERANGOON,4 ROOM,historical_mature,60,65,120,63.166666666666664,5242.703533026113,4607.125841900036,5833.333333333333
2021,SERANGOON,4 ROOM,historical_mature,65,70,39,66.75,5620.612612612613,4726.291936978684,5964.601769911505
2021,SERANGOON,4 ROOM,historical_mature,70,75,28,70.375,4230.7692307692305,3946.6783216783215,4538.053338171263
2021,SERANGOON,4 ROOM,historical_mature,75,80,25,75.41666666666667,4700.0,4450.0,6080.80808080808
2021,SERANGOON,5 ROOM,historical_mature,60,65,35,63.416666666666664,5371.900826446281,4917.355371900827,5913.166779569164
2021,SERANGOON,5 ROOM,historical_mature,65,70,15,67.16666666666667,5691.056910569106,4879.571248423707,6433.884297520661
2021,SERANGOON,5 ROOM,historical_mature,70,75,21,70.58333333333333,4800.0,4556.451612903225,5000.0
2021,SERANGOON,5 ROOM,historical_mature,75,80,31,75.58333333333333,4958.677685950413,4541.666666666667,5515.056022408964
2021,SERANGOON,EXECUTIVE,historical_mature,60,65,37,63.5,5333.333333333333,4859.602649006622,6071.232876712329
2021,SERANGOON,EXECUTIVE,historical_mature,65,70,17,67.16666666666667,6164.3835616438355,5567.726027397261,6506.8493150684935
2021,SERANGOON,EXECUTIVE,historical_mature,70,75,18,70.58333333333333,4869.602087410307,4699.9605211212,5066.326530612245
2021,SERANGOON,EXECUTIVE,historical_mature,75,80,22,75.91666666666667,6142.857142857143,5418.618681318681,7133.928571428571
2021,TAMPINES,2 ROOM,historical_mature,90,95,13,93.16666666666667,6127.659574468085,5869.565217391304,6382.978723404255
2021,TAMPINES,3 ROOM,historical_mature,55,60,6,59.625,4880.0,4806.666666666667,4933.333333333333
2021,TAMPINES,3 ROOM,historical_mature,60,65,278,62.583333333333336,4929.521540599563,4729.72972972973,5136.523509811181
2021,TAMPINES,3 ROOM,historical_mature,65,70,43,65.75,4729.72972972973,4547.297297297297,5000.0
2021,TAMPINES,3 ROOM,historical_mature,70,75,4,70.83333333333334,5054.054054054054,4932.4324324324325,5205.702702702703
2021,TAMPINES,3 ROOM,historical_mature,85,90,2,89.70833333333333,5750.0,5648.076923076924,5851.923076923076
2021,TAMPINES,3 ROOM,historical_mature,90,95,78,93.20833333333334,6291.044776119403,6033.252853380158,7529.74616604971
2021,TAMPINES,3 ROOM,historical_mature,95,100,3,95.0,6000.0,5904.411764705883,6021.235294117647
2021,TAMPINES,4 ROOM,historical_mature,55,60,1,59.583333333333336,4521.739130434783,4521.739130434783,4521.739130434783
2021,TAMPINES,4 ROOM,historical_mature,60,65,300,62.5,4571.428571428572,4313.598879551821,4808.150183150183
2021,TAMPINES,4 ROOM,historical_mature,65,70,191,66.25,4523.809523809524,4326.923076923077,4759.615384615385
2021,TAMPINES,4 ROOM,historical_mature,70,75,137,74.0,4392.523364485981,4075.814814814815,4680.0
2021,TAMPINES,4 ROOM,historical_mature,75,80,45,75.25,4444.444444444444,4300.0,4554.455445544554
2021,TAMPINES,4 ROOM,historical_mature,85,90,10,88.875,7122.340425531915,7034.574468085106,7220.744680851065
2021,TAMPINES,4 ROOM,historical_mature,90,95,167,93.41666666666667,6263.440860215053,5913.978494623656,6736.559139784946
2021,TAMPINES,4 ROOM,historical_mature,95,100,19,95.08333333333333,5808.510638297872,5688.1720430107525,6042.667581789065
2021,TAMPINES,5 ROOM,historical_mature,60,65,112,62.666666666666664,4430.327868852459,4236.365213551196,4633.948289855072
2021,TAMPINES,5 ROOM,historical_mature,65,70,121,66.25,4590.163934426229,4401.639344262295,4769.573770491803
2021,TAMPINES,5 ROOM,historical_mature,70,75,189,72.66666666666667,4504.1322314049585,4280.0,4715.447154471544
2021,TAMPINES,5 ROOM,historical_mature,75,80,31,75.25,4666.666666666667,4505.87086834734,4916.316526610644
2021,TAMPINES,5 ROOM,historical_mature,85,90,58,86.66666666666667,7073.770290211511,6750.562478366216,7380.579439252336
2021,TAMPINES,5 ROOM,historical_mature,90,95,73,93.33333333333333,6283.185840707964,5964.912280701755,7168.141592920354
2021,TAMPINES,5 ROOM,historical_mature,95,100,3,95.08333333333333,5884.95575221239,5696.863841018476,5907.079646017699
2021,TAMPINES,EXECUTIVE,historical_mature,60,65,70,63.166666666666664,4962.401826484018,4568.089062216579,5333.333333333333
2021,TAMPINES,EXECUTIVE,historical_mature,65,70,70,66.16666666666667,5225.979162647116,5000.0,5342.465753424657
2021,TAMPINES,EXECUTIVE,historical_mature,70,75,110,73.29166666666666,4823.529411764706,4633.531720906673,5064.858899965284
2021,TAMPINES,EXECUTIVE,historical_mature,75,80,7,75.16666666666667,4777.777777777777,4718.047909537272,4992.857142857143
2021,TAMPINES,MULTI-GENERATION,historical_mature,60,65,1,64.75,5120.481927710844,5120.481927710844,5120.481927710844
2021,TAMPINES,MULTI-GENERATION,historical_mature,65,70,7,65.41666666666667,5210.843373493976,4976.72508214677,5265.151515151515
2021,TOA PAYOH,2 ROOM,historical_mature,40,45,5,44.666666666666664,5302.325581395349,4907.407407407408,5581.395348837209
2021,TOA PAYOH,2 ROOM,historical_mature,45,50,15,46.083333333333336,5657.894736842105,5500.0,5875.0
2021,TOA PAYOH,2 ROOM,historical_mature,60,65,3,61.083333333333336,5625.0,5192.5,5777.616279069767
2021,TOA PAYOH,3 ROOM,historical_mature,40,45,15,44.75,4500.0,4230.7692307692305,4808.857808857809
2021,TOA PAYOH,3 ROOM,historical_mature,45,50,184,47.70833333333333,4328.358208955224,4029.8507462686566,4604.724702380952
2021,TOA PAYOH,3 ROOM,historical_mature,50,55,89,51.0,4153.846153846154,3939.3939393939395,4430.7692307692305
2021,TOA PAYOH,3 ROOM,historical_mature,55,60,12,59.45833333333333,4645.804195804196,4429.195804195804,4934.615384615385
2021,TOA PAYOH,3 ROOM,historical_mature,60,65,60,62.083333333333336,5253.8152610441775,4844.140782573618,5692.5675675675675
2021,TOA PAYOH,3 ROOM,historical_mature,75,80,2,76.20833333333334,5937.5,5859.375,6015.625
2021,TOA PAYOH,3 ROOM,historical_mature,85,90,2,89.83333333333334,8714.285714285714,8464.285714285714,8964.285714285714
2021,TOA PAYOH,3 ROOM,historical_mature,90,95,10,94.25,8014.7058823529405,7647.058823529412,9160.314285714285
2021,TOA PAYOH,3 ROOM,historical_mature,95,100,1,95.08333333333333,7647.058823529412,7647.058823529412,7647.058823529412
2021,TOA PAYOH,4 ROOM,historical_mature,45,50,2,46.083333333333336,5026.8678160919535,4609.26724137931,5444.468390804598
2021,TOA PAYOH,4 ROOM,historical_mature,50,55,69,51.916666666666664,4505.747126436781,4229.885057471264,4925.925925925926
2021,TOA PAYOH,4 ROOM,historical_mature,60,65,41,62.0,5018.018018018018,4737.864077669903,5576.923076923077
2021,TOA PAYOH,4 ROOM,historical_mature,65,70,19,66.5,4883.495145631068,4783.653846153846,5111.183719193428
2021,TOA PAYOH,4 ROOM,historical_mature,70,75,11,74.66666666666667,6285.714285714285,6113.039608366711,7014.848657909766
2021,TOA PAYOH,4 ROOM,historical_mature,75,80,45,76.5,6590.909090909091,6008.621359223301,7294.117647058823
2021,TOA PAYOH,4 ROOM,historical_mature,80,85,16,83.33333333333333,8379.12087912088,7879.120879120879,8793.544083823153
2021,TOA PAYOH,4 ROOM,historical_mature,85,90,62,87.0,8888.085598611915,8296.703296703297,9442.66917293233
2021,TOA PAYOH,4 ROOM,historical_mature,90,95,29,94.33333333333333,7526.881720430108,7419.354838709677,8692.307692307691
2021,TOA PAYOH,4 ROOM,historical_mature,95,100,7,95.0,7526.881720430108,7193.548387096775,7553.763440860215
2021,TOA PAYOH,5 ROOM,historical_mature,50,55,16,54.20833333333333,4588.394062078272,4423.076923076923,4895.731977001327
2021,TOA PAYOH,5 ROOM,historical_mature,55,60,2,55.375,4516.914458090929,4514.867485455721,4518.961430726136
2021,TOA PAYOH,5 ROOM,historical_mature,60,65,25,62.0,5703.7037037037035,4957.983193277311,5932.835820895522
2021,TOA PAYOH,5 ROOM,historical_mature,65,70,16,66.625,5132.825609913515,4754.098360655737,5256.7402790949745
2021,TOA PAYOH,5 ROOM,historical_mature,70,75,30,72.58333333333333,6311.89948263119,5672.430530275452,6635.245901639344
2021,TOA PAYOH,5 ROOM,historical_mature,75,80,41,77.08333333333333,6983.333333333333,6416.666666666667,7532.4
2021,TOA PAYOH,5 ROOM,historical_mature,80,85,13,83.41666666666667,7636.363636363636,7363.636363636364,8500.0
2021,TOA PAYOH,5 ROOM,historical_mature,85,90,24,89.58333333333333,9106.858054226475,8544.226044226045,9968.735942420153
2021,TOA PAYOH,5 ROOM,historical_mature,90,95,22,90.25,8851.776878092667,8228.146853146853,9210.526315789473
2021,TOA PAYOH,EXECUTIVE,historical_mature,60,65,10,63.83333333333333,5866.4383561643845,5642.452145513926,6002.744261997641
2021,TOA PAYOH,EXECUTIVE,historical_mature,65,70,10,66.20833333333334,5023.972602739726,4794.520547945205,5375.0
2021,TOA PAYOH,EXECUTIVE,historical_mature,70,75,8,70.83333333333334,6661.073825503356,6075.862068965517,6769.645789350222
2021,WOODLANDS,2 ROOM,historical_non_mature,60,65,2,63.5,4611.111111111111,4305.555555555556,4916.666666666667
2021,WOODLANDS,2 ROOM,historical_non_mature,90,95,11,92.91666666666667,5744.68085106383,5510.63829787234,6085.106382978724
2021,WOODLANDS,3 ROOM,historical_non_mature,50,55,34,53.75,3863.8663967611337,3629.3466807165437,4134.615384615384
2021,WOODLANDS,3 ROOM,historical_non_mature,55,60,19,57.916666666666664,3955.223880597015,3762.510974539069,4146.700143472022
2021,WOODLANDS,3 ROOM,historical_non_mature,60,65,51,62.5,4307.692307692308,3944.753577106518,4536.393375587814
2021,WOODLANDS,3 ROOM,historical_non_mature,65,70,6,67.54166666666666,4411.333333333334,4021.1187214611873,4657.150684931507
2021,WOODLANDS,3 ROOM,historical_non_mature,70,75,24,71.375,4506.650784196943,4329.710144927536,4640.35475423046
2021,WOODLANDS,3 ROOM,historical_non_mature,90,95,54,93.0,5447.761194029851,5201.492537313433,5679.274084124831
2021,WOODLANDS,3 ROOM,historical_non_mature,95,100,3,95.25,6056.338028169014,6042.2535211267605,6112.6760563380285
2021,WOODLANDS,4 ROOM,historical_non_mature,50,55,7,53.5,3622.222222222222,3431.5711462450595,3835.227272727273
2021,WOODLANDS,4 ROOM,historical_non_mature,55,60,29,56.083333333333336,3450.5494505494507,3186.813186813187,3571.4285714285716
2021,WOODLANDS,4 ROOM,historical_non_mature,60,65,40,63.333333333333336,4109.89010989011,3822.1153846153848,4302.7295285359805
2021,WOODLANDS,4 ROOM,historical_non_mature,65,70,22,67.08333333333334,4432.002801120449,4279.259896729776,4595.238095238095
2021,WOODLANDS,4 ROOM,historical_non_mature,70,75,140,74.16666666666667,4097.421889975081,3920.974450386215,4294.33962264151
2021,WOODLANDS,4 ROOM,historical_non_mature,75,80,288,75.91666666666667,4108.910891089109,3890.53905390539,4298.557692307692
2021,WOODLANDS,4 ROOM,historical_non_mature,80,85,32,81.33333333333333,4504.933333333333,4277.184397163121,4626.075268817204
2021,WOODLANDS,4 ROOM,historical_non_mature,90,95,94,92.70833333333334,5070.652173913044,4782.608695652174,5388.586956521739
2021,WOODLANDS,4 ROOM,historical_non_mature,95,100,49,95.25,5215.05376344086,5075.268817204301,5387.096774193548
2021,WOODLANDS,5 ROOM,historical_non_mature,50,55,8,53.875,3168.6991869918697,3009.7680097680095,3192.9181929181927
2021,WOODLANDS,5 ROOM,historical_non_mature,55,60,12,56.0,3593.220338983051,3443.5483870967737,3821.0028050490887
2021,WOODLANDS,5 ROOM,historical_non_mature,60,65,13,63.166666666666664,3537.190082644628,3333.3333333333335,3760.3305785123966
2021,WOODLANDS,5 ROOM,historical_non_mature,65,70,9,66.16666666666667,4016.3934426229507,4008.2644628099174,4139.3442622950815
2021,WOODLANDS,5 ROOM,historical_non_mature,70,75,121,74.0,4023.4375,3855.9322033898306,4222.214876033057
2021,WOODLANDS,5 ROOM,historical_non_mature,75,80,207,76.58333333333333,4074.380165289256,3888.8700718059886,4262.099921935987
2021,WOODLANDS,5 ROOM,historical_non_mature,80,85,77,81.33333333333333,4227.272727272727,3991.2280701754385,4342.105263157895
2021,WOODLANDS,5 ROOM,historical_non_mature,90,95,34,92.66666666666666,4875.0,4642.857142857143,5167.410714285715
2021,WOODLANDS,5 ROOM,historical_non_mature,95,100,30,95.25,5132.743362831859,5011.061946902655,5442.477876106194
2021,WOODLANDS,EXECUTIVE,historical_non_mature,60,65,4,63.375,4091.800818424058,4084.507042253521,4179.954748762848
2021,WOODLANDS,EXECUTIVE,historical_non_mature,65,70,10,66.66666666666666,4228.187919463087,4097.867058931691,4426.683949111189
2021,WOODLANDS,EXECUTIVE,historical_non_mature,70,75,112,72.75,4349.2103407755585,4166.666666666667,4616.304731638418
2021,WOODLANDS,EXECUTIVE,historical_non_mature,75,80,95,76.75,4574.468085106383,4314.959617889709,4763.968405428329
2021,YISHUN,2 ROOM,historical_non_mature,75,80,3,78.5,5700.0,5550.0,5762.5
2021,YISHUN,2 ROOM,historical_non_mature,90,95,11,93.41666666666667,5276.595744680851,5104.166666666666,5744.68085106383
2021,YISHUN,2 ROOM,historical_non_mature,95,100,3,95.25,5872.340425531915,5787.234042553191,6554.591265397536
2021,YISHUN,3 ROOM,historical_non_mature,55,60,6,58.0,4301.470588235294,3890.250544662309,4464.188453159041
2021,YISHUN,3 ROOM,historical_non_mature,60,65,240,62.79166666666667,4681.985294117647,4424.599563159811,4925.373134328358
2021,YISHUN,3 ROOM,historical_non_mature,65,70,105,65.91666666666667,4459.459459459459,4222.972972972973,4687.5
2021,YISHUN,3 ROOM,historical_non_mature,70,75,1,70.41666666666667,3805.194805194805,3805.194805194805,3805.194805194805
2021,YISHUN,3 ROOM,historical_non_mature,90,95,83,93.41666666666667,5298.507462686567,5117.689201053556,5777.546093064091
2021,YISHUN,3 ROOM,historical_non_mature,95,100,17,95.16666666666667,5485.294117647059,5411.764705882353,5895.522388059701
2021,YISHUN,4 ROOM,historical_non_mature,55,60,3,59.75,4193.548387096775,4059.5401509951957,4197.838023335622
2021,YISHUN,4 ROOM,historical_non_mature,60,65,221,63.333333333333336,4307.692307692308,3990.3846153846152,4559.523809523809
2021,YISHUN,4 ROOM,historical_non_mature,65,70,214,65.83333333333333,4121.912491178546,3869.0476190476193,4343.265920826162
2021,YISHUN,4 ROOM,historical_non_mature,70,75,10,70.625,4042.5315425315425,3681.891025641026,4657.623626373626
2021,YISHUN,4 ROOM,historical_non_mature,75,80,3,79.16666666666667,3989.1304347826085,3972.587195413282,4302.257525083612
2021,YISHUN,4 ROOM,historical_non_mature,85,90,12,89.75,5023.178843567906,4877.717391304348,5119.565217391304
2021,YISHUN,4 ROOM,historical_non_mature,90,95,322,93.25,4983.539855072464,4728.260869565217,5217.391304347826
2021,YISHUN,4 ROOM,historical_non_mature,95,100,58,95.25,5258.064516129032,5008.064516129032,5478.4946236559135
2021,YISHUN,5 ROOM,historical_non_mature,55,60,1,59.833333333333336,3719.00826446281,3719.00826446281,3719.00826446281
2021,YISHUN,5 ROOM,historical_non_mature,60,65,69,63.5,4132.231404958678,3917.910447761194,4371.900826446281
2021,YISHUN,5 ROOM,historical_non_mature,65,70,84,65.66666666666667,4139.3442622950815,3889.5476160680764,4467.213114754099
2021,YISHUN,5 ROOM,historical_non_mature,70,75,13,70.91666666666667,4218.6016260162605,3851.8518518518517,4370.967741935484
2021,YISHUN,5 ROOM,historical_non_mature,75,80,5,78.58333333333333,4549.54954954955,4414.414414414415,4563.636363636364
2021,YISHUN,5 ROOM,historical_non_mature,90,95,133,93.41666666666667,5178.571428571428,4866.071428571428,5415.929203539823
2021,YISHUN,5 ROOM,historical_non_mature,95,100,22,95.25,5422.566371681416,5320.796460176992,5646.017699115044
2021,YISHUN,EXECUTIVE,historical_non_mature,60,65,22,64.04166666666666,4436.236466417553,4188.4043989967195,4603.87323943662
2021,YISHUN,EXECUTIVE,historical_non_mature,65,70,79,66.0,4506.8493150684935,4270.547945205479,4791.626471155701
2021,YISHUN,EXECUTIVE,historical_non_mature,70,75,5,70.25,4804.878048780488,4756.09756097561,4878.048780487805
2021,YISHUN,MULTI-GENERATION,historical_non_mature,65,70,5,65.08333333333333,5029.2397660818715,4804.469273743017,5058.479532163743
2022,ANG MO KIO,2 ROOM,historical_mature,50,55,8,54.45833333333333,5681.818181818182,5522.727272727273,5909.090909090909
2022,ANG MO KIO,2 ROOM,historical_mature,55,60,12,56.583333333333336,6386.363636363636,5482.318181818182,6649.795454545454
2022,ANG MO KIO,2 ROOM,historical_mature,60,65,3,62.666666666666664,6355.555555555556,6122.222222222223,6566.666666666666
2022,ANG MO KIO,3 ROOM,historical_mature,50,55,87,54.333333333333336,5074.626865671642,4928.439991821713,5280.82191780822
2022,ANG MO KIO,3 ROOM,historical_mature,55,60,381,56.583333333333336,5147.058823529412,4895.522388059701,5386.666666666667
2022,ANG MO KIO,3 ROOM,historical_mature,60,65,30,62.08333333333333,5552.860696517413,5254.664179104478,5711.059701492537
2022,ANG MO KIO,3 ROOM,historical_mature,70,75,1,70.91666666666667,4666.666666666667,4666.666666666667,4666.666666666667
2022,ANG MO KIO,3 ROOM,historical_mature,85,90,6,89.125,8050.0,7353.571428571428,8232.142857142857
2022,ANG MO KIO,3 ROOM,historical_mature,90,95,16,94.625,8308.823529411764,7715.671641791045,8962.823529411766
2022,ANG MO KIO,3 ROOM,historical_mature,95,100,7,95.33333333333333,9485.29411764706,8882.352941176472,9705.882352941175
2022,ANG MO KIO,4 ROOM,historical_mature,50,55,45,54.0,5000.0,4693.877551020408,5459.183673469388
2022,ANG MO KIO,4 ROOM,historical_mature,55,60,131,56.833333333333336,5000.0,4782.608695652174,5300.525561395127
2022,ANG MO KIO,4 ROOM,historical_mature,60,65,4,61.458333333333336,5263.736263736264,4855.399976367718,5722.527472527472
2022,ANG MO KIO,4 ROOM,historical_mature,65,70,3,69.91666666666667,5471.698113207547,5284.868664446911,5880.5
2022,ANG MO KIO,4 ROOM,historical_mature,70,75,4,72.08333333333333,5446.199652634191,5128.5046728971965,5764.630990148606
2022,ANG MO KIO,4 ROOM,historical_mature,75,80,19,78.66666666666667,7232.0888888888885,6944.444444444444,7620.300751879699
2022,ANG MO KIO,4 ROOM,historical_mature,80,85,10,82.66666666666667,6949.377777777778,6532.4,7304.824561403508
2022,ANG MO KIO,4 ROOM,historical_mature,85,90,20,88.91666666666667,8418.404404873478,8026.595744680852,8718.858779518354
2022,ANG MO KIO,4 ROOM,historical_mature,90,95,41,94.75,9333.333333333334,8924.731182795698,9548.387096774193
2022,ANG MO KIO,4 ROOM,historical_mature,95,100,28,95.16666666666667,9216.33941093969,9026.881720430107,9471.230715287516
2022,ANG MO KIO,5 ROOM,historical_mature,50,55,6,54.541666666666664,5833.333333333334,5477.642276422765,6054.878048780488
2022,ANG MO KIO,5 ROOM,historical_mature,55,60,60,57.083333333333336,5454.669672747148,5103.288275668861,5770.930594460006
2022,ANG MO KIO,5 ROOM,historical_mature,65,70,5,69.83333333333333,5905.511811023622,5732.283464566929,6141.7322834645665
2022,ANG MO KIO,5 ROOM,historical_mature,70,75,7,72.83333333333333,6106.8702290076335,5984.933035714286,6347.65625
2022,ANG MO KIO,5 ROOM,historical_mature,75,80,16,78.875,7358.581818181818,6897.727272727273,7977.272727272727
2022,ANG MO KIO,5 ROOM,historical_mature,80,85,4,82.54166666666666,7309.09090909091,7213.636363636364,7414.619164619165
2022,ANG MO KIO,5 ROOM,historical_mature,85,90,14,88.375,8979.700854700855,7992.82393742621,9181.541666666666
2022,ANG MO KIO,5 ROOM,historical_mature,90,95,31,94.75,8672.566371681416,8362.83185840708,8955.256637168142
2022,ANG MO KIO,5 ROOM,historical_mature,95,100,11,95.08333333333333,9070.79646017699,8720.25221238938,9513.274336283186
2022,ANG MO KIO,EXECUTIVE,historical_mature,50,55,1,54.583333333333336,5776.39751552795,5776.39751552795,5776.39751552795
2022,ANG MO KIO,EXECUTIVE,historical_mature,55,60,5,56.583333333333336,5771.604938271605,5754.601226993865,5771.812080536913
2022,ANG MO KIO,EXECUTIVE,historical_mature,60,65,1,60.666666666666664,6202.7027027027025,6202.7027027027025,6202.7027027027025
2022,ANG MO KIO,EXECUTIVE,historical_mature,70,75,9,72.91666666666667,6202.7027027027025,6174.496644295302,6409.395973154363
2022,BEDOK,2 ROOM,historical_mature,50,55,3,54.833333333333336,6000.0,5833.333333333334,6311.111111111111
2022,BEDOK,2 ROOM,historical_mature,55,60,6,55.58333333333333,5666.666666666666,5555.555555555556,5861.11111111111
2022,BEDOK,2 ROOM,historical_mature,60,65,8,62.91666666666667,5777.777777777777,5611.111111111111,6005.555555555556
2022,BEDOK,2 ROOM,historical_mature,90,95,3,93.33333333333333,7234.04255319149,7021.276595744681,7340.425531914894
2022,BEDOK,3 ROOM,historical_mature,45,50,12,49.083333333333336,4769.2307692307695,4615.384615384615,4934.615384615385
2022,BEDOK,3 ROOM,historical_mature,50,55,152,54.333333333333336,5149.253731343284,4923.076923076923,5411.016949152542
2022,BEDOK,3 ROOM,historical_mature,55,60,273,56.416666666666664,5121.951219512195,4878.048780487805,5373.134328358209
2022,BEDOK,3 ROOM,historical_mature,60,65,88,62.333333333333336,5157.960199004976,4856.625258799171,5447.761194029851
2022,BEDOK,3 ROOM,historical_mature,85,90,5,87.08333333333333,7826.086956521739,7753.623188405797,8064.5161290322585
2022,BEDOK,3 ROOM,historical_mature,90,95,22,93.08333333333333,7823.529411764706,7656.935908691835,8432.835820895521
2022,BEDOK,4 ROOM,historical_mature,50,55,87,54.416666666666664,4880.952380952381,4712.869841269841,5120.499419279908
2022,BEDOK,4 ROOM,historical_mature,55,60,150,56.333333333333336,4906.788940481216,4728.260869565217,5144.572300928188
2022,BEDOK,4 ROOM,historical_mature,60,65,92,62.416666666666664,5000.0,4828.211094377511,5244.2696041822255
2022,BEDOK,4 ROOM,historical_mature,65,70,9,65.5,5836.538461538462,5173.076923076923,6346.153846153846
2022,BEDOK,4 ROOM,historical_mature,70,75,14,73.375,5162.0370370370365,4986.111111111111,5437.5
2022,BEDOK,4 ROOM,historical_mature,75,80,21,77.5,6000.0,5714.285714285715,6179.885714285714
2022,BEDOK,4 ROOM,historical_mature,80,85,23,82.41666666666667,7119.565217391304,6937.979539641943,7288.363171355499
2022,BEDOK,4 ROOM,historical_mature,85,90,9,87.08333333333333,7744.68085106383,7356.3218390804595,7925.531914893617
2022,BEDOK,4 ROOM,historical_mature,90,95,56,93.25,7408.602150537634,7202.076381164256,8189.655172413793
2022,BEDOK,5 ROOM,historical_mature,50,55,37,54.25,5423.728813559322,5196.581196581196,5661.6
2022,BEDOK,5 ROOM,historical_mature,55,60,75,55.916666666666664,4914.529914529914,4621.322033898305,5206.668033066885
2022,BEDOK,5 ROOM,historical_mature,60,65,32,61.5,4588.315049919882,4453.664815065709,5114.505712866368
2022,BEDOK,5 ROOM,historical_mature,65,70,26,69.70833333333334,5971.478075436492,5609.6737907761535,6430.0
2022,BEDOK,5 ROOM,historical_mature,70,75,28,72.66666666666666,5685.528455284553,5545.076884920635,5828.168732506998
2022,BEDOK,5 ROOM,historical_mature,75,80,33,77.41666666666667,5982.608695652174,5652.173913043478,6179.48717948718
2022,BEDOK,5 ROOM,historical_mature,80,85,8,82.75,6858.581818181818,6440.454545454546,6965.909090909091
2022,BEDOK,5 ROOM,historical_mature,85,90,2,86.91666666666666,8508.928571428572,8441.964285714286,8575.892857142857
2022,BEDOK,5 ROOM,historical_mature,90,95,12,91.29166666666666,8028.571428571428,7623.197903014417,8370.46745303626
2022,BEDOK,EXECUTIVE,historical_mature,50,55,1,54.583333333333336,5217.391304347826,5217.391304347826,5217.391304347826
2022,BEDOK,EXECUTIVE,historical_mature,55,60,3,56.25,5604.938271604939,5501.855638869954,5747.254411876089
2022,BEDOK,EXECUTIVE,historical_mature,60,65,37,62.333333333333336,5587.898734177215,5174.825174825175,5821.917808219178
2022,BEDOK,EXECUTIVE,historical_mature,65,70,15,69.66666666666667,6000.0,5501.428149315473,6335.082094627416
2022,BEDOK,EXECUTIVE,historical_mature,70,75,21,73.16666666666667,5965.517241379311,5845.070422535211,6311.722222222223
2022,BISHAN,3 ROOM,historical_mature,50,55,19,50.416666666666664,4538.461538461538,4426.470588235294,4692.307692307692
2022,BISHAN,3 ROOM,historical_mature,60,65,42,61.95833333333333,6843.75,6563.66604477612,7103.2238805970155
2022,BISHAN,3 ROOM,historical_mature,65,70,4,65.0,6679.6875,6562.5,6796.875
2022,BISHAN,4 ROOM,historical_mature,50,55,4,51.375,4730.113636363636,4539.772727272727,4765.625
2022,BISHAN,4 ROOM,historical_mature,60,65,86,63.125,6626.506024096386,6251.4534883720935,6982.85989010989
2022,BISHAN,4 ROOM,historical_mature,65,70,102,68.91666666666667,6184.860736747529,5858.766233766234,6588.5989010989015
2022,BISHAN,4 ROOM,historical_mature,70,75,4,74.625,7305.686274509804,7027.156862745098,7656.862745098038
2022,BISHAN,4 ROOM,historical_mature,75,80,3,75.16666666666667,7200.0,6940.0,7521.568627450981
2022,BISHAN,4 ROOM,historical_mature,85,90,7,88.33333333333333,10084.21052631579,9710.526315789473,10331.57894736842
2022,BISHAN,5 ROOM,historical_mature,60,65,83,64.0,6760.330578512397,6255.080612383146,7181.818181818182
2022,BISHAN,5 ROOM,historical_mature,65,70,36,66.70833333333334,6661.362530413626,6455.142857142857,7115.0370370370365
2022,BISHAN,5 ROOM,historical_mature,70,75,3,74.83333333333333,7154.471544715447,6849.59349593496,7606.1613921924345
2022,BISHAN,5 ROOM,historical_mature,75,80,2,75.16666666666666,7327.420546932743,7300.073909830007,7354.767184035476
2022,BISHAN,5 ROOM,historical_mature,85,90,15,88.25,10541.666666666666,10191.666666666668,10770.833333333332
2022,BISHAN,EXECUTIVE,historical_mature,60,65,18,63.625,7087.699971261615,6587.351005159224,7756.849315068493
2022,BISHAN,EXECUTIVE,historical_mature,65,70,37,68.91666666666667,6813.793103448276,6375.838926174497,7516.778523489933
2022,BUKIT BATOK,2 ROOM,historical_non_mature,95,100,3,95.41666666666667,7191.489361702128,7085.106382978724,7319.148936170213
2022,BUKIT BATOK,3 ROOM,historical_non_mature,60,65,240,62.416666666666664,5068.493150684932,4810.188189487346,5234.375
2022,BUKIT BATOK,3 ROOM,historical_non_mature,65,70,10,65.16666666666667,5060.202205882353,4845.588235294118,5194.163602941177
2022,BUKIT BATOK,3 ROOM,historical_non_mature,70,75,2,74.58333333333334,4962.686567164179,4944.0298507462685,4981.3432835820895
2022,BUKIT BATOK,3 ROOM,historical_non_mature,90,95,22,94.54166666666666,7117.64705882353,6996.323529411764,7275.323529411765
2022,BUKIT BATOK,3 ROOM,historical_non_mature,95,100,7,95.33333333333333,6764.705882352941,6451.931518876207,7058.38454784899
2022,BUKIT BATOK,4 ROOM,historical_non_mature,55,60,1,59.75,4471.153846153846,4471.153846153846,4471.153846153846
2022,BUKIT BATOK,4 ROOM,historical_non_mature,60,65,186,62.25,4710.138162808065,4466.861501882307,4916.893577296491
2022,BUKIT BATOK,4 ROOM,historical_non_mature,65,70,10,65.41666666666667,4666.758849557522,4588.25582573455,4792.904551201012
2022,BUKIT BATOK,4 ROOM,historical_non_mature,70,75,30,74.45833333333334,5098.0392156862745,4958.157450401012,5270.679611650486
2022,BUKIT BATOK,4 ROOM,historical_non_mature,75,80,11,75.16666666666667,5078.431372549019,4869.458653026428,5228.260869565218
2022,BUKIT BATOK,4 ROOM,historical_non_mature,80,85,29,81.5,5811.111111111111,5336.95652173913,5978.260869565217
2022,BUKIT BATOK,4 ROOM,historical_non_mature,90,95,71,94.5,7413.04347826087,7105.263157894737,7728.260869565218
2022,BUKIT BATOK,4 ROOM,historical_non_mature,95,100,24,95.25,7000.058438522674,6494.565217391304,7615.12388966807
2022,BUKIT BATOK,5 ROOM,historical_non_mature,60,65,49,62.166666666666664,4661.654135338345,4303.2786885245905,5074.626865671642
2022,BUKIT BATOK,5 ROOM,historical_non_mature,65,70,3,65.83333333333333,5416.666666666667,5352.961432506887,5683.539944903581
2022,BUKIT BATOK,5 ROOM,historical_non_mature,70,75,26,74.16666666666667,5000.0,4950.517890772127,5362.773798043807
2022,BUKIT BATOK,5 ROOM,historical_non_mature,75,80,4,75.125,5229.356205292034,5099.630808833492,5292.381415376069
2022,BUKIT BATOK,5 ROOM,historical_non_mature,80,85,15,81.16666666666667,5762.71186440678,5523.555469953775,6650.0
2022,BUKIT BATOK,5 ROOM,historical_non_mature,90,95,51,94.58333333333333,7521.739130434783,6995.186335403727,7687.111801242236
2022,BUKIT BATOK,5 ROOM,historical_non_mature,95,100,8,95.16666666666667,7601.769911504425,6899.138748419722,7754.424778761061
2022,BUKIT BATOK,EXECUTIVE,historical_non_mature,60,65,50,62.25,5236.529680365296,4829.345612736023,5400.72072072072
2022,BUKIT BATOK,EXECUTIVE,historical_non_mature,65,70,7,69.75,5034.482758620689,4917.105263157895,5190.675990675991
2022,BUKIT BATOK,EXECUTIVE,historical_non_mature,70,75,23,74.41666666666667,5758.86524822695,5505.050505050505,6010.708041958042
2022,BUKIT BATOK,EXECUTIVE,historical_non_mature,75,80,4,75.0,5347.222222222223,5147.569444444444,5492.861111111111
2022,BUKIT MERAH,1 ROOM,historical_mature,50,55,10,51.79166666666667,7482.064516129032,7370.967741935484,7580.645161290323
2022,BUKIT MERAH,2 ROOM,historical_mature,40,45,2,43.83333333333333,5319.148936170213,5106.382978723404,5531.914893617022
2022,BUKIT MERAH,2 ROOM,historical_mature,45,50,15,48.0,7000.0,5777.616279069767,7397.058823529412
2022,BUKIT MERAH,2 ROOM,historical_mature,50,55,8,52.958333333333336,6000.0,5530.303030303031,6089.267676767677
2022,BUKIT MERAH,2 ROOM,historical_mature,85,90,2,89.5,9893.617021276596,9414.893617021276,10372.340425531915
2022,BUKIT MERAH,3 ROOM,historical_mature,40,45,7,43.833333333333336,5333.333333333333,5125.0,5333.333333333333
2022,BUKIT MERAH,3 ROOM,historical_mature,45,50,74,47.333333333333336,5959.326271186441,5314.1025641025635,6413.8418079096045
2022,BUKIT MERAH,3 ROOM,historical_mature,50,55,103,52.416666666666664,5338.983050847458,5007.142857142857,5679.48717948718
2022,BUKIT MERAH,3 ROOM,historical_mature,55,60,48,58.958333333333336,5570.047669491525,5223.880597014925,6050.258094144661
2022,BUKIT MERAH,3 ROOM,historical_mature,60,65,25,60.333333333333336,5500.0,5276.923076923077,5846.153846153846
2022,BUKIT MERAH,3 ROOM,historical_mature,65,70,3,66.58333333333333,5117.64705882353,4997.847919655667,5357.434640522876
2022,BUKIT MERAH,3 ROOM,historical_mature,75,80,1,79.16666666666667,10000.0,10000.0,10000.0
2022,BUKIT MERAH,3 ROOM,historical_mature,85,90,24,85.75,9850.806451612903,9565.217391304348,10097.636815920398
2022,BUKIT MERAH,3 ROOM,historical_mature,90,95,39,92.58333333333333,9516.129032258064,8843.283582089553,9874.012291483758
2022,BUKIT MERAH,3 ROOM,historical_mature,95,100,11,95.66666666666667,10588.235294117647,10073.529411764706,10720.588235294119
2022,BUKIT MERAH,4 ROOM,historical_mature,45,50,15,47.083333333333336,5743.243243243243,5568.181818181818,5894.425675675676
2022,BUKIT MERAH,4 ROOM,historical_mature,50,55,46,53.125,5714.285714285715,5319.317877244706,5884.552947052947
2022,BUKIT MERAH,4 ROOM,historical_mature,55,60,16,55.458333333333336,5472.898836954137,5153.225806451613,5663.04347826087
2022,BUKIT MERAH,4 ROOM,historical_mature,60,65,27,61.5,5689.320388349514,5362.210604929051,6475.870827285922
2022,BUKIT MERAH,4 ROOM,historical_mature,70,75,16,73.33333333333334,6729.78436657682,6297.429906542056,7303.228128245068
2022,BUKIT MERAH,4 ROOM,historical_mature,75,80,66,79.0,8059.405940594059,6800.0,8683.503836317137
2022,BUKIT MERAH,4 ROOM,historical_mature,80,85,54,82.33333333333333,8665.0,8275.862068965518,8886.66
2022,BUKIT MERAH,4 ROOM,historical_mature,85,90,38,86.0,9236.559139784946,8828.44705882353,9578.273244781783
2022,BUKIT MERAH,4 ROOM,historical_mature,90,95,68,93.91666666666667,8900.95652173913,8447.230014025246,9553.763440860215
2022,BUKIT MERAH,4 ROOM,historical_mature,95,100,12,95.83333333333334,10123.720689208447,9637.09677419355,10405.492939499936
2022,BUKIT MERAH,5 ROOM,historical_mature,50,55,45,53.666666666666664,5854.7008547008545,5550.847457627118,6271.186440677966
2022,BUKIT MERAH,5 ROOM,historical_mature,55,60,25,56.083333333333336,6111.111111111111,5756.302521008403,6393.44262295082
2022,BUKIT MERAH,5 ROOM,historical_mature,60,65,25,61.0,6369.426751592357,5711.475409836065,7482.269503546099
2022,BUKIT MERAH,5 ROOM,historical_mature,70,75,23,73.33333333333333,7047.619047619048,6797.619047619048,7400.242130750606
2022,BUKIT MERAH,5 ROOM,historical_mature,75,80,51,78.91666666666667,8086.95652173913,7024.425287356322,8622.529644268776
2022,BUKIT MERAH,5 ROOM,historical_mature,80,85,46,82.16666666666667,8435.573122529644,7797.226386806597,8899.209486166008
2022,BUKIT MERAH,5 ROOM,historical_mature,85,90,12,87.75,9209.14842415774,8954.545454545454,9880.608971291866
2022,BUKIT MERAH,5 ROOM,historical_mature,90,95,3,92.41666666666667,10312.5,9824.391592920354,10870.535714285714
2022,BUKIT MERAH,5 ROOM,historical_mature,95,100,3,96.08333333333333,12212.389380530973,11946.902654867255,12300.884955752212
2022,BUKIT PANJANG,2 ROOM,historical_non_mature,90,95,19,91.58333333333333,6478.260869565217,6148.936170212766,6574.468085106383
2022,BUKIT PANJANG,3 ROOM,historical_non_mature,60,65,18,64.5,4952.054794520548,4712.328767123287,5130.13698630137
2022,BUKIT PANJANG,3 ROOM,historical_non_mature,65,70,51,65.58333333333333,4863.013698630137,4712.328767123287,5136.986301369863
2022,BUKIT PANJANG,3 ROOM,historical_non_mature,85,90,8,89.70833333333334,5727.941176470588,5536.764705882353,5974.264705882353
2022,BUKIT PANJANG,3 ROOM,historical_non_mature,90,95,33,92.25,5955.223880597015,5671.641791044776,6268.6567164179105
2022,BUKIT PANJANG,4 ROOM,historical_non_mature,60,65,35,64.58333333333333,4583.333333333333,4309.726885037655,4822.478991596639
2022,BUKIT PANJANG,4 ROOM,historical_non_mature,65,70,100,65.5,4375.0,4182.692307692308,4520.375457875458
2022,BUKIT PANJANG,4 ROOM,historical_non_mature,70,75,47,74.58333333333333,4660.194174757282,4381.188118811881,5207.417582417582
2022,BUKIT PANJANG,4 ROOM,historical_non_mature,75,80,120,78.375,5000.0,4650.712871287129,5223.597359735973
2022,BUKIT PANJANG,4 ROOM,historical_non_mature,80,85,19,81.41666666666667,5455.555555555556,5295.340501792115,5727.240143369176
2022,BUKIT PANJANG,4 ROOM,historical_non_mature,85,90,13,89.41666666666667,5483.870967741936,5215.05376344086,5537.634408602151
2022,BUKIT PANJANG,4 ROOM,historical_non_mature,90,95,128,92.33333333333333,5585.552185600747,5376.043010752688,5860.215053763441
2022,BUKIT PANJANG,5 ROOM,historical_non_mature,60,65,4,64.70833333333334,4438.081603435934,4276.440586972083,4547.107438016529
2022,BUKIT PANJANG,5 ROOM,historical_non_mature,65,70,42,65.41666666666667,4532.327868852459,4344.262295081967,4775.93962415034
2022,BUKIT PANJANG,5 ROOM,historical_non_mature,70,75,20,74.625,4730.371900826446,4697.916666666667,5823.081967213115
2022,BUKIT PANJANG,5 ROOM,historical_non_mature,75,80,143,78.33333333333333,5082.644628099173,4629.106187929718,5678.7469287469285
2022,BUKIT PANJANG,5 ROOM,historical_non_mature,80,85,30,81.5,5513.127272727273,5126.50909090909,5727.018181818181
2022,BUKIT PANJANG,5 ROOM,historical_non_mature,90,95,44,92.66666666666667,5804.410714285714,5698.384165613148,5948.766276864728
2022,BUKIT PANJANG,EXECUTIVE,historical_non_mature,60,65,12,64.58333333333333,5346.324522477329,5206.542276806802,5496.575342465753
2022,BUKIT PANJANG,EXECUTIVE,historical_non_mature,65,70,15,65.5,5103.448275862069,4975.789573820395,5222.602739726028
2022,BUKIT PANJANG,EXECUTIVE,historical_non_mature,70,75,5,74.41666666666667,5384.615384615385,5357.142857142857,5769.2307692307695
2022,BUKIT PANJANG,EXECUTIVE,historical_non_mature,75,80,46,78.66666666666667,5076.923076923077,4573.567708333333,5821.6783216783215
2022,BUKIT PANJANG,EXECUTIVE,historical_non_mature,80,85,2,80.125,5480.458333333334,4693.354166666667,6267.5625
2022,BUKIT TIMAH,3 ROOM,historical_mature,50,55,12,51.29166666666667,6156.978896704924,5730.4531085353,6276.425398000741
2022,BUKIT TIMAH,3 ROOM,historical_mature,65,70,1,65.91666666666667,7125.0,7125.0,7125.0
2022,BUKIT TIMAH,4 ROOM,historical_mature,50,55,15,50.833333333333336,6373.626373626374,6153.846153846154,6685.393258426966
2022,BUKIT TIMAH,4 ROOM,historical_mature,60,65,3,64.83333333333333,7152.7692307692305,6533.115384615385,7605.2307692307695
2022,BUKIT TIMAH,4 ROOM,historical_mature,65,70,10,65.75,7442.307692307692,7131.403846153846,7490.384615384615
2022,BUKIT TIMAH,5 ROOM,historical_mature,50,55,3,50.833333333333336,7317.073170731707,7268.292682926829,7682.926829268293
2022,BUKIT TIMAH,5 ROOM,historical_mature,65,70,8,65.70833333333334,7368.852459016394,6915.983606557377,7387.295081967213
2022,BUKIT TIMAH,EXECUTIVE,historical_mature,60,65,3,64.75,8666.666666666666,8636.0,8699.771689497717
2022,BUKIT TIMAH,EXECUTIVE,historical_mature,65,70,7,65.91666666666667,8205.479452054795,7571.6107305936075,8226.027397260274
2022,CENTRAL AREA,2 ROOM,historical_mature,45,50,6,47.79166666666667,5540.53109713487,5308.9811320754725,5784.416491963662
2022,CENTRAL AREA,2 ROOM,historical_mature,55,60,6,59.5,6506.410256410256,5438.811188811189,6714.74358974359
2022,CENTRAL AREA,3 ROOM,historical_mature,45,50,2,48.16666666666667,5296.052631578947,5213.815789473684,5378.28947368421
2022,CENTRAL AREA,3 ROOM,historical_mature,50,55,41,52.25,6642.857142857143,6461.538461538462,7508.474576271186
2022,CENTRAL AREA,3 ROOM,historical_mature,55,60,16,56.54166666666667,7458.333333333334,6333.333333333333,8025.735294117648
2022,CENTRAL AREA,3 ROOM,historical_mature,60,65,27,61.666666666666664,6575.342465753424,6026.651651651651,7096.078431372549
2022,CENTRAL AREA,4 ROOM,historical_mature,50,55,2,51.20833333333333,5863.636363636364,5788.96103896104,5938.311688311688
2022,CENTRAL AREA,4 ROOM,historical_mature,55,60,25,57.0,7710.843373493976,6317.073170731707,8855.421686746988
2022,CENTRAL AREA,4 ROOM,historical_mature,60,65,13,61.0,6481.481481481482,6267.481481481482,6621.621621621622
2022,CENTRAL AREA,4 ROOM,historical_mature,75,80,4,79.54166666666666,7182.35294117647,6938.235294117647,7308.823529411765
2022,CENTRAL AREA,4 ROOM,historical_mature,85,90,42,87.66666666666667,11118.279569892475,10430.10752688172,12723.684210526317
2022,CENTRAL AREA,5 ROOM,historical_mature,50,55,1,54.25,6474.820143884892,6474.820143884892,6474.820143884892
2022,CENTRAL AREA,5 ROOM,historical_mature,60,65,2,61.75,6557.03933747412,6521.273291925466,6592.805383022775
2022,CENTRAL AREA,5 ROOM,historical_mature,75,80,3,79.25,6698.11320754717,6315.723270440251,6920.485175202157
2022,CENTRAL AREA,5 ROOM,historical_mature,85,90,23,87.75,11320.754716981131,10845.089049550344,12037.735849056604
2022,CHOA CHU KANG,2 ROOM,historical_non_mature,85,90,4,88.20833333333334,6380.434782608696,6054.347826086957,6701.08695652174
2022,CHOA CHU KANG,2 ROOM,historical_non_mature,90,95,9,92.0,6170.212765957447,5851.063829787234,6276.595744680851
2022,CHOA CHU KANG,3 ROOM,historical_non_mature,50,55,4,54.625,4850.746268656716,4776.119402985074,4932.835820895522
2022,CHOA CHU KANG,3 ROOM,historical_non_mature,55,60,14,55.83333333333333,4762.840210711151,4518.581081081082,4891.791044776119
2022,CHOA CHU KANG,3 ROOM,historical_non_mature,60,65,12,61.08333333333333,4763.513513513513,4520.27027027027,4979.72972972973
2022,CHOA CHU KANG,3 ROOM,historical_non_mature,65,70,9,66.33333333333333,4794.520547945205,4671.232876712329,4931.506849315068
2022,CHOA CHU KANG,3 ROOM,historical_non_mature,85,90,2,88.875,5606.564364876385,5556.90537084399,5656.223358908781
2022,CHOA CHU KANG,3 ROOM,historical_non_mature,90,95,55,94.41666666666667,6029.411764705882,5882.35294117647,6260.358208955224
2022,CHOA CHU KANG,3 ROOM,historical_non_mature,95,100,4,95.16666666666667,5791.044776119403,5771.9701492537315,5835.820895522388
2022,CHOA CHU KANG,4 ROOM,historical_non_mature,50,55,2,54.625,4183.887571365833,4167.135704874836,4200.639437856829
2022,CHOA CHU KANG,4 ROOM,historical_non_mature,55,60,11,55.916666666666664,4293.478260869565,4228.260869565218,4391.304347826087
2022,CHOA CHU KANG,4 ROOM,historical_non_mature,60,65,7,61.0,4126.21359223301,4062.5,4245.939133681852
2022,CHOA CHU KANG,4 ROOM,historical_non_mature,65,70,96,67.33333333333334,4439.203354297693,4275.606469002695,4670.582789631458
2022,CHOA CHU KANG,4 ROOM,historical_non_mature,70,75,121,72.75,4500.0,4264.1509433962265,4692.307692307692
2022,CHOA CHU KANG,4 ROOM,historical_non_mature,75,80,120,76.5,4478.151180502666,4298.442033123929,4762.958648806058
2022,CHOA CHU KANG,4 ROOM,historical_non_mature,80,85,7,80.08333333333333,4670.32967032967,4616.666666666666,4784.493284493285
2022,CHOA CHU KANG,4 ROOM,historical_non_mature,85,90,2,89.66666666666667,5641.304347826087,5625.0,5657.608695652174
2022,CHOA CHU KANG,4 ROOM,historical_non_mature,90,95,292,94.0,5591.397849462365,5376.344086021505,5806.451612903225
2022,CHOA CHU KANG,4 ROOM,historical_non_mature,95,100,13,95.08333333333333,5335.739130434783,5271.739130434783,5435.869565217391
2022,CHOA CHU KANG,5 ROOM,historical_non_mature,55,60,7,55.916666666666664,3865.546218487395,3831.9327731092435,4109.243697478992
2022,CHOA CHU KANG,5 ROOM,historical_non_mature,60,65,4,61.0,4462.121212121212,4240.530303030303,4715.909090909091
2022,CHOA CHU KANG,5 ROOM,historical_non_mature,65,70,45,69.5,4484.126984126984,4311.475409836065,4687.5
2022,CHOA CHU KANG,5 ROOM,historical_non_mature,70,75,119,72.0,4583.333333333333,4385.204595847612,4760.922021844044
2022,CHOA CHU KANG,5 ROOM,historical_non_mature,75,80,128,76.83333333333333,4504.098360655738,4343.717008797655,4685.213675213676
2022,CHOA CHU KANG,5 ROOM,historical_non_mature,80,85,12,80.33333333333333,4481.818181818182,4365.909090909091,4648.137592137592
2022,CHOA CHU KANG,5 ROOM,historical_non_mature,90,95,179,94.16666666666667,5486.725663716814,5309.734513274337,5702.1965865992415
2022,CHOA CHU KANG,5 ROOM,historical_non_mature,95,100,6,95.04166666666666,5309.734513274337,5302.353982300885,5362.831858407079
2022,CHOA CHU KANG,EXECUTIVE,historical_non_mature,60,65,2,61.16666666666667,5134.756756756757,5107.540540540541,5161.9729729729725
2022,CHOA CHU KANG,EXECUTIVE,historical_non_mature,65,70,32,66.66666666666667,4893.45205479452,4708.831168831169,5092.893835616438
2022,CHOA CHU KANG,EXECUTIVE,historical_non_mature,70,75,57,72.58333333333333,4862.068965517241,4630.872483221477,5171.232876712329
2022,CHOA CHU KANG,EXECUTIVE,historical_non_mature,75,80,29,76.41666666666667,4513.888888888889,4366.197183098591,4808.510638297872
2022,CLEMENTI,2 ROOM,historical_mature,55,60,1,55.583333333333336,6590.909090909091,6590.909090909091,6590.909090909091
2022,CLEMENTI,2 ROOM,historical_mature,85,90,1,89.83333333333333,7755.102040816327,7755.102040816327,7755.102040816327
2022,CLEMENTI,2 ROOM,historical_mature,90,95,4,90.29166666666667,7598.88,7285.306122448979,7868.32
2022,CLEMENTI,3 ROOM,historical_mature,50,55,22,54.75,5445.411461212456,5314.479432107754,5611.940298507463
2022,CLEMENTI,3 ROOM,historical_mature,55,60,177,56.333333333333336,5304.878048780488,5000.0,5671.641791044776
2022,CLEMENTI,3 ROOM,historical_mature,60,65,13,60.75,4852.941176470588,4729.72972972973,5000.0
2022,CLEMENTI,3 ROOM,historical_mature,75,80,3,79.58333333333333,7459.016393442623,7282.786885245901,7729.508196721312
2022,CLEMENTI,3 ROOM,historical_mature,85,90,1,89.83333333333333,8714.285714285714,8714.285714285714,8714.285714285714
2022,CLEMENTI,3 ROOM,historical_mature,90,95,58,94.125,8636.519607843136,8232.015103338634,9118.659420289856
2022,CLEMENTI,3 ROOM,historical_mature,95,100,2,95.375,9528.173913043478,9248.782608695652,9807.565217391304
2022,CLEMENTI,4 ROOM,historical_mature,50,55,30,54.625,5507.731958762886,5051.546391752578,5940.282870612886
2022,CLEMENTI,4 ROOM,historical_mature,55,60,65,56.25,5340.659340659341,5000.0,5811.956043956044
2022,CLEMENTI,4 ROOM,historical_mature,60,65,18,61.0,5250.548073911681,4915.0485436893205,5603.414442700157
2022,CLEMENTI,4 ROOM,historical_mature,75,80,7,79.83333333333333,8076.923076923077,7612.6373626373625,8214.285714285714
2022,CLEMENTI,4 ROOM,historical_mature,80,85,10,82.95833333333334,8500.0,8277.777777777777,8695.977777777778
2022,CLEMENTI,4 ROOM,historical_mature,85,90,7,89.16666666666667,9978.494623655914,8501.075268817203,10238.521739130436
2022,CLEMENTI,4 ROOM,historical_mature,90,95,87,93.91666666666667,8986.1,8273.591397849463,9559.139784946237
2022,CLEMENTI,4 ROOM,historical_mature,95,100,2,95.33333333333334,9770.68085106383,9762.404255319148,9778.95744680851
2022,CLEMENTI,5 ROOM,historical_mature,50,55,4,54.79166666666667,5700.0,5400.0,6038.0341880341875
2022,CLEMENTI,5 ROOM,historical_mature,55,60,30,55.875,5504.2016806722695,5318.046087953187,5747.258225324029
2022,CLEMENTI,5 ROOM,historical_mature,60,65,10,61.41666666666667,5814.6399055489965,5451.689847476987,6110.6972412990335
2022,CLEMENTI,5 ROOM,historical_mature,75,80,6,79.54166666666666,7772.727272727272,7659.090909090909,7818.181818181818
2022,CLEMENTI,5 ROOM,historical_mature,80,85,2,81.79166666666666,7604.545454545454,7520.454545454545,7688.636363636364
2022,CLEMENTI,5 ROOM,historical_mature,90,95,31,92.0,8761.061946902655,8318.58407079646,9776.190476190477
2022,CLEMENTI,5 ROOM,historical_mature,95,100,3,95.33333333333333,10535.714285714286,10401.785714285714,10571.428571428572
2022,CLEMENTI,EXECUTIVE,historical_mature,55,60,1,57.333333333333336,5736.196319018405,5736.196319018405,5736.196319018405
2022,CLEMENTI,EXECUTIVE,historical_mature,60,65,15,61.583333333333336,5986.39455782313,5833.969049694856,6225.406216884493
2022,GEYLANG,2 ROOM,historical_mature,40,45,1,43.75,5622.222222222223,5622.222222222223,5622.222222222223
2022,GEYLANG,2 ROOM,historical_mature,45,50,17,47.666666666666664,5714.285714285715,5382.978723404255,5760.869565217391
2022,GEYLANG,2 ROOM,historical_mature,55,60,1,55.166666666666664,5333.311111111111,5333.311111111111,5333.311111111111
2022,GEYLANG,2 ROOM,historical_mature,60,65,1,62.916666666666664,5288.888888888889,5288.888888888889,5288.888888888889
2022,GEYLANG,3 ROOM,historical_mature,40,45,32,43.5,4763.059701492537,4531.50912106136,5059.555555555555
2022,GEYLANG,3 ROOM,historical_mature,45,50,112,45.916666666666664,5089.285714285715,4821.428571428572,5481.266578249337
2022,GEYLANG,3 ROOM,historical_mature,50,55,66,53.5,5151.549942594719,4770.952927669346,5417.796610169491
2022,GEYLANG,3 ROOM,historical_mature,55,60,49,58.25,5430.7692307692305,4939.024390243902,6058.823529411765
2022,GEYLANG,3 ROOM,historical_mature,60,65,26,62.375,5902.777777777777,5583.59375,6378.882613957241
2022,GEYLANG,3 ROOM,historical_mature,75,80,6,76.79166666666666,6110.367063492064,5859.375,6174.603174603175
2022,GEYLANG,3 ROOM,historical_mature,80,85,9,83.33333333333333,9166.666666666666,8981.466666666667,9166.666666666666
2022,GEYLANG,3 ROOM,historical_mature,90,95,13,93.58333333333333,8432.835820895523,8134.328358208955,8656.716417910447
2022,GEYLANG,4 ROOM,historical_mature,45,50,1,47.666666666666664,4891.304347826087,4891.304347826087,4891.304347826087
2022,GEYLANG,4 ROOM,historical_mature,50,55,25,53.166666666666664,5271.739130434783,5000.0,5815.217391304348
2022,GEYLANG,4 ROOM,historical_mature,55,60,35,57.333333333333336,5769.2307692307695,5160.542582417582,6147.396082178691
2022,GEYLANG,4 ROOM,historical_mature,60,65,80,62.333333333333336,5304.3650793650795,5047.619047619048,5619.300911854103
2022,GEYLANG,4 ROOM,historical_mature,65,70,6,66.70833333333334,4977.87610619469,4563.457283866575,5035.046728971963
2022,GEYLANG,4 ROOM,historical_mature,70,75,10,74.375,6827.598964113948,6296.728971962617,7232.568627450981
2022,GEYLANG,4 ROOM,historical_mature,75,80,23,77.0,7801.980198019802,7155.038759689922,8073.094736842106
2022,GEYLANG,4 ROOM,historical_mature,80,85,17,83.0,8388.888888888889,8222.222222222223,8800.0
2022,GEYLANG,4 ROOM,historical_mature,85,90,16,88.375,8432.088285229202,8210.526315789473,8577.956989247312
2022,GEYLANG,4 ROOM,historical_mature,90,95,27,93.5,8688.172043010753,8290.322580645163,8806.451612903227
2022,GEYLANG,5 ROOM,historical_mature,50,55,19,53.666666666666664,5644.067796610169,5064.102564102564,6068.688344903178
2022,GEYLANG,5 ROOM,historical_mature,55,60,11,57.083333333333336,5661.157024793389,5485.116963160106,6215.973292244478
2022,GEYLANG,5 ROOM,historical_mature,60,65,20,60.70833333333333,6242.030696576151,5755.041613316262,6965.486022610483
2022,GEYLANG,5 ROOM,historical_mature,65,70,1,65.25,4508.196721311476,4508.196721311476,4508.196721311476
2022,GEYLANG,5 ROOM,historical_mature,70,75,8,74.5,7053.891184573004,6535.433070866142,8183.333333333334
2022,GEYLANG,5 ROOM,historical_mature,75,80,14,77.04166666666667,8500.0,8207.985358004828,8855.241605241605
2022,GEYLANG,5 ROOM,historical_mature,80,85,9,81.91666666666667,8072.727272727273,7927.272727272727,8363.636363636364
2022,GEYLANG,EXECUTIVE,historical_mature,60,65,28,63.5,5856.164383561644,5570.013698630137,6355.413732394366
2022,HOUGANG,2 ROOM,historical_non_mature,85,90,3,88.75,6382.978723404255,6372.340425531915,6519.148936170212
2022,HOUGANG,3 ROOM,historical_non_mature,50,55,27,52.333333333333336,4955.223880597015,4715.3471093568605,5261.762711864407
2022,HOUGANG,3 ROOM,historical_non_mature,55,60,45,58.75,5223.880597014925,4850.746268656716,5522.388059701492
2022,HOUGANG,3 ROOM,historical_non_mature,60,65,132,62.625,5267.947635135135,5000.0,5606.25
2022,HOUGANG,3 ROOM,historical_non_mature,65,70,26,65.875,5340.073529411765,5139.0625,5537.274894067797
2022,HOUGANG,3 ROOM,historical_non_mature,70,75,3,70.16666666666667,5070.422535211268,4885.957536262351,5586.058725232753
2022,HOUGANG,3 ROOM,historical_non_mature,85,90,6,89.08333333333333,5992.5373134328365,5914.179104477612,6093.2835820895525
2022,HOUGANG,3 ROOM,historical_non_mature,90,95,54,93.75,6792.581211589113,6275.021949078138,7164.179104477612
2022,HOUGANG,3 ROOM,historical_non_mature,95,100,9,95.16666666666667,6985.074626865671,6865.671641791045,7134.328358208955
2022,HOUGANG,4 ROOM,historical_non_mature,50,55,2,52.45833333333333,4817.073170731707,4756.09756097561,4878.048780487805
2022,HOUGANG,4 ROOM,historical_non_mature,55,60,11,59.583333333333336,4623.655913978495,4372.828784119107,4925.824175824177
2022,HOUGANG,4 ROOM,historical_non_mature,60,65,211,62.916666666666664,4855.7692307692305,4621.351766513057,5142.857142857143
2022,HOUGANG,4 ROOM,historical_non_mature,65,70,82,69.0,4830.937266616878,4617.198838896952,5092.334721499219
2022,HOUGANG,4 ROOM,historical_non_mature,70,75,64,74.33333333333333,5000.0,4673.366336633663,5188.117182356814
2022,HOUGANG,4 ROOM,historical_non_mature,75,80,49,76.25,4900.990099009901,4690.0,5100.0
2022,HOUGANG,4 ROOM,historical_non_mature,80,85,18,80.25,5114.3790849673205,4902.777777777777,5199.066666666667
2022,HOUGANG,4 ROOM,historical_non_mature,90,95,179,93.08333333333333,6608.695652173913,6081.112669471715,7244.565217391304
2022,HOUGANG,4 ROOM,historical_non_mature,95,100,22,95.08333333333333,6999.391304347826,6826.086956521739,7130.434782608695
2022,HOUGANG,5 ROOM,historical_non_mature,50,55,2,52.04166666666667,4651.930894308944,4582.0630081300815,4721.798780487805
2022,HOUGANG,5 ROOM,historical_non_mature,55,60,4,59.625,5290.187775115618,5234.385843164469,5515.147357444706
2022,HOUGANG,5 ROOM,historical_non_mature,60,65,80,62.04166666666667,4917.694079393036,4689.30785123967,5171.487603305785
2022,HOUGANG,5 ROOM,historical_non_mature,65,70,21,66.91666666666667,5024.793388429752,4768.5950413223145,5447.104
2022,HOUGANG,5 ROOM,historical_non_mature,70,75,30,74.41666666666667,5117.121848739496,4915.405632618747,5415.0641025641025
2022,HOUGANG,5 ROOM,historical_non_mature,75,80,55,75.83333333333333,5072.727272727273,4795.165217391304,5282.093663911846
2022,HOUGANG,5 ROOM,historical_non_mature,80,85,13,80.5,4772.727272727273,4618.181818181818,5090.909090909091
2022,HOUGANG,5 ROOM,historical_non_mature,90,95,51,92.66666666666667,6793.642857142857,6355.681099873578,7388.329619921363
2022,HOUGANG,EXECUTIVE,historical_non_mature,60,65,62,62.41666666666667,5575.896856039713,5157.427475688262,5799.555743243243
2022,HOUGANG,EXECUTIVE,historical_non_mature,65,70,34,69.08333333333333,5650.684931506849,5439.936109578966,5972.554539057002
2022,HOUGANG,EXECUTIVE,historical_non_mature,70,75,10,74.04166666666666,6372.757677105503,5619.347379239465,6825.236116824352
2022,HOUGANG,EXECUTIVE,historical_non_mature,75,80,21,76.25,5247.3576642335765,4963.503649635037,5510.948905109489
2022,JURONG EAST,2 ROOM,historical_non_mature,85,90,1,89.91666666666667,6382.978723404255,6382.978723404255,6382.978723404255
2022,JURONG EAST,2 ROOM,historical_non_mature,90,95,5,90.66666666666667,6127.659574468085,6063.829787234043,6363.636363636364
2022,JURONG EAST,3 ROOM,historical_non_mature,50,55,12,54.166666666666664,4175.324675324675,4037.1621621621625,4298.701298701299
2022,JURONG EAST,3 ROOM,historical_non_mature,55,60,84,59.25,5186.300639658848,4926.19622475856,5408.499122036875
2022,JURONG EAST,3 ROOM,historical_non_mature,60,65,58,60.666666666666664,4872.908622908622,4747.388059701492,5073.827292110875
2022,JURONG EAST,3 ROOM,historical_non_mature,65,70,1,66.0,4823.529411764706,4823.529411764706,4823.529411764706
2022,JURONG EAST,3 ROOM,historical_non_mature,85,90,1,89.91666666666667,5555.555555555556,5555.555555555556,5555.555555555556
2022,JURONG EAST,3 ROOM,historical_non_mature,90,95,22,90.66666666666667,6168.0270522388055,5944.444444444444,6268.6567164179105
2022,JURONG EAST,4 ROOM,historical_non_mature,55,60,25,58.5,4526.315789473684,4292.929292929293,4744.68085106383
2022,JURONG EAST,4 ROOM,historical_non_mature,60,65,45,61.25,4647.619047619048,4368.9320388349515,4843.373493975903
2022,JURONG EAST,4 ROOM,historical_non_mature,65,70,3,69.75,4485.981308411215,4355.140186915887,5264.968676183629
2022,JURONG EAST,4 ROOM,historical_non_mature,70,75,6,70.375,4419.191919191919,4122.297743793071,4902.847152847153
2022,JURONG EAST,4 ROOM,historical_non_mature,75,80,24,75.75,5337.772181101605,5166.208791208791,5547.304730473047
2022,JURONG EAST,4 ROOM,historical_non_mature,80,85,7,80.08333333333333,5000.0,4807.081807081807,5138.888888888889
2022,JURONG EAST,4 ROOM,historical_non_mature,85,90,2,89.83333333333334,5695.652173913044,5554.347826086957,5836.95652173913
2022,JURONG EAST,4 ROOM,historical_non_mature,90,95,26,93.375,5788.04347826087,5548.913043478261,5978.260869565217
2022,JURONG EAST,5 ROOM,historical_non_mature,50,55,1,54.25,3343.5114503816794,3343.5114503816794,3343.5114503816794
2022,JURONG EAST,5 ROOM,historical_non_mature,55,60,50,58.29166666666667,4724.5940170940175,4218.471869040051,5082.991803278688
2022,JURONG EAST,5 ROOM,historical_non_mature,60,65,26,61.25,4689.285714285714,4266.528925619834,4838.709677419355
2022,JURONG EAST,5 ROOM,historical_non_mature,65,70,3,66.0,5583.333333333333,5575.0,5791.666666666666
2022,JURONG EAST,5 ROOM,historical_non_mature,75,80,36,75.58333333333333,5684.573002754822,5421.487603305785,5922.764227642277
2022,JURONG EAST,5 ROOM,historical_non_mature,80,85,1,80.41666666666667,4836.363636363636,4836.363636363636,4836.363636363636
2022,JURONG EAST,5 ROOM,historical_non_mature,90,95,2,90.25,4906.77966101695,4741.525423728814,5072.033898305085
2022,JURONG EAST,EXECUTIVE,historical_non_mature,60,65,25,62.416666666666664,4818.791946308725,4594.594594594595,5012.18064516129
2022,JURONG EAST,EXECUTIVE,historical_non_mature,70,75,1,74.58333333333333,6896.551724137931,6896.551724137931,6896.551724137931
2022,JURONG EAST,EXECUTIVE,historical_non_mature,75,80,18,75.58333333333333,6156.25,5876.736111111111,6411.018192488264
2022,JURONG WEST,2 ROOM,historical_non_mature,50,55,2,54.75,5117.263056092843,5005.440038684719,5229.086073500966
2022,JURONG WEST,2 ROOM,historical_non_mature,55,60,1,55.5,5340.909090909091,5340.909090909091,5340.909090909091
2022,JURONG WEST,2 ROOM,historical_non_mature,80,85,2,84.875,5378.571428571428,5367.857142857143,5389.285714285714
2022,JURONG WEST,2 ROOM,historical_non_mature,85,90,1,85.25,5937.5,5937.5,5937.5
2022,JURONG WEST,2 ROOM,historical_non_mature,90,95,15,91.41666666666667,6531.914893617021,6340.425531914893,6712.765957446809
2022,JURONG WEST,3 ROOM,historical_non_mature,45,50,17,48.416666666666664,4179.104477611941,4029.8507462686566,4201.492537313433
2022,JURONG WEST,3 ROOM,historical_non_mature,50,55,86,52.95833333333333,4558.349541539316,4341.876923076923,4731.812255541068
2022,JURONG WEST,3 ROOM,historical_non_mature,55,60,32,55.54166666666667,4815.943992773261,4652.542372881356,5011.194029850746
2022,JURONG WEST,3 ROOM,historical_non_mature,60,65,97,61.416666666666664,4972.602739726028,4810.810810810811,5179.104477611941
2022,JURONG WEST,3 ROOM,historical_non_mature,65,70,13,65.33333333333333,4630.13698630137,4493.1506849315065,4726.027397260274
2022,JURONG WEST,3 ROOM,historical_non_mature,85,90,10,88.66666666666667,5904.104051172708,5767.723880597015,5992.537313432836
2022,JURONG WEST,3 ROOM,historical_non_mature,90,95,55,94.33333333333333,6205.882352941177,5955.882352941177,6632.35294117647
2022,JURONG WEST,3 ROOM,historical_non_mature,95,100,11,95.25,6176.470588235294,6161.764705882353,6272.058823529412
2022,JURONG WEST,4 ROOM,historical_non_mature,55,60,6,59.5,4989.36170212766,4954.358270418668,5078.125
2022,JURONG WEST,4 ROOM,historical_non_mature,60,65,123,61.416666666666664,4320.388349514563,4133.345428156748,4662.257085020243
2022,JURONG WEST,4 ROOM,historical_non_mature,65,70,91,66.5,4038.4615384615386,3924.35267148651,4186.58424908425
2022,JURONG WEST,4 ROOM,historical_non_mature,70,75,54,73.5,4336.358734723221,4144.179894179894,4857.130179430263
2022,JURONG WEST,4 ROOM,historical_non_mature,75,80,142,77.66666666666667,5164.8351648351645,4941.993464052288,5429.182978723404
2022,JURONG WEST,4 ROOM,historical_non_mature,80,85,11,83.41666666666667,5177.419354838709,4853.723404255319,5464.547112462006
2022,JURONG WEST,4 ROOM,historical_non_mature,85,90,23,86.58333333333333,5387.096774193548,5155.821837736731,5786.456445572067
2022,JURONG WEST,4 ROOM,historical_non_mature,90,95,110,92.25,5967.741935483871,5645.1612903225805,6736.287302162619
2022,JURONG WEST,4 ROOM,historical_non_mature,95,100,34,95.16666666666667,5762.8387096774195,5656.021276595745,5913.978494623656
2022,JURONG WEST,5 ROOM,historical_non_mature,50,55,12,53.375,3739.583333333333,3608.483532713041,3879.464285714286
2022,JURONG WEST,5 ROOM,historical_non_mature,55,60,9,59.166666666666664,4990.576271186441,4618.64406779661,5084.745762711865
2022,JURONG WEST,5 ROOM,historical_non_mature,60,65,43,61.666666666666664,4207.407407407408,4059.9259342385812,4365.621788283659
2022,JURONG WEST,5 ROOM,historical_non_mature,65,70,49,66.33333333333333,3901.5151515151515,3801.6528925619837,4115.702479338843
2022,JURONG WEST,5 ROOM,historical_non_mature,70,75,75,73.41666666666667,4475.806451612903,4227.457501847746,4750.0
2022,JURONG WEST,5 ROOM,historical_non_mature,75,80,218,78.04166666666666,4954.545454545455,4684.684684684685,5181.818181818182
2022,JURONG WEST,5 ROOM,historical_non_mature,80,85,28,83.20833333333334,4860.205194805195,4626.826298701299,5025.0
2022,JURONG WEST,5 ROOM,historical_non_mature,85,90,24,85.25,4822.218181818182,4576.576576576576,5025.0
2022,JURONG WEST,5 ROOM,historical_non_mature,90,95,44,92.04166666666666,6236.842105263158,5794.2477876106195,6832.34126984127
2022,JURONG WEST,5 ROOM,historical_non_mature,95,100,27,95.16666666666667,5815.789473684211,5550.574444961962,6021.438596491228
2022,JURONG WEST,EXECUTIVE,historical_non_mature,60,65,46,62.25,4429.504504504504,4306.081081081081,4600.0
2022,JURONG WEST,EXECUTIVE,historical_non_mature,65,70,22,67.58333333333333,4514.1065830721,4337.597330367074,4709.486534339763
2022,JURONG WEST,EXECUTIVE,historical_non_mature,70,75,51,72.66666666666667,4623.287671232877,4371.893237796686,4911.581224530864
2022,JURONG WEST,EXECUTIVE,historical_non_mature,75,80,71,77.91666666666667,5028.787878787879,4742.307692307692,5245.981630309989
2022,KALLANG/WHAMPOA,2 ROOM,historical_mature,45,50,7,47.0,5655.172413793103,5154.166666666666,5708.333333333334
2022,KALLANG/WHAMPOA,2 ROOM,historical_mature,55,60,1,58.5,6545.454545454545,6545.454545454545,6545.454545454545
2022,KALLANG/WHAMPOA,3 ROOM,historical_mature,45,50,65,47.833333333333336,5250.0,4785.714285714285,5588.235294117647
2022,KALLANG/WHAMPOA,3 ROOM,historical_mature,50,55,93,51.0,5236.8421052631575,4829.046153846154,5538.461538461538
2022,KALLANG/WHAMPOA,3 ROOM,historical_mature,55,60,72,57.333333333333336,5675.327068361894,5225.682983682984,6278.517488076312
2022,KALLANG/WHAMPOA,3 ROOM,historical_mature,60,65,24,61.666666666666664,6033.783783783783,5492.537313432835,6575.100806451613
2022,KALLANG/WHAMPOA,3 ROOM,historical_mature,80,85,13,81.0,8709.677419354839,8611.09677419355,8870.967741935483
2022,KALLANG/WHAMPOA,3 ROOM,historical_mature,85,90,12,88.875,8393.390191897655,8068.840579710144,8631.570408825439
2022,KALLANG/WHAMPOA,3 ROOM,historical_mature,90,95,66,94.5,9558.823529411764,8429.637526652454,10011.029411764706
2022,KALLANG/WHAMPOA,3 ROOM,historical_mature,95,100,1,95.0,10147.058823529413,10147.058823529413,10147.058823529413
2022,KALLANG/WHAMPOA,4 ROOM,historical_mature,45,50,2,49.33333333333333,6071.428571428572,6023.809523809524,6119.047619047619
2022,KALLANG/WHAMPOA,4 ROOM,historical_mature,50,55,36,51.166666666666664,5274.725274725275,4939.56043956044,5759.208463949843
2022,KALLANG/WHAMPOA,4 ROOM,historical_mature,55,60,23,58.583333333333336,5894.736842105263,5631.642512077295,6318.681318681319
2022,KALLANG/WHAMPOA,4 ROOM,historical_mature,60,65,42,62.75,6047.619047619048,5866.429765886287,6520.833333333333
2022,KALLANG/WHAMPOA,4 ROOM,historical_mature,70,75,18,73.25,6303.148148148148,6089.093634279669,6575.417864845435
2022,KALLANG/WHAMPOA,4 ROOM,historical_mature,75,80,16,78.58333333333334,6898.514851485148,6428.837209302325,7260.6435643564355
2022,KALLANG/WHAMPOA,4 ROOM,historical_mature,80,85,48,82.41666666666666,8388.888888888889,7722.549019607844,8722.222222222223
2022,KALLANG/WHAMPOA,4 ROOM,historical_mature,85,90,27,88.91666666666667,8707.865168539325,8125.0,9107.322654462243
2022,KALLANG/WHAMPOA,4 ROOM,historical_mature,90,95,207,94.58333333333333,9440.860215053763,8655.913978494624,9892.47311827957
2022,KALLANG/WHAMPOA,4 ROOM,historical_mature,95,100,11,95.0,9118.279569892473,8967.741935483871,9247.31182795699
2022,KALLANG/WHAMPOA,5 ROOM,historical_mature,50,55,18,52.458333333333336,5402.032607914961,5064.102564102564,5701.754385964912
2022,KALLANG/WHAMPOA,5 ROOM,historical_mature,55,60,10,58.541666666666664,7003.23196125908,6631.1186440677975,7253.98811385674
2022,KALLANG/WHAMPOA,5 ROOM,historical_mature,60,65,21,61.833333333333336,6057.142857142857,5847.457627118644,6296.2962962962965
2022,KALLANG/WHAMPOA,5 ROOM,historical_mature,65,70,1,66.08333333333333,5887.096774193548,5887.096774193548,5887.096774193548
2022,KALLANG/WHAMPOA,5 ROOM,historical_mature,70,75,12,73.70833333333333,6370.022055137844,6062.5952501905,6689.516129032258
2022,KALLANG/WHAMPOA,5 ROOM,historical_mature,75,80,15,76.08333333333333,6916.666666666667,6735.119047619048,7155.737704918032
2022,KALLANG/WHAMPOA,5 ROOM,historical_mature,80,85,30,82.875,7725.604670558799,7037.121212121212,8327.272727272728
2022,KALLANG/WHAMPOA,5 ROOM,historical_mature,85,90,16,87.83333333333334,9949.27709880981,8779.11309572136,10536.08547008547
2022,KALLANG/WHAMPOA,5 ROOM,historical_mature,90,95,4,94.33333333333334,10193.96551724138,9701.193927372598,10603.448275862069
2022,KALLANG/WHAMPOA,EXECUTIVE,historical_mature,60,65,8,61.20833333333333,6154.634500272085,5798.413709677418,6465.686274509804
2022,KALLANG/WHAMPOA,EXECUTIVE,historical_mature,70,75,8,71.33333333333333,6802.208554654739,6488.095238095238,7013.374676045909
2022,MARINE PARADE,3 ROOM,historical_mature,50,55,91,51.833333333333336,6052.631578947368,5723.684210526316,6461.538461538462
2022,MARINE PARADE,4 ROOM,historical_mature,50,55,44,52.333333333333336,6341.463414634147,5850.014017381553,6676.136363636364
2022,MARINE PARADE,5 ROOM,historical_mature,50,55,59,52.0,7066.666666666667,6544.270833333334,7510.683760683761
2022,PASIR RIS,2 ROOM,historical_mature,70,75,1,71.16666666666667,4909.090909090909,4909.090909090909,4909.090909090909
2022,PASIR RIS,2 ROOM,historical_mature,90,95,5,92.16666666666667,7234.04255319149,6914.893617021276,7234.04255319149
2022,PASIR RIS,3 ROOM,historical_mature,55,60,2,57.375,4985.895635459068,4956.45539348711,5015.335877431027
2022,PASIR RIS,3 ROOM,historical_mature,90,95,19,92.25,7384.615384615385,6764.705882352941,8084.615384615385
2022,PASIR RIS,4 ROOM,historical_mature,65,70,113,66.5,4761.9047619047615,4590.909090909091,4905.66037735849
2022,PASIR RIS,4 ROOM,historical_mature,70,75,144,72.125,4734.316654219567,4573.4857142857145,4952.4932614555255
2022,PASIR RIS,4 ROOM,historical_mature,90,95,53,92.08333333333333,6688.1720430107525,6322.580645161291,7674.418604651163
2022,PASIR RIS,5 ROOM,historical_mature,65,70,71,69.41666666666667,4959.349593495935,4733.606557377048,5121.951219512195
2022,PASIR RIS,5 ROOM,historical_mature,70,75,179,71.66666666666667,4880.952380952381,4635.347705539523,5040.817006530721
2022,PASIR RIS,5 ROOM,historical_mature,90,95,13,92.16666666666667,6725.66371681416,6460.1769911504425,7079.646017699115
2022,PASIR RIS,EXECUTIVE,historical_mature,60,65,1,64.83333333333333,5563.006711409396,5563.006711409396,5563.006711409396
2022,PASIR RIS,EXECUTIVE,historical_mature,65,70,69,69.41666666666667,5422.818791946309,5154.362416107382,5684.931506849315
2022,PASIR RIS,EXECUTIVE,historical_mature,70,75,148,71.375,5067.816091954023,4761.497064579256,5545.265545265545
2022,PUNGGOL,2 ROOM,historical_non_mature,85,90,1,88.83333333333333,6600.0,6600.0,6600.0
2022,PUNGGOL,2 ROOM,historical_non_mature,90,95,28,91.91666666666667,6698.889916743756,6445.652173913044,6815.217391304348
2022,PUNGGOL,2 ROOM,historical_non_mature,95,100,11,95.08333333333333,7255.31914893617,6864.36170212766,7553.191489361702
2022,PUNGGOL,3 ROOM,historical_non_mature,85,90,16,89.25,6557.773109243697,6363.970588235294,6748.12712215321
2022,PUNGGOL,3 ROOM,historical_non_mature,90,95,159,93.0,6367.64705882353,6121.239954075774,6644.424934152766
2022,PUNGGOL,3 ROOM,historical_non_mature,95,100,32,95.08333333333333,6602.941176470588,6261.029411764706,6764.705882352941
2022,PUNGGOL,4 ROOM,historical_non_mature,75,80,17,79.75,5333.333333333333,5066.666666666667,5388.888888888889
2022,PUNGGOL,4 ROOM,historical_non_mature,80,85,130,81.20833333333334,5327.8786430960345,5000.0,5552.777777777778
2022,PUNGGOL,4 ROOM,historical_non_mature,85,90,225,89.33333333333333,5978.260869565217,5670.103092783505,6344.086021505376
2022,PUNGGOL,4 ROOM,historical_non_mature,90,95,621,92.91666666666667,6063.311827956989,5722.222222222223,6397.8494623655915
2022,PUNGGOL,4 ROOM,historical_non_mature,95,100,55,95.08333333333333,6075.268817204301,5860.215053763441,6344.086021505376
2022,PUNGGOL,5 ROOM,historical_non_mature,75,80,82,79.66666666666667,5000.0,4738.636363636363,5127.018181818182
2022,PUNGGOL,5 ROOM,historical_non_mature,80,85,251,80.66666666666667,4863.636363636364,4647.288676236045,5072.727272727273
2022,PUNGGOL,5 ROOM,historical_non_mature,85,90,28,89.58333333333333,6572.310344827586,6374.446902654867,6749.068322981366
2022,PUNGGOL,5 ROOM,historical_non_mature,90,95,291,93.25,6283.185840707964,5964.598997493735,6614.819259037048
2022,PUNGGOL,5 ROOM,historical_non_mature,95,100,28,95.08333333333333,6212.389380530973,5981.938596491229,6504.424778761062
2022,PUNGGOL,EXECUTIVE,historical_non_mature,75,80,5,79.91666666666667,5154.170542635659,5000.0,5292.307692307692
2022,PUNGGOL,EXECUTIVE,historical_non_mature,80,85,25,80.58333333333333,5115.384615384615,5045.292307692308,5312.5
2022,QUEENSTOWN,2 ROOM,historical_mature,40,45,8,43.83333333333333,5456.97463768116,5206.521739130435,5679.347826086956
2022,QUEENSTOWN,2 ROOM,historical_mature,45,50,1,45.333333333333336,5319.148936170212,5319.148936170212,5319.148936170212
2022,QUEENSTOWN,2 ROOM,historical_mature,50,55,1,53.5,6000.0,6000.0,6000.0
2022,QUEENSTOWN,2 ROOM,historical_mature,85,90,1,89.41666666666667,9148.936170212766,9148.936170212766,9148.936170212766
2022,QUEENSTOWN,2 ROOM,historical_mature,90,95,4,91.58333333333334,8085.106382978724,7686.170212765957,8500.0
2022,QUEENSTOWN,3 ROOM,historical_mature,40,45,29,43.666666666666664,5144.927536231884,4916.666666666667,5431.0344827586205
2022,QUEENSTOWN,3 ROOM,historical_mature,45,50,94,47.0,5133.333333333333,4848.484848484848,5500.0
2022,QUEENSTOWN,3 ROOM,historical_mature,50,55,111,51.916666666666664,5932.203389830508,5543.203371970495,6384.615384615385
2022,QUEENSTOWN,3 ROOM,historical_mature,55,60,3,56.166666666666664,5426.829268292683,5336.491557223264,5474.608663997087
2022,QUEENSTOWN,3 ROOM,historical_mature,80,85,1,84.83333333333333,10166.666666666666,10166.666666666666,10166.666666666666
2022,QUEENSTOWN,3 ROOM,historical_mature,85,90,27,88.83333333333333,9074.626865671642,8442.028985507248,9759.452736318408
2022,QUEENSTOWN,3 ROOM,historical_mature,90,95,54,93.33333333333333,10000.0,9239.90342405619,10442.307692307691
2022,QUEENSTOWN,3 ROOM,historical_mature,95,100,9,95.08333333333333,9529.411764705883,9411.764705882353,10000.0
2022,QUEENSTOWN,4 ROOM,historical_mature,45,50,7,47.0,5882.35294117647,5529.411764705882,6902.387640449439
2022,QUEENSTOWN,4 ROOM,historical_mature,50,55,25,51.5,6012.195121951219,5738.636363636364,6590.909090909091
2022,QUEENSTOWN,4 ROOM,historical_mature,55,60,1,56.416666666666664,5510.63829787234,5510.63829787234,5510.63829787234
2022,QUEENSTOWN,4 ROOM,historical_mature,70,75,11,73.16666666666667,7266.05504587156,6611.238532110092,7920.915666901906
2022,QUEENSTOWN,4 ROOM,historical_mature,75,80,22,77.70833333333333,7610.526315789473,7457.438733463457,8539.52205882353
2022,QUEENSTOWN,4 ROOM,historical_mature,80,85,33,83.16666666666667,8333.333333333334,7563.218390804598,9177.777777777777
2022,QUEENSTOWN,4 ROOM,historical_mature,85,90,59,88.75,8747.368421052632,8372.821653689283,9423.273657289003
2022,QUEENSTOWN,4 ROOM,historical_mature,90,95,131,93.33333333333333,10125.149425287356,9603.597041685342,10517.656834233485
2022,QUEENSTOWN,4 ROOM,historical_mature,95,100,9,95.0,10215.053763440861,10129.032258064517,10322.58064516129
2022,QUEENSTOWN,5 ROOM,historical_mature,50,55,28,53.45833333333333,6645.333333333334,6383.931351001939,7265.94483947425
2022,QUEENSTOWN,5 ROOM,historical_mature,70,75,18,73.41666666666667,7363.451338349574,7124.96062992126,7844.615384615385
2022,QUEENSTOWN,5 ROOM,historical_mature,75,80,14,78.83333333333333,8104.036363636364,7965.909090909091,8560.604545454546
2022,QUEENSTOWN,5 ROOM,historical_mature,80,85,17,80.66666666666667,7901.785714285715,7589.285714285715,8545.454545454546
2022,QUEENSTOWN,5 ROOM,historical_mature,85,90,11,88.41666666666667,8590.90909090909,7871.794871794871,9384.459984459985
2022,QUEENSTOWN,5 ROOM,historical_mature,90,95,18,93.16666666666667,10201.975620008407,9686.868686868687,11087.962962962964
2022,QUEENSTOWN,EXECUTIVE,historical_mature,70,75,7,72.33333333333333,7793.103448275862,7556.338028169013,8020.015698587127
2022,SEMBAWANG,2 ROOM,historical_non_mature,85,90,3,87.83333333333333,6500.0,6437.5,6812.5
2022,SEMBAWANG,2 ROOM,historical_non_mature,90,95,29,94.66666666666667,6739.130434782609,6382.978723404255,7191.489361702128
2022,SEMBAWANG,2 ROOM,historical_non_mature,95,100,14,95.25,7276.595744680851,7090.425531914894,7574.468085106383
2022,SEMBAWANG,3 ROOM,historical_non_mature,90,95,36,94.66666666666667,6139.7058823529405,5727.941176470587,6415.441176470588
2022,SEMBAWANG,3 ROOM,historical_non_mature,95,100,26,95.16666666666667,6470.588235294118,6257.35294117647,6617.64705882353
2022,SEMBAWANG,4 ROOM,historical_non_mature,75,80,128,77.75,4851.485148514851,4648.187245195108,5063.397754611067
2022,SEMBAWANG,4 ROOM,historical_non_mature,80,85,42,81.29166666666666,5154.933333333333,4923.529411764706,5333.333333333333
2022,SEMBAWANG,4 ROOM,historical_non_mature,85,90,18,87.16666666666666,4937.2783687943265,4712.433510638298,5053.191489361702
2022,SEMBAWANG,4 ROOM,historical_non_mature,90,95,123,94.58333333333333,5967.741935483871,5682.795698924731,6290.322580645161
2022,SEMBAWANG,4 ROOM,historical_non_mature,95,100,47,95.16666666666667,6129.032258064516,5967.741935483871,6401.010752688172
2022,SEMBAWANG,5 ROOM,historical_non_mature,70,75,1,74.91666666666667,4727.272727272727,4727.272727272727,4727.272727272727
2022,SEMBAWANG,5 ROOM,historical_non_mature,75,80,144,77.95833333333334,4711.227756682301,4450.0,4910.227272727273
2022,SEMBAWANG,5 ROOM,historical_non_mature,80,85,21,80.91666666666667,4590.909090909091,4324.324324324324,4890.909090909091
2022,SEMBAWANG,5 ROOM,historical_non_mature,90,95,53,94.58333333333333,6194.690265486725,6088.495575221239,6327.433628318584
2022,SEMBAWANG,5 ROOM,historical_non_mature,95,100,36,95.125,6070.300884955752,5924.778761061947,6240.902654867257
2022,SEMBAWANG,EXECUTIVE,historical_non_mature,75,80,69,78.0,4656.488549618321,4468.369230769231,4807.692307692308
2022,SENGKANG,2 ROOM,historical_non_mature,80,85,4,84.08333333333334,6818.181818181818,6780.303030303031,6846.59090909091
2022,SENGKANG,2 ROOM,historical_non_mature,85,90,11,89.25,6700.0,6382.978723404255,6854.255319148936
2022,SENGKANG,2 ROOM,historical_non_mature,90,95,30,91.91666666666667,6702.127659574468,6521.276595744681,7103.145235892693
2022,SENGKANG,2 ROOM,historical_non_mature,95,100,8,95.125,7407.894736842105,7186.170212765958,7993.421052631579
2022,SENGKANG,3 ROOM,historical_non_mature,80,85,4,84.0,4989.663198247536,4912.205640744797,5253.0120481927715
2022,SENGKANG,3 ROOM,historical_non_mature,85,90,30,88.875,6286.764705882353,5949.275362318841,6492.64705882353
2022,SENGKANG,3 ROOM,historical_non_mature,90,95,130,92.83333333333333,6367.64705882353,6044.776119402985,6567.164179104478
2022,SENGKANG,3 ROOM,historical_non_mature,95,100,14,95.16666666666667,6360.2941176470595,6194.85294117647,6591.911764705883
2022,SENGKANG,4 ROOM,historical_non_mature,75,80,236,77.75,5016.666666666666,4784.869976359338,5256.372549019608
2022,SENGKANG,4 ROOM,historical_non_mature,80,85,133,81.66666666666667,5263.1578947368425,4967.0329670329675,5882.35294117647
2022,SENGKANG,4 ROOM,historical_non_mature,85,90,193,88.41666666666667,5773.19587628866,5473.684210526316,6451.612903225807
2022,SENGKANG,4 ROOM,historical_non_mature,90,95,548,93.33333333333333,5860.215053763441,5569.89247311828,6182.795698924731
2022,SENGKANG,4 ROOM,historical_non_mature,95,100,23,95.0,5913.978494623656,5755.376344086021,6048.387096774193
2022,SENGKANG,5 ROOM,historical_non_mature,75,80,404,77.75,4822.116767328156,4578.781818181818,5090.909090909091
2022,SENGKANG,5 ROOM,historical_non_mature,80,85,88,80.875,4954.954954954955,4681.088407005838,5146.915584415584
2022,SENGKANG,5 ROOM,historical_non_mature,85,90,5,89.75,5756.521739130435,5627.327433628318,5830.5084745762715
2022,SENGKANG,5 ROOM,historical_non_mature,90,95,305,93.5,6088.495575221239,5750.0,6424.778761061947
2022,SENGKANG,5 ROOM,historical_non_mature,95,100,5,95.0,6176.991150442478,5833.333333333333,6194.690265486725
2022,SENGKANG,EXECUTIVE,historical_non_mature,75,80,123,77.41666666666667,5264.0,5009.722222222223,5529.2307692307695
2022,SENGKANG,EXECUTIVE,historical_non_mature,80,85,5,80.25,5280.0,5040.0,5360.0
2022,SERANGOON,2 ROOM,historical_mature,50,55,2,54.666666666666664,6113.636363636364,6045.454545454545,6181.818181818182
2022,SERANGOON,2 ROOM,historical_mature,55,60,2,55.25,5795.454545454546,5738.636363636363,5852.272727272728
2022,SERANGOON,3 ROOM,historical_mature,50,55,7,54.666666666666664,5781.25,5443.493150684932,5976.5625
2022,SERANGOON,3 ROOM,historical_mature,55,60,10,55.25,5380.244006849315,5319.9914383561645,5878.90625
2022,SERANGOON,3 ROOM,historical_mature,60,65,73,61.75,5687.5,5362.31884057971,6234.375
2022,SERANGOON,3 ROOM,historical_mature,65,70,2,65.5,6171.0,6116.75,6225.25
2022,SERANGOON,4 ROOM,historical_mature,50,55,2,54.5,5234.693877551021,5168.367346938776,5301.0204081632655
2022,SERANGOON,4 ROOM,historical_mature,55,60,2,55.33333333333333,5234.693877551021,5168.367346938776,5301.0204081632655
2022,SERANGOON,4 ROOM,historical_mature,60,65,124,62.25,5733.300407457711,5188.797744168162,6345.467032967033
2022,SERANGOON,4 ROOM,historical_mature,65,70,56,66.08333333333333,6121.315490247529,4813.57356235997,6667.553191489362
2022,SERANGOON,4 ROOM,historical_mature,70,75,14,74.25,4850.0,4755.0,5061.1531741409435
2022,SERANGOON,4 ROOM,historical_mature,75,80,1,75.75,8080.80808080808,8080.80808080808,8080.80808080808
2022,SERANGOON,5 ROOM,historical_mature,60,65,25,62.333333333333336,5520.661157024793,5000.0,6131.147540983607
2022,SERANGOON,5 ROOM,historical_mature,65,70,26,69.0,5537.879868852459,5200.403225806452,6301.899087693167
2022,SERANGOON,5 ROOM,historical_mature,70,75,14,74.33333333333333,5616.640044447531,5415.48024168345,5772.0848670046535
2022,SERANGOON,5 ROOM,historical_mature,75,80,10,75.70833333333334,6739.130434782608,6152.173913043478,7069.565217391304
2022,SERANGOON,EXECUTIVE,historical_mature,60,65,20,62.416666666666664,6546.75799086758,6018.835616438355,6991.438356164384
2022,SERANGOON,EXECUTIVE,historical_mature,65,70,32,69.33333333333333,5689.136054421769,5460.987079395517,6129.251700680272
2022,SERANGOON,EXECUTIVE,historical_mature,70,75,2,74.66666666666666,7746.428571428572,7687.5,7805.357142857143
2022,SERANGOON,EXECUTIVE,historical_mature,75,80,4,75.33333333333333,7546.428571428572,7294.642857142857,7748.214285714285
2022,TAMPINES,2 ROOM,historical_mature,85,90,1,88.75,7066.666666666667,7066.666666666667,7066.666666666667
2022,TAMPINES,2 ROOM,historical_mature,90,95,11,91.08333333333333,7108.695652173913,6936.170212765957,7228.260869565218
2022,TAMPINES,3 ROOM,historical_mature,55,60,12,59.04166666666667,5129.957805907173,5050.0,5256.666666666667
2022,TAMPINES,3 ROOM,historical_mature,60,65,293,61.75,5405.405405405405,5205.479452054795,5729.72972972973
2022,TAMPINES,3 ROOM,historical_mature,65,70,12,65.20833333333334,5168.918918918918,4993.243243243243,5229.729729729729
2022,TAMPINES,3 ROOM,historical_mature,70,75,2,70.58333333333333,5290.54054054054,5266.891891891892,5314.189189189189
2022,TAMPINES,3 ROOM,historical_mature,85,90,1,89.25,6246.153846153846,6246.153846153846,6246.153846153846
2022,TAMPINES,3 ROOM,historical_mature,90,95,63,92.25,6911.764705882353,6617.348042396712,7380.242266926238
2022,TAMPINES,3 ROOM,historical_mature,95,100,2,95.08333333333334,6753.731343283582,6660.447761194029,6847.014925373135
2022,TAMPINES,4 ROOM,historical_mature,55,60,4,58.75,4980.7692307692305,4843.839031339032,5126.190476190476
2022,TAMPINES,4 ROOM,historical_mature,60,65,286,61.583333333333336,5144.930918595967,4889.492753623188,5435.842979835698
2022,TAMPINES,4 ROOM,historical_mature,65,70,101,65.5,5056.615384615385,4759.615384615385,5240.384615384615
2022,TAMPINES,4 ROOM,historical_mature,70,75,160,73.5,5000.0,4712.9694939164165,5200.0
2022,TAMPINES,4 ROOM,historical_mature,85,90,8,87.45833333333334,7920.212765957447,7685.276595744681,8010.340425531916
2022,TAMPINES,4 ROOM,historical_mature,90,95,99,92.41666666666667,6861.702127659574,6451.612903225807,7400.153609831029
2022,TAMPINES,5 ROOM,historical_mature,55,60,2,58.91666666666667,4962.4060150375935,4962.4060150375935,4962.4060150375935
2022,TAMPINES,5 ROOM,historical_mature,60,65,111,62.25,4958.677685950413,4733.8056680161935,5167.333066773291
2022,TAMPINES,5 ROOM,historical_mature,65,70,89,65.66666666666667,4983.606557377049,4795.081967213115,5204.918032786885
2022,TAMPINES,5 ROOM,historical_mature,70,75,176,72.66666666666667,5084.033613445378,4837.365591397849,5380.01680672269
2022,TAMPINES,5 ROOM,historical_mature,85,90,31,85.66666666666667,7798.165137614679,7456.499575191164,7990.740740740741
2022,TAMPINES,5 ROOM,historical_mature,90,95,34,93.29166666666666,6916.239714330073,6626.397298556125,7269.523365936967
2022,TAMPINES,EXECUTIVE,historical_mature,60,65,70,62.5,5920.075245996528,5467.558311736394,6195.0
2022,TAMPINES,EXECUTIVE,historical_mature,65,70,51,65.58333333333333,5671.232876712329,5479.45205479452,5885.3463245224775
2022,TAMPINES,EXECUTIVE,historical_mature,70,75,81,72.58333333333333,5579.710144927536,5145.985401459854,5930.06993006993
2022,TAMPINES,MULTI-GENERATION,historical_mature,60,65,4,64.45833333333334,5556.39393939394,5162.835706462212,6062.196969696969
2022,TOA PAYOH,2 ROOM,historical_mature,40,45,12,44.20833333333333,6071.428571428571,5740.31007751938,6447.727272727273
2022,TOA PAYOH,2 ROOM,historical_mature,45,50,6,45.375,6220.394736842105,6031.25,6453.9473684210525
2022,TOA PAYOH,2 ROOM,historical_mature,55,60,3,59.583333333333336,6250.0,6025.0,6322.674418604651
2022,TOA PAYOH,2 ROOM,historical_mature,60,65,2,60.20833333333333,5823.2558139534885,5711.627906976744,5934.883720930233
2022,TOA PAYOH,3 ROOM,historical_mature,40,45,32,44.083333333333336,4837.6,4642.948717948718,5238.866396761134
2022,TOA PAYOH,3 ROOM,historical_mature,45,50,226,47.0,4924.807779285391,4702.5899912203695,5186.538461538462
2022,TOA PAYOH,3 ROOM,historical_mature,50,55,38,52.70833333333333,4876.923076923077,4545.454545454545,5076.923076923077
2022,TOA PAYOH,3 ROOM,historical_mature,55,60,9,58.75,5353.846153846154,5206.349206349207,5661.538461538462
2022,TOA PAYOH,3 ROOM,historical_mature,60,65,39,61.333333333333336,5918.918918918919,5555.820895522388,6297.2972972972975
2022,TOA PAYOH,3 ROOM,historical_mature,75,80,1,75.08333333333333,7500.0,7500.0,7500.0
2022,TOA PAYOH,3 ROOM,historical_mature,85,90,5,89.08333333333333,9214.285714285714,8964.285714285714,9285.714285714286
2022,TOA PAYOH,3 ROOM,historical_mature,90,95,14,94.375,8675.64705882353,8272.058823529413,10213.235294117647
2022,TOA PAYOH,3 ROOM,historical_mature,95,100,21,95.08333333333333,10441.176470588236,10000.0,10764.70588235294
2022,TOA PAYOH,4 ROOM,historical_mature,45,50,5,49.833333333333336,5159.632183908046,4942.528735632184,5747.126436781609
2022,TOA PAYOH,4 ROOM,historical_mature,50,55,41,51.5,5243.90243902439,4878.048780487805,5654.761904761905
2022,TOA PAYOH,4 ROOM,historical_mature,55,60,1,55.083333333333336,4731.707317073171,4731.707317073171,4731.707317073171
2022,TOA PAYOH,4 ROOM,historical_mature,60,65,41,61.083333333333336,5270.757281553398,4979.166666666667,5961.538461538462
2022,TOA PAYOH,4 ROOM,historical_mature,65,70,12,65.625,5495.1923076923085,5144.2307692307695,5637.0192307692305
2022,TOA PAYOH,4 ROOM,historical_mature,70,75,27,74.16666666666667,6696.078431372549,6383.012164073551,7087.686274509804
2022,TOA PAYOH,4 ROOM,historical_mature,75,80,32,76.625,7462.871287128713,6773.3806513181435,8000.0
2022,TOA PAYOH,4 ROOM,historical_mature,80,85,13,82.66666666666667,9434.782608695652,8791.208791208792,9670.329670329671
2022,TOA PAYOH,4 ROOM,historical_mature,85,90,45,86.0,9560.439560439561,9010.989010989011,10087.912087912087
2022,TOA PAYOH,4 ROOM,historical_mature,90,95,32,94.83333333333333,10134.408602150539,8502.68817204301,10295.698924731183
2022,TOA PAYOH,4 ROOM,historical_mature,95,100,31,95.16666666666667,9892.47311827957,9629.032258064515,10483.870967741936
2022,TOA PAYOH,5 ROOM,historical_mature,45,50,3,49.25,5038.461538461538,4898.018648018648,5313.348416289593
2022,TOA PAYOH,5 ROOM,historical_mature,50,55,15,52.916666666666664,5193.27731092437,4880.341880341881,5362.7692307692305
2022,TOA PAYOH,5 ROOM,historical_mature,55,60,2,59.916666666666664,5203.252032520325,5203.252032520325,5203.252032520325
2022,TOA PAYOH,5 ROOM,historical_mature,60,65,18,61.08333333333333,5432.760229241637,5239.204545454545,5891.666666666667
2022,TOA PAYOH,5 ROOM,historical_mature,65,70,18,65.875,5775.374483471074,5576.666666666667,5964.83942414175
2022,TOA PAYOH,5 ROOM,historical_mature,70,75,22,73.75,7171.288515406162,6825.1480920236945,7500.0
2022,TOA PAYOH,5 ROOM,historical_mature,75,80,28,76.45833333333333,7575.0,7145.3595980962455,8158.469945355192
2022,TOA PAYOH,5 ROOM,historical_mature,80,85,2,82.5,9545.454545454544,9318.181818181818,9772.727272727272
2022,TOA PAYOH,5 ROOM,historical_mature,85,90,28,88.83333333333333,10308.181959323087,9159.090909090908,10940.17094017094
2022,TOA PAYOH,EXECUTIVE,historical_mature,60,65,14,61.25,6416.24330944389,6141.304347826088,6770.723985365438
2022,TOA PAYOH,EXECUTIVE,historical_mature,65,70,6,67.70833333333334,5863.759202311061,5426.742614854162,6586.301369863014
2022,TOA PAYOH,EXECUTIVE,historical_mature,70,75,2,70.16666666666666,6476.104905293832,6369.086935405537,6583.122875182127
2022,WOODLANDS,2 ROOM,historical_non_mature,60,65,4,61.04166666666667,5722.222222222223,5527.777777777778,5888.888888888889
2022,WOODLANDS,2 ROOM,historical_non_mature,90,95,23,92.41666666666667,6595.744680851064,6361.702127659574,6787.234042553191
2022,WOODLANDS,2 ROOM,historical_non_mature,95,100,1,95.16666666666667,6382.978723404255,6382.978723404255,6382.978723404255
2022,WOODLANDS,3 ROOM,historical_non_mature,50,55,52,52.833333333333336,4439.265212399541,4266.604127579737,4615.384615384615
2022,WOODLANDS,3 ROOM,historical_non_mature,55,60,20,57.75,4469.39586645469,4224.264705882352,4636.029411764705
2022,WOODLANDS,3 ROOM,historical_non_mature,60,65,53,61.583333333333336,4927.536231884058,4692.307692307692,5166.666666666667
2022,WOODLANDS,3 ROOM,historical_non_mature,65,70,10,68.5,5000.0,4910.95890410959,5140.410958904109
2022,WOODLANDS,3 ROOM,historical_non_mature,70,75,8,71.08333333333334,4725.322320709105,4623.287671232877,4809.658526900933
2022,WOODLANDS,3 ROOM,historical_non_mature,85,90,2,89.625,6297.671641791045,6290.626865671642,6304.7164179104475
2022,WOODLANDS,3 ROOM,historical_non_mature,90,95,90,94.58333333333333,6125.877963125548,5923.560016817322,6380.048287971906
2022,WOODLANDS,3 ROOM,historical_non_mature,95,100,8,95.0,6029.411764705882,5882.35294117647,6194.85294117647
2022,WOODLANDS,4 ROOM,historical_non_mature,50,55,24,54.0,3960.8585858585857,3841.2480376766093,4250.7763975155285
2022,WOODLANDS,4 ROOM,historical_non_mature,55,60,10,57.375,3889.324960753532,3846.9809760132343,4047.926617455493
2022,WOODLANDS,4 ROOM,historical_non_mature,60,65,46,62.5,4673.31781398958,4545.722135007849,4813.866433475839
2022,WOODLANDS,4 ROOM,historical_non_mature,65,70,21,66.16666666666667,4757.281553398058,4466.019417475728,5000.0
2022,WOODLANDS,4 ROOM,historical_non_mature,70,75,299,74.0,4571.428571428572,4390.253188654102,4792.059748427673
2022,WOODLANDS,4 ROOM,historical_non_mature,75,80,160,76.41666666666667,4611.650485436893,4420.938375350141,4768.081395348838
2022,WOODLANDS,4 ROOM,historical_non_mature,80,85,19,80.66666666666667,5000.0,4850.0,5055.555555555556
2022,WOODLANDS,4 ROOM,historical_non_mature,85,90,4,89.66666666666667,5618.279569892473,5467.440860215054,5801.358234295416
2022,WOODLANDS,4 ROOM,historical_non_mature,90,95,220,94.58333333333333,5752.688172043011,5518.717391304348,5924.218993135011
2022,WOODLANDS,4 ROOM,historical_non_mature,95,100,31,95.0,5763.440860215053,5553.763440860215,6032.608695652174
2022,WOODLANDS,5 ROOM,historical_non_mature,50,55,13,53.083333333333336,3699.1869918699185,3455.2845528455287,3885.3503184713377
2022,WOODLANDS,5 ROOM,historical_non_mature,55,60,5,55.333333333333336,3966.101694915254,3760.3305785123966,4072.5806451612902
2022,WOODLANDS,5 ROOM,historical_non_mature,60,65,19,62.333333333333336,4008.2644628099174,3780.99173553719,4260.330578512397
2022,WOODLANDS,5 ROOM,historical_non_mature,65,70,15,66.08333333333333,4303.2786885245905,4244.162940884253,4460.416474732421
2022,WOODLANDS,5 ROOM,historical_non_mature,70,75,215,73.75,4533.8983050847455,4351.2673362027745,4710.743801652892
2022,WOODLANDS,5 ROOM,historical_non_mature,75,80,167,76.91666666666667,4639.639639639639,4484.930685150626,4818.243243243243
2022,WOODLANDS,5 ROOM,historical_non_mature,80,85,30,80.66666666666667,4681.818181818182,4531.818181818181,4806.818181818182
2022,WOODLANDS,5 ROOM,historical_non_mature,90,95,91,94.66666666666667,5707.9646017699115,5407.079646017699,5973.451327433629
2022,WOODLANDS,5 ROOM,historical_non_mature,95,100,13,95.0,5575.221238938053,5442.477876106194,5725.66371681416
2022,WOODLANDS,EXECUTIVE,historical_non_mature,60,65,2,64.08333333333334,4677.225056689343,4498.476473922903,4855.973639455782
2022,WOODLANDS,EXECUTIVE,historical_non_mature,65,70,6,66.16666666666666,4794.520547945205,4650.616891953189,4879.611732078326
2022,WOODLANDS,EXECUTIVE,historical_non_mature,70,75,141,72.08333333333333,5006.124137931034,4761.9047619047615,5277.777777777777
2022,WOODLANDS,EXECUTIVE,historical_non_mature,75,80,48,76.375,4982.269503546099,4751.543622848201,5085.106382978724
2022,YISHUN,2 ROOM,historical_non_mature,75,80,2,77.5,6500.0,6375.0,6625.0
2022,YISHUN,2 ROOM,historical_non_mature,85,90,4,89.25,6063.829787234043,5904.255319148936,6255.319148936171
2022,YISHUN,2 ROOM,historical_non_mature,90,95,29,92.75,6382.978723404255,6041.666666666667,6702.127659574468
2022,YISHUN,2 ROOM,historical_non_mature,95,100,13,95.0,6808.510638297872,6702.127659574468,7127.659574468085
2022,YISHUN,3 ROOM,historical_non_mature,50,55,5,54.75,4955.223880597015,4925.373134328358,4970.588235294118
2022,YISHUN,3 ROOM,historical_non_mature,55,60,25,59.416666666666664,4864.864864864865,4635.135135135135,5186.567164179104
2022,YISHUN,3 ROOM,historical_non_mature,60,65,310,62.125,5175.316375198729,4955.223880597015,5373.134328358209
2022,YISHUN,3 ROOM,historical_non_mature,65,70,48,65.58333333333333,4931.969640873751,4769.483524620511,5125.0
2022,YISHUN,3 ROOM,historical_non_mature,75,80,2,76.125,6166.666666666666,6083.333333333333,6250.0
2022,YISHUN,3 ROOM,historical_non_mature,85,90,9,89.83333333333333,6089.55223880597,5925.373134328358,7313.432835820896
2022,YISHUN,3 ROOM,historical_non_mature,90,95,107,94.0,6102.941176470588,5851.843722563652,6323.529411764706
2022,YISHUN,3 ROOM,historical_non_mature,95,100,31,95.16666666666667,6102.941176470588,5895.522388059701,6624.176470588236
2022,YISHUN,4 ROOM,historical_non_mature,55,60,4,58.833333333333336,4437.234042553191,4225.0,4574.468085106383
2022,YISHUN,4 ROOM,historical_non_mature,60,65,428,63.583333333333336,4730.976013234078,4523.809523809524,4946.236559139785
2022,YISHUN,4 ROOM,historical_non_mature,65,70,125,65.41666666666667,4380.952380952381,4212.962962962963,4619.047619047619
2022,YISHUN,4 ROOM,historical_non_mature,70,75,3,71.5,4381.028571428571,4176.625396825397,4389.588359788359
2022,YISHUN,4 ROOM,historical_non_mature,75,80,3,77.91666666666667,4835.1648351648355,4808.886765408504,4917.582417582418
2022,YISHUN,4 ROOM,historical_non_mature,85,90,46,89.16666666666667,5315.217391304348,5163.04347826087,5478.88260724975
2022,YISHUN,4 ROOM,historical_non_mature,90,95,279,92.75,5543.478260869565,5326.086956521739,5795.698924731183
2022,YISHUN,4 ROOM,historical_non_mature,95,100,54,95.08333333333333,5725.806451612903,5615.290322580646,5860.215053763441
2022,YISHUN,5 ROOM,historical_non_mature,60,65,121,63.5,4629.921259842519,4421.487603305785,4877.049180327869
2022,YISHUN,5 ROOM,historical_non_mature,65,70,43,65.41666666666667,4655.737704918033,4446.72131147541,4964.244223570415
2022,YISHUN,5 ROOM,historical_non_mature,70,75,3,70.16666666666667,4640.0,4515.121951219512,4759.024390243902
2022,YISHUN,5 ROOM,historical_non_mature,75,80,13,77.66666666666667,4971.963963963964,4727.272727272727,5250.0
2022,YISHUN,5 ROOM,historical_non_mature,90,95,149,92.91666666666667,5669.642857142857,5428.571428571428,5892.857142857143
2022,YISHUN,5 ROOM,historical_non_mature,95,100,35,95.08333333333333,5823.008849557522,5657.751264222503,6053.294879898862
2022,YISHUN,EXECUTIVE,historical_non_mature,60,65,43,64.58333333333333,5342.465753424657,5076.736279747451,5520.644414431796
2022,YISHUN,EXECUTIVE,historical_non_mature,65,70,48,65.41666666666667,5200.676578683595,4991.379310344828,5492.031030046166
2022,YISHUN,MULTI-GENERATION,historical_non_mature,60,65,7,64.33333333333333,5365.8536585365855,5220.391291336226,5792.326344316075
2022,YISHUN,MULTI-GENERATION,historical_non_mature,65,70,1,65.0,4786.585365853659,4786.585365853659,4786.585365853659
2023,ANG MO KIO,2 ROOM,historical_mature,50,55,16,53.79166666666667,6545.454545454545,6352.272727272728,6670.454545454546
2023,ANG MO KIO,2 ROOM,historical_mature,55,60,4,55.83333333333333,6500.0,6056.818181818182,7084.590909090909
2023,ANG MO KIO,2 ROOM,historical_mature,60,65,4,61.70833333333333,6666.666666666667,6610.0,6694.444444444444
2023,ANG MO KIO,3 ROOM,historical_mature,50,55,188,54.0,5449.9079942752,5186.333909719694,5674.955223880596
2023,ANG MO KIO,3 ROOM,historical_mature,55,60,296,56.166666666666664,5370.390693590869,5147.058823529412,5661.764705882353
2023,ANG MO KIO,3 ROOM,historical_mature,60,65,20,60.58333333333333,5748.134328358209,5460.866399708773,5833.333333333333
2023,ANG MO KIO,3 ROOM,historical_mature,85,90,8,88.375,8607.142857142857,8110.314285714286,9000.0
2023,ANG MO KIO,3 ROOM,historical_mature,90,95,25,94.16666666666667,9411.764705882353,8382.35294117647,10147.058823529413
2023,ANG MO KIO,3 ROOM,historical_mature,95,100,2,95.04166666666666,9411.764705882353,9117.64705882353,9705.882352941177
2023,ANG MO KIO,4 ROOM,historical_mature,50,55,89,54.0,5434.782608695652,5217.391304347826,5769.734939759036
2023,ANG MO KIO,4 ROOM,historical_mature,55,60,109,56.166666666666664,5271.739130434783,5064.0,5494.505494505494
2023,ANG MO KIO,4 ROOM,historical_mature,65,70,5,68.75,5754.7169811320755,5392.156862745098,5803.571428571428
2023,ANG MO KIO,4 ROOM,historical_mature,70,75,1,72.16666666666667,5277.777777777777,5277.777777777777,5277.777777777777
2023,ANG MO KIO,4 ROOM,historical_mature,75,80,24,78.20833333333334,8057.564912280702,7864.285714285714,8688.94993894994
2023,ANG MO KIO,4 ROOM,historical_mature,80,85,9,81.91666666666667,7894.736842105263,7705.263157894737,8063.1578947368425
2023,ANG MO KIO,4 ROOM,historical_mature,85,90,18,87.79166666666666,9325.618912529551,8750.0,9655.52503052503
2023,ANG MO KIO,4 ROOM,historical_mature,90,95,76,94.33333333333333,9929.81533426835,9245.266479663394,10228.494623655915
2023,ANG MO KIO,4 ROOM,historical_mature,95,100,13,95.16666666666667,10000.0,9784.946236559139,10161.290322580646
2023,ANG MO KIO,5 ROOM,historical_mature,50,55,31,54.25,5682.016260162602,5490.700523443591,5772.414839106374
2023,ANG MO KIO,5 ROOM,historical_mature,55,60,34,56.20833333333333,5745.37037037037,5556.72268907563,6258.945386064031
2023,ANG MO KIO,5 ROOM,historical_mature,60,65,1,60.416666666666664,6194.0298507462685,6194.0298507462685,6194.0298507462685
2023,ANG MO KIO,5 ROOM,historical_mature,65,70,2,68.875,6621.187057500165,6570.436048435122,6671.938066565208
2023,ANG MO KIO,5 ROOM,historical_mature,70,75,13,72.16666666666667,6189.78102189781,6072.463768115942,6360.294117647059
2023,ANG MO KIO,5 ROOM,historical_mature,75,80,14,78.54166666666666,7732.910728910729,7109.090909090909,8870.9391007371
2023,ANG MO KIO,5 ROOM,historical_mature,80,85,4,81.75,7772.727272727273,7602.272727272728,7847.727272727273
2023,ANG MO KIO,5 ROOM,historical_mature,85,90,10,86.79166666666666,8968.25,8551.778083028083,9283.804487179488
2023,ANG MO KIO,5 ROOM,historical_mature,90,95,15,93.66666666666667,9601.769911504425,8716.814159292036,9845.132743362832
2023,ANG MO KIO,EXECUTIVE,historical_mature,50,55,2,53.45833333333333,5764.090146430751,5424.658709579012,6103.52158328249
2023,ANG MO KIO,EXECUTIVE,historical_mature,55,60,5,55.416666666666664,6104.294478527608,6073.170731707317,6704.545454545455
2023,ANG MO KIO,EXECUTIVE,historical_mature,70,75,7,71.75,7051.282051282052,6731.696493982208,7443.605518269947
2023,BEDOK,2 ROOM,historical_mature,50,55,6,54.125,6366.666666666666,6259.722222222223,6444.444444444444
2023,BEDOK,2 ROOM,historical_mature,60,65,5,61.75,6577.777777777777,6555.555555555556,6577.777777777777
2023,BEDOK,2 ROOM,historical_mature,90,95,4,92.375,7553.191489361702,7526.595744680851,7606.382978723404
2023,BEDOK,3 ROOM,historical_mature,45,50,26,49.041666666666664,5153.846153846154,5049.230769230769,5530.7692307692305
2023,BEDOK,3 ROOM,historical_mature,50,55,240,53.666666666666664,5423.728813559322,5194.0298507462685,5671.641791044776
2023,BEDOK,3 ROOM,historical_mature,55,60,198,56.083333333333336,5367.64705882353,5147.058823529412,5588.235294117647
2023,BEDOK,3 ROOM,historical_mature,60,65,75,61.5,5671.641791044776,5373.134328358209,5890.618336886993
2023,BEDOK,3 ROOM,historical_mature,85,90,6,85.625,8667.341280972418,7855.072463768116,8978.598176718093
2023,BEDOK,3 ROOM,historical_mature,90,95,19,92.66666666666667,8188.235294117647,7985.733099209833,8668.239683933276
2023,BEDOK,3 ROOM,historical_mature,95,100,2,95.04166666666666,8161.764705882353,8125.0,8198.529411764706
2023,BEDOK,4 ROOM,historical_mature,50,55,130,53.833333333333336,5180.749128919861,5026.009316770187,5337.016244624941
2023,BEDOK,4 ROOM,historical_mature,55,60,81,56.083333333333336,5096.153846153846,4891.304347826087,5310.623655913979
2023,BEDOK,4 ROOM,historical_mature,60,65,78,62.29166666666667,5518.881118881119,5208.976833976833,5838.840800093579
2023,BEDOK,4 ROOM,historical_mature,65,70,5,68.41666666666667,6346.153846153846,6245.2830188679245,6538.461538461538
2023,BEDOK,4 ROOM,historical_mature,70,75,8,72.5,5944.35790931118,5800.639937106918,6353.008377760852
2023,BEDOK,4 ROOM,historical_mature,75,80,24,76.41666666666667,6166.666666666667,5962.171784601692,6467.289719626169
2023,BEDOK,4 ROOM,historical_mature,80,85,15,81.58333333333333,7391.304347826087,7266.304347826087,7814.0
2023,BEDOK,4 ROOM,historical_mature,85,90,7,86.08333333333333,8776.595744680852,8212.436937924984,8974.404550302168
2023,BEDOK,4 ROOM,historical_mature,90,95,102,94.375,8279.569892473119,7837.806451612903,8787.63440860215
2023,BEDOK,4 ROOM,historical_mature,95,100,1,95.0,8912.774193548386,8912.774193548386,8912.774193548386
2023,BEDOK,5 ROOM,historical_mature,50,55,55,53.75,5504.201680672269,5229.831144465291,5817.585570813691
2023,BEDOK,5 ROOM,historical_mature,55,60,56,57.25,4946.005509641873,4792.409743366681,5132.479338842975
2023,BEDOK,5 ROOM,historical_mature,60,65,26,61.625,5565.573770491803,5014.344262295082,5936.024203069657
2023,BEDOK,5 ROOM,historical_mature,65,70,17,68.75,5818.181818181818,5413.2231404958675,6111.111111111111
2023,BEDOK,5 ROOM,historical_mature,70,75,17,72.58333333333333,6097.5609756097565,5546.875,6391.104
2023,BEDOK,5 ROOM,historical_mature,75,80,21,76.58333333333333,6347.826086956522,5478.260869565217,6678.260869565217
2023,BEDOK,5 ROOM,historical_mature,80,85,1,81.5,7363.636363636364,7363.636363636364,7363.636363636364
2023,BEDOK,5 ROOM,historical_mature,85,90,4,86.0,8816.964285714286,8761.160714285714,8843.75
2023,BEDOK,5 ROOM,historical_mature,90,95,21,94.16666666666667,8142.857142857143,7964.601769911505,8429.20353982301
2023,BEDOK,EXECUTIVE,historical_mature,50,55,1,53.583333333333336,5335.365853658536,5335.365853658536,5335.365853658536
2023,BEDOK,EXECUTIVE,historical_mature,55,60,8,59.29166666666667,5934.358974358975,5858.108108108107,6142.824324324325
2023,BEDOK,EXECUTIVE,historical_mature,60,65,21,61.833333333333336,5860.1398601398605,5664.335664335665,6133.333333333333
2023,BEDOK,EXECUTIVE,historical_mature,65,70,19,68.75,6347.517730496454,6055.656672095029,6651.6278538812785
2023,BEDOK,EXECUTIVE,historical_mature,70,75,11,72.5,6643.356643356643,6205.286513602161,6765.650637694851
2023,BISHAN,3 ROOM,historical_mature,45,50,11,49.5,5107.692307692308,5000.0,5192.307692307692
2023,BISHAN,3 ROOM,historical_mature,55,60,1,59.916666666666664,7462.686567164179,7462.686567164179,7462.686567164179
2023,BISHAN,3 ROOM,historical_mature,60,65,31,62.333333333333336,7421.875,7148.4375,7634.328358208955
2023,BISHAN,4 ROOM,historical_mature,45,50,2,49.70833333333333,5198.863636363636,5014.204545454546,5383.522727272728
2023,BISHAN,4 ROOM,historical_mature,50,55,3,50.333333333333336,4886.363636363636,4857.954545454546,4936.863636363636
2023,BISHAN,4 ROOM,historical_mature,60,65,76,62.375,7202.380952380952,6621.415669451343,7495.481927710844
2023,BISHAN,4 ROOM,historical_mature,65,70,84,67.91666666666667,6941.747572815534,6553.143781784558,7163.858289768484
2023,BISHAN,4 ROOM,historical_mature,70,75,15,74.08333333333333,7588.88,7257.281553398058,7758.847441415591
2023,BISHAN,4 ROOM,historical_mature,85,90,13,87.0,10610.526315789473,10294.736842105263,11052.631578947368
2023,BISHAN,5 ROOM,historical_mature,60,65,60,63.0,7272.727272727273,6750.5758027367565,7448.741404327803
2023,BISHAN,5 ROOM,historical_mature,65,70,23,67.83333333333333,7293.233082706767,6921.3432835820895,7439.00826446281
2023,BISHAN,5 ROOM,historical_mature,70,75,14,73.79166666666666,7597.1056910569105,7458.677685950413,7791.675065510986
2023,BISHAN,5 ROOM,historical_mature,85,90,6,87.33333333333334,11270.833333333334,10864.583333333334,11645.833333333334
2023,BISHAN,EXECUTIVE,historical_mature,60,65,16,62.66666666666667,7666.666666666666,7122.023535901443,7962.328767123287
2023,BISHAN,EXECUTIVE,historical_mature,65,70,25,67.91666666666667,7046.979865771812,6712.328767123287,7482.993197278912
2023,BUKIT BATOK,2 ROOM,historical_non_mature,90,95,53,94.66666666666667,7617.021276595745,7234.04255319149,8026.315789473684
2023,BUKIT BATOK,2 ROOM,historical_non_mature,95,100,10,95.08333333333333,7372.340425531915,7260.638297872341,7954.367301231803
2023,BUKIT BATOK,3 ROOM,historical_non_mature,55,60,14,59.75,5276.42868654311,5205.479452054795,5430.197421434327
2023,BUKIT BATOK,3 ROOM,historical_non_mature,60,65,225,61.75,5367.64705882353,5188.405797101449,5573.808219178082
2023,BUKIT BATOK,3 ROOM,historical_non_mature,70,75,3,73.75,5447.761194029851,5402.985074626866,5500.0
2023,BUKIT BATOK,3 ROOM,historical_non_mature,90,95,98,94.66666666666667,6911.106233538192,6626.838235294117,7345.588235294118
2023,BUKIT BATOK,3 ROOM,historical_non_mature,95,100,24,95.0,6786.85294117647,6542.416593503072,6911.764705882353
2023,BUKIT BATOK,4 ROOM,historical_non_mature,55,60,9,59.416666666666664,4941.2307692307695,4814.446601941748,4951.923076923077
2023,BUKIT BATOK,4 ROOM,historical_non_mature,60,65,166,61.375,5000.0,4826.793419633225,5214.285714285715
2023,BUKIT BATOK,4 ROOM,historical_non_mature,65,70,1,65.16666666666667,5142.857142857143,5142.857142857143,5142.857142857143
2023,BUKIT BATOK,4 ROOM,historical_non_mature,70,75,34,73.66666666666667,5407.0,5285.941176470587,5757.281553398058
2023,BUKIT BATOK,4 ROOM,historical_non_mature,75,80,6,79.875,5898.526570048309,5761.763285024154,6474.81884057971
2023,BUKIT BATOK,4 ROOM,historical_non_mature,80,85,39,80.41666666666667,5697.674418604651,5521.739130434783,5879.227053140096
2023,BUKIT BATOK,4 ROOM,historical_non_mature,90,95,303,94.66666666666667,6847.826086956522,6467.391304347826,7365.591397849463
2023,BUKIT BATOK,4 ROOM,historical_non_mature,95,100,93,95.0,6752.688172043011,6467.391304347826,7075.268817204301
2023,BUKIT BATOK,5 ROOM,historical_non_mature,60,65,30,61.25,4877.049180327869,4757.881462799495,5189.910468319559
2023,BUKIT BATOK,5 ROOM,historical_non_mature,65,70,1,65.0,6363.636363636364,6363.636363636364,6363.636363636364
2023,BUKIT BATOK,5 ROOM,historical_non_mature,70,75,18,73.29166666666666,5542.959490583931,5338.876845955832,5752.982319468906
2023,BUKIT BATOK,5 ROOM,historical_non_mature,75,80,3,79.33333333333333,7522.123893805309,7192.880128720837,7624.698310539018
2023,BUKIT BATOK,5 ROOM,historical_non_mature,80,85,18,80.375,5796.610169491525,5610.169491525424,5965.211192336035
2023,BUKIT BATOK,5 ROOM,historical_non_mature,90,95,156,94.58333333333333,6915.813774528665,6651.785714285715,7391.592920353982
2023,BUKIT BATOK,5 ROOM,historical_non_mature,95,100,36,95.04166666666666,6791.979949874687,6563.1113181183055,7075.892857142857
2023,BUKIT BATOK,EXECUTIVE,historical_non_mature,60,65,53,61.416666666666664,5534.246575342466,5342.465753424657,5780.141843971631
2023,BUKIT BATOK,EXECUTIVE,historical_non_mature,65,70,5,68.91666666666667,5322.368421052632,5319.148936170212,5351.351351351352
2023,BUKIT BATOK,EXECUTIVE,historical_non_mature,70,75,12,73.625,6390.747261345852,5927.275709219858,6681.565656565657
2023,BUKIT MERAH,1 ROOM,historical_mature,50,55,6,50.70833333333333,7790.322580645161,7669.354838709678,8032.25806451613
2023,BUKIT MERAH,2 ROOM,historical_mature,40,45,6,42.916666666666664,6063.829787234043,5897.524967433782,6170.212765957447
2023,BUKIT MERAH,2 ROOM,historical_mature,45,50,9,47.333333333333336,6046.511627906977,5882.35294117647,7500.0
2023,BUKIT MERAH,2 ROOM,historical_mature,50,55,6,51.625,6606.565656565657,6590.909090909091,6655.555555555556
2023,BUKIT MERAH,2 ROOM,historical_mature,85,90,4,88.58333333333333,10170.212765957447,10015.95744680851,10319.148936170213
2023,BUKIT MERAH,2 ROOM,historical_mature,90,95,2,94.66666666666666,10744.68085106383,10372.340425531915,11117.021276595746
2023,BUKIT MERAH,3 ROOM,historical_mature,40,45,6,43.33333333333333,5268.544600938967,5017.6056338028175,5466.666666666667
2023,BUKIT MERAH,3 ROOM,historical_mature,45,50,79,47.25,5966.666666666667,5472.4702380952385,6680.573663624511
2023,BUKIT MERAH,3 ROOM,historical_mature,50,55,100,51.625,5635.418599311137,5267.282010997644,5925.1844046364595
2023,BUKIT MERAH,3 ROOM,historical_mature,55,60,49,58.333333333333336,6125.0,5826.666666666667,6738.191780821918
2023,BUKIT MERAH,3 ROOM,historical_mature,60,65,5,60.333333333333336,6240.0,5878.048780487805,6333.333333333333
2023,BUKIT MERAH,3 ROOM,historical_mature,65,70,2,65.45833333333334,5943.700614574188,5743.909130816505,6143.49209833187
2023,BUKIT MERAH,3 ROOM,historical_mature,75,80,4,78.29166666666666,10316.666666666668,10183.333333333334,10541.666666666666
2023,BUKIT MERAH,3 ROOM,historical_mature,80,85,14,84.33333333333333,10958.333333333332,10437.5,11433.333333333334
2023,BUKIT MERAH,3 ROOM,historical_mature,85,90,25,88.91666666666667,10434.782608695652,9927.536231884058,11048.387096774193
2023,BUKIT MERAH,3 ROOM,historical_mature,90,95,59,94.33333333333333,10149.253731343284,9333.845478489904,10588.235294117647
2023,BUKIT MERAH,3 ROOM,historical_mature,95,100,12,95.04166666666666,10698.529411764706,10227.941176470587,11000.0
2023,BUKIT MERAH,4 ROOM,historical_mature,45,50,13,46.333333333333336,6216.216216216216,6081.081081081081,6351.351351351352
2023,BUKIT MERAH,4 ROOM,historical_mature,50,55,36,52.416666666666664,5949.104031856645,5593.540605735727,6229.1280148423
2023,BUKIT MERAH,4 ROOM,historical_mature,55,60,8,59.58333333333333,6265.916728902166,5940.860215053764,6358.058608058608
2023,BUKIT MERAH,4 ROOM,historical_mature,60,65,25,61.166666666666664,6250.0,5740.740740740741,7605.82
2023,BUKIT MERAH,4 ROOM,historical_mature,70,75,20,72.58333333333333,7135.8666901781,6889.285714285714,7358.490566037736
2023,BUKIT MERAH,4 ROOM,historical_mature,75,80,80,78.45833333333334,8673.333333333332,7827.466666666667,9546.288888888888
2023,BUKIT MERAH,4 ROOM,historical_mature,80,85,64,81.70833333333334,9180.0,8664.72,9612.087912087913
2023,BUKIT MERAH,4 ROOM,historical_mature,85,90,40,88.75,10000.0,9545.840407470288,10493.451155342027
2023,BUKIT MERAH,4 ROOM,historical_mature,90,95,130,94.41666666666667,9639.78494623656,9212.064516129032,10053.763440860215
2023,BUKIT MERAH,4 ROOM,historical_mature,95,100,12,95.0,9563.913978494624,9247.31182795699,10086.021505376344
2023,BUKIT MERAH,5 ROOM,historical_mature,45,50,1,49.916666666666664,8376.068376068377,8376.068376068377,8376.068376068377
2023,BUKIT MERAH,5 ROOM,historical_mature,50,55,29,52.666666666666664,6610.169491525424,6169.4915254237285,6944.0
2023,BUKIT MERAH,5 ROOM,historical_mature,55,60,19,56.5,7096.774193548387,6350.22127708489,7355.795516675779
2023,BUKIT MERAH,5 ROOM,historical_mature,60,65,9,62.0,6024.5901639344265,5532.846715328467,7540.983606557377
2023,BUKIT MERAH,5 ROOM,historical_mature,70,75,27,72.41666666666667,7365.079365079365,6823.6343503937005,7972.638017808749
2023,BUKIT MERAH,5 ROOM,historical_mature,75,80,48,78.5,8500.0,7870.454545454546,9011.363636363636
2023,BUKIT MERAH,5 ROOM,historical_mature,80,85,21,81.41666666666667,7853.448275862069,7413.793103448276,9026.08695652174
2023,BUKIT MERAH,5 ROOM,historical_mature,85,90,2,88.70833333333334,10490.654867256639,9895.274336283186,11086.03539823009
2023,BUKIT MERAH,5 ROOM,historical_mature,90,95,12,94.5,11999.249367888748,11491.071428571428,12699.115044247788
2023,BUKIT PANJANG,2 ROOM,historical_non_mature,90,95,8,91.33333333333333,6627.659574468085,6308.510638297872,6745.837187789084
2023,BUKIT PANJANG,3 ROOM,historical_non_mature,60,65,60,64.125,5212.328767123288,5136.986301369863,5383.561643835616
2023,BUKIT PANJANG,3 ROOM,historical_non_mature,65,70,6,65.16666666666666,5116.438356164384,4965.753424657534,5195.205479452055
2023,BUKIT PANJANG,3 ROOM,historical_non_mature,85,90,8,89.45833333333333,6477.611940298508,6267.669007901668,6720.149253731343
2023,BUKIT PANJANG,3 ROOM,historical_non_mature,90,95,36,91.29166666666666,6281.387181738367,6099.593942054434,6544.776119402985
2023,BUKIT PANJANG,4 ROOM,historical_non_mature,60,65,98,64.16666666666667,4763.90383726306,4615.384615384615,4984.119047619048
2023,BUKIT PANJANG,4 ROOM,historical_non_mature,65,70,12,65.08333333333333,4597.635164835165,4446.601941747573,4692.038461538461
2023,BUKIT PANJANG,4 ROOM,historical_non_mature,70,75,78,74.0,5105.555555555556,4753.081925839643,6287.1287128712875
2023,BUKIT PANJANG,4 ROOM,historical_non_mature,75,80,65,77.75,5277.777777777777,5111.111111111111,5851.063829787234
2023,BUKIT PANJANG,4 ROOM,historical_non_mature,80,85,18,80.41666666666667,5887.096774193548,5609.363799283155,6080.555555555555
2023,BUKIT PANJANG,4 ROOM,historical_non_mature,85,90,15,88.75,5794.4946236559135,5403.225806451613,6172.043010752688
2023,BUKIT PANJANG,4 ROOM,historical_non_mature,90,95,81,91.5,5923.913043478261,5607.478260869565,6195.652173913043
2023,BUKIT PANJANG,5 ROOM,historical_non_mature,60,65,41,64.33333333333333,4767.441860465116,4606.55737704918,4918.0327868852455
2023,BUKIT PANJANG,5 ROOM,historical_non_mature,65,70,11,65.16666666666667,4795.081967213115,4665.167266426763,4836.065573770492
2023,BUKIT PANJANG,5 ROOM,historical_non_mature,70,75,43,73.83333333333333,5289.256198347108,4909.044715447155,6544.991735537191
2023,BUKIT PANJANG,5 ROOM,historical_non_mature,75,80,60,77.91666666666667,5272.727272727273,5045.454545454545,5704.545454545454
2023,BUKIT PANJANG,5 ROOM,historical_non_mature,80,85,19,80.5,5709.090909090909,5540.90909090909,5822.218181818182
2023,BUKIT PANJANG,5 ROOM,historical_non_mature,90,95,27,91.5,6017.699115044248,5821.942161820481,6160.714285714285
2023,BUKIT PANJANG,EXECUTIVE,historical_non_mature,60,65,20,64.25,5583.721439749608,5341.139301562802,5726.8835616438355
2023,BUKIT PANJANG,EXECUTIVE,historical_non_mature,65,70,2,65.20833333333333,5526.452527161076,5427.609825224374,5625.29522909778
2023,BUKIT PANJANG,EXECUTIVE,historical_non_mature,70,75,20,73.95833333333334,5510.3448275862065,5176.381501182033,5871.903836813987
2023,BUKIT PANJANG,EXECUTIVE,historical_non_mature,75,80,31,77.58333333333333,5615.384615384615,4933.59375,6553.791982665221
2023,BUKIT TIMAH,3 ROOM,historical_mature,45,50,3,49.916666666666664,5958.904109589041,5907.083633741889,6301.369863013699
2023,BUKIT TIMAH,3 ROOM,historical_mature,50,55,8,50.125,6438.356164383562,6323.44989185292,6818.961172161173
2023,BUKIT TIMAH,4 ROOM,historical_mature,45,50,2,49.66666666666667,6614.285714285715,6603.846153846154,6624.725274725275
2023,BUKIT TIMAH,4 ROOM,historical_mature,50,55,2,50.166666666666664,6823.190023459686,6751.638967773799,6894.741079145573
2023,BUKIT TIMAH,4 ROOM,historical_mature,60,65,9,64.41666666666667,8057.692307692308,7644.2307692307695,8538.461538461539
2023,BUKIT TIMAH,4 ROOM,historical_mature,65,70,3,65.25,7692.307692307692,7427.884615384615,7740.384615384615
2023,BUKIT TIMAH,5 ROOM,historical_mature,45,50,1,49.916666666666664,8083.333333333333,8083.333333333333,8083.333333333333
2023,BUKIT TIMAH,5 ROOM,historical_mature,60,65,9,64.25,8606.557377049181,7868.852459016393,9218.75
2023,BUKIT TIMAH,5 ROOM,historical_mature,65,70,1,65.08333333333333,7755.905511811024,7755.905511811024,7755.905511811024
2023,BUKIT TIMAH,EXECUTIVE,historical_mature,60,65,6,64.41666666666667,8325.653798256539,8236.301369863013,8501.867995018682
2023,BUKIT TIMAH,EXECUTIVE,historical_mature,65,70,2,65.25,8198.919544665252,8037.815936716187,8360.023152614316
2023,CENTRAL AREA,2 ROOM,historical_mature,45,50,3,47.416666666666664,5660.377358490566,5547.169811320755,6474.633123689728
2023,CENTRAL AREA,2 ROOM,historical_mature,55,60,7,57.416666666666664,5277.777777777777,5247.474747474747,6874.236874236874
2023,CENTRAL AREA,3 ROOM,historical_mature,45,50,8,49.666666666666664,6579.433497536946,6198.275862068966,6821.428571428571
2023,CENTRAL AREA,3 ROOM,historical_mature,50,55,52,52.666666666666664,7563.559322033898,6691.159586681975,8128.571428571429
2023,CENTRAL AREA,3 ROOM,historical_mature,55,60,20,56.666666666666664,7485.2941176470595,6376.107226107226,8137.5
2023,CENTRAL AREA,3 ROOM,historical_mature,60,65,11,60.583333333333336,6675.675675675676,6305.555555555556,7191.666666666666
2023,CENTRAL AREA,4 ROOM,historical_mature,45,50,3,49.916666666666664,6753.2467532467535,6018.132810585641,6894.480519480519
2023,CENTRAL AREA,4 ROOM,historical_mature,50,55,6,52.125,6759.74025974026,6646.369905956113,7533.417801710484
2023,CENTRAL AREA,4 ROOM,historical_mature,55,60,23,57.5,6740.740740740741,6478.146463294978,9006.024096385543
2023,CENTRAL AREA,4 ROOM,historical_mature,60,65,3,61.416666666666664,6796.116504854369,6633.3523700742435,7338.275643731533
2023,CENTRAL AREA,4 ROOM,historical_mature,75,80,4,78.41666666666666,7470.588235294117,7402.611764705883,7647.058823529412
2023,CENTRAL AREA,4 ROOM,historical_mature,85,90,37,86.66666666666667,12947.368421052632,11827.956989247312,13723.404255319148
2023,CENTRAL AREA,5 ROOM,historical_mature,50,55,1,52.5,7864.406779661017,7864.406779661017,7864.406779661017
2023,CENTRAL AREA,5 ROOM,historical_mature,60,65,2,60.583333333333336,6984.7363552266415,6861.162503854455,7108.310206598828
2023,CENTRAL AREA,5 ROOM,historical_mature,75,80,2,78.0,7404.761904761905,7392.857142857142,7416.666666666667
2023,CENTRAL AREA,5 ROOM,historical_mature,85,90,11,86.83333333333333,12897.196261682244,12692.183288409704,13365.678346810422
2023,CENTRAL AREA,EXECUTIVE,historical_mature,60,65,2,60.95833333333333,7135.369101978691,6821.109208523592,7449.62899543379
2023,CHOA CHU KANG,2 ROOM,historical_non_mature,85,90,3,87.08333333333333,6260.869565217391,6097.826086956522,6336.95652173913
2023,CHOA CHU KANG,2 ROOM,historical_non_mature,90,95,7,90.83333333333333,6808.510638297872,6329.787234042553,6808.510638297872
2023,CHOA CHU KANG,3 ROOM,historical_non_mature,50,55,8,54.5,4840.76240419524,4553.724456163481,4940.273093989512
2023,CHOA CHU KANG,3 ROOM,historical_non_mature,55,60,7,57.25,5298.507462686567,5248.4101748807625,5337.8378378378375
2023,CHOA CHU KANG,3 ROOM,historical_non_mature,60,65,4,60.45833333333333,5000.0,4960.526315789473,5051.369863013699
2023,CHOA CHU KANG,3 ROOM,historical_non_mature,65,70,10,65.41666666666667,5191.780821917808,5116.438356164384,5245.424657534247
2023,CHOA CHU KANG,3 ROOM,historical_non_mature,85,90,3,89.25,5970.149253731343,5671.641791044776,6194.0298507462685
2023,CHOA CHU KANG,3 ROOM,historical_non_mature,90,95,37,93.0,6323.529411764706,6073.529411764706,6492.537313432836
2023,CHOA CHU KANG,4 ROOM,historical_non_mature,50,55,10,54.375,4347.826086956522,4191.919191919192,4437.5
2023,CHOA CHU KANG,4 ROOM,historical_non_mature,55,60,7,55.25,4421.0526315789475,4405.388031790557,4483.695652173913
2023,CHOA CHU KANG,4 ROOM,historical_non_mature,60,65,16,64.5,4519.2307692307695,4423.076923076923,4663.461538461538
2023,CHOA CHU KANG,4 ROOM,historical_non_mature,65,70,146,68.25,4740.384615384615,4575.471698113208,4903.846153846154
2023,CHOA CHU KANG,4 ROOM,historical_non_mature,70,75,143,73.08333333333333,4745.945945945946,4518.874643874644,5000.0
2023,CHOA CHU KANG,4 ROOM,historical_non_mature,75,80,95,75.91666666666667,4803.921568627451,4585.540638606677,5116.666666666667
2023,CHOA CHU KANG,4 ROOM,historical_non_mature,85,90,10,88.75,5619.565217391304,5456.521739130435,5842.391304347826
2023,CHOA CHU KANG,4 ROOM,historical_non_mature,90,95,169,93.08333333333333,5794.4946236559135,5591.397849462365,5989.247311827957
2023,CHOA CHU KANG,5 ROOM,historical_non_mature,50,55,7,54.666666666666664,4159.663865546218,4096.638655462185,4201.680672268908
2023,CHOA CHU KANG,5 ROOM,historical_non_mature,55,60,2,59.625,4662.454545454546,4607.318181818182,4717.59090909091
2023,CHOA CHU KANG,5 ROOM,historical_non_mature,60,65,14,64.58333333333333,4566.115702479339,4411.157024793389,4743.8524590163925
2023,CHOA CHU KANG,5 ROOM,historical_non_mature,65,70,43,68.66666666666667,4780.487804878048,4593.469063987308,5060.650406504064
2023,CHOA CHU KANG,5 ROOM,historical_non_mature,70,75,108,72.70833333333334,4807.387303149606,4590.5909836065575,5000.0
2023,CHOA CHU KANG,5 ROOM,historical_non_mature,75,80,101,77.66666666666667,4684.684684684685,4509.090909090909,4818.181818181818
2023,CHOA CHU KANG,5 ROOM,historical_non_mature,90,95,91,92.91666666666667,5651.785714285715,5486.725663716814,5950.708912768647
2023,CHOA CHU KANG,EXECUTIVE,historical_non_mature,65,70,31,68.25,5102.040816326531,4982.638888888889,5273.972602739726
2023,CHOA CHU KANG,EXECUTIVE,historical_non_mature,70,75,49,71.66666666666667,5000.0,4827.586206896552,5239.726027397261
2023,CHOA CHU KANG,EXECUTIVE,historical_non_mature,75,80,16,75.75,4805.713714913594,4611.989311757067,5005.903659574468
2023,CLEMENTI,2 ROOM,historical_mature,50,55,2,54.708333333333336,6875.0,6846.59090909091,6903.40909090909
2023,CLEMENTI,2 ROOM,historical_mature,90,95,1,94.25,10468.08510638298,10468.08510638298,10468.08510638298
2023,CLEMENTI,3 ROOM,historical_mature,50,55,85,54.333333333333336,5746.268656716418,5522.388059701492,6102.805970149254
2023,CLEMENTI,3 ROOM,historical_mature,55,60,108,56.166666666666664,5386.029411764706,5140.144863915715,5630.882352941177
2023,CLEMENTI,3 ROOM,historical_mature,60,65,6,60.58333333333333,5531.464300121017,5298.507462686566,5711.354647330257
2023,CLEMENTI,3 ROOM,historical_mature,75,80,4,78.625,8073.770491803279,8012.295081967213,8135.245901639344
2023,CLEMENTI,3 ROOM,historical_mature,85,90,16,88.91666666666667,8331.050228310502,8208.659491193737,8598.017612524462
2023,CLEMENTI,3 ROOM,historical_mature,90,95,38,93.25,9688.405797101448,9289.855072463768,9995.971014492754
2023,CLEMENTI,4 ROOM,historical_mature,50,55,55,54.0,5847.826086956522,5385.400313971742,6201.086956521739
2023,CLEMENTI,4 ROOM,historical_mature,55,60,55,56.75,5384.615384615385,5205.7830308146895,5935.712651567147
2023,CLEMENTI,4 ROOM,historical_mature,60,65,13,60.666666666666664,6021.5053763440865,5769.2307692307695,6230.7692307692305
2023,CLEMENTI,4 ROOM,historical_mature,75,80,11,78.66666666666667,8430.232558139534,7964.477383082034,8811.111111111111
2023,CLEMENTI,4 ROOM,historical_mature,80,85,8,82.04166666666667,8977.155555555555,8666.666666666666,9213.888888888889
2023,CLEMENTI,4 ROOM,historical_mature,85,90,29,89.33333333333333,8416.666666666666,8050.0,8625.0
2023,CLEMENTI,4 ROOM,historical_mature,90,95,47,93.0,10098.765432098766,9543.010752688173,10454.701441317777
2023,CLEMENTI,5 ROOM,historical_mature,50,55,15,54.333333333333336,5880.0,5740.0,6389.140271493213
2023,CLEMENTI,5 ROOM,historical_mature,55,60,16,56.33333333333333,5501.007194244605,5200.796107916851,5858.050847457627
2023,CLEMENTI,5 ROOM,historical_mature,60,65,6,60.58333333333333,6384.263925283881,6059.917355371901,6639.239400658469
2023,CLEMENTI,5 ROOM,historical_mature,75,80,5,78.75,8045.454545454545,7681.818181818182,8181.818181818182
2023,CLEMENTI,5 ROOM,historical_mature,80,85,1,82.16666666666667,8181.818181818182,8181.818181818182,8181.818181818182
2023,CLEMENTI,5 ROOM,historical_mature,85,90,6,89.125,8521.291884123742,8469.026548672566,8906.663641176916
2023,CLEMENTI,5 ROOM,historical_mature,90,95,18,90.875,10726.190476190477,10183.62831858407,11069.058154235145
2023,CLEMENTI,EXECUTIVE,historical_mature,50,55,2,54.70833333333333,6371.44751014997,6199.146573866931,6543.74844643301
2023,CLEMENTI,EXECUTIVE,historical_mature,60,65,18,60.916666666666664,6638.1278538812785,6404.72972972973,6776.627137341423
2023,GEYLANG,2 ROOM,historical_mature,40,45,9,44.416666666666664,5833.333333333333,5714.285714285715,5952.380952380952
2023,GEYLANG,2 ROOM,historical_mature,45,50,9,47.083333333333336,5869.565217391304,5760.869565217391,5950.0
2023,GEYLANG,2 ROOM,historical_mature,55,60,1,55.166666666666664,5111.111111111111,5111.111111111111,5111.111111111111
2023,GEYLANG,2 ROOM,historical_mature,60,65,3,61.333333333333336,6666.666666666667,6611.111111111111,6722.222222222223
2023,GEYLANG,3 ROOM,historical_mature,40,45,64,44.166666666666664,5155.226691401748,4975.124378109453,5459.2917675544795
2023,GEYLANG,3 ROOM,historical_mature,45,50,52,46.66666666666667,5182.506053268765,5000.0,5473.178137651822
2023,GEYLANG,3 ROOM,historical_mature,50,55,67,52.666666666666664,5597.014925373134,5380.406779661017,5821.382007822685
2023,GEYLANG,3 ROOM,historical_mature,55,60,42,57.25,5686.666666666667,5121.212121212121,6323.529411764706
2023,GEYLANG,3 ROOM,historical_mature,60,65,20,61.416666666666664,6331.223628691983,5820.188723205965,7096.581544256121
2023,GEYLANG,3 ROOM,historical_mature,75,80,6,76.125,6343.75,6152.34375,6394.53125
2023,GEYLANG,3 ROOM,historical_mature,80,85,11,82.5,9181.466666666667,8916.666666666668,9383.333333333332
2023,GEYLANG,3 ROOM,historical_mature,90,95,21,92.66666666666667,9134.328358208955,8647.058823529413,9701.492537313432
2023,GEYLANG,4 ROOM,historical_mature,40,45,2,43.91666666666667,5310.230024213075,5197.48789346247,5422.97215496368
2023,GEYLANG,4 ROOM,historical_mature,45,50,2,45.625,4864.825081657212,4538.309051057246,5191.341112257177
2023,GEYLANG,4 ROOM,historical_mature,50,55,28,53.0,5862.259962259963,5492.21837944664,6164.297658862876
2023,GEYLANG,4 ROOM,historical_mature,55,60,25,57.5,6416.351648351649,5824.175824175824,6813.186813186813
2023,GEYLANG,4 ROOM,historical_mature,60,65,92,61.416666666666664,5586.080586080587,5288.461538461538,5895.546471600688
2023,GEYLANG,4 ROOM,historical_mature,65,70,5,65.83333333333333,5747.663551401869,5394.495412844037,5943.396226415094
2023,GEYLANG,4 ROOM,historical_mature,70,75,15,73.58333333333333,7330.097087378641,6763.083451202263,8049.209975252237
2023,GEYLANG,4 ROOM,historical_mature,75,80,6,76.08333333333334,7542.105263157895,7065.78947368421,8034.210526315789
2023,GEYLANG,4 ROOM,historical_mature,80,85,22,82.25,9153.225806451614,8618.279569892473,9408.602150537636
2023,GEYLANG,4 ROOM,historical_mature,85,90,18,87.5,8930.197170345218,8620.168421052633,9152.631578947368
2023,GEYLANG,4 ROOM,historical_mature,90,95,26,92.54166666666666,9301.075268817203,8908.602150537634,9408.602150537634
2023,GEYLANG,5 ROOM,historical_mature,50,55,20,52.875,5512.820512820513,5350.42735042735,6051.716644936983
2023,GEYLANG,5 ROOM,historical_mature,55,60,17,58.833333333333336,6106.512396694215,5785.123966942148,6515.151515151515
2023,GEYLANG,5 ROOM,historical_mature,60,65,12,60.958333333333336,5642.804193582548,4969.262295081968,6349.0060362173035
2023,GEYLANG,5 ROOM,historical_mature,65,70,3,65.66666666666667,5983.606557377049,5769.5774722369115,6176.988463873709
2023,GEYLANG,5 ROOM,historical_mature,70,75,9,73.08333333333333,7500.0,7120.0,8100.0
2023,GEYLANG,5 ROOM,historical_mature,75,80,3,76.16666666666667,9531.531531531531,8844.713134186819,9765.765765765766
2023,GEYLANG,5 ROOM,historical_mature,80,85,5,81.08333333333333,8636.363636363636,8545.454545454546,8909.09090909091
2023,GEYLANG,EXECUTIVE,historical_mature,60,65,20,62.08333333333333,5980.950342465753,5713.875386654882,6589.571365444101
2023,HOUGANG,2 ROOM,historical_non_mature,85,90,4,87.91666666666666,6861.702127659575,6675.531914893618,7127.659574468084
2023,HOUGANG,2 ROOM,historical_non_mature,90,95,23,94.75,7617.021276595745,7393.617021276596,7978.723404255319
2023,HOUGANG,2 ROOM,historical_non_mature,95,100,5,95.16666666666667,7446.808510638298,7340.425531914893,7763.1578947368425
2023,HOUGANG,3 ROOM,historical_non_mature,50,55,37,53.833333333333336,5149.253731343284,4931.506849315068,5342.465753424657
2023,HOUGANG,3 ROOM,historical_non_mature,55,60,71,58.5,5522.388059701492,5375.756353368293,5751.5127067365875
2023,HOUGANG,3 ROOM,historical_non_mature,60,65,120,62.333333333333336,5685.663924794359,5492.108108108108,5919.657939189189
2023,HOUGANG,3 ROOM,historical_non_mature,65,70,11,68.91666666666667,5932.203389830508,5785.767696909272,6136.784957627118
2023,HOUGANG,3 ROOM,historical_non_mature,85,90,8,89.29166666666666,6390.773405698779,6193.181818181818,6584.464043419267
2023,HOUGANG,3 ROOM,historical_non_mature,90,95,50,93.70833333333333,7036.874451273046,6771.2906057945565,7345.588235294118
2023,HOUGANG,3 ROOM,historical_non_mature,95,100,8,95.16666666666667,7095.588235294117,6930.147058823529,7224.264705882353
2023,HOUGANG,4 ROOM,historical_non_mature,50,55,4,53.75,4870.831259333001,4719.226480836238,5002.495563442768
2023,HOUGANG,4 ROOM,historical_non_mature,55,60,38,59.0,5063.913978494624,4772.262240317361,5367.209520826808
2023,HOUGANG,4 ROOM,historical_non_mature,60,65,207,61.833333333333336,5168.539325842697,4934.2757037574,5497.252747252747
2023,HOUGANG,4 ROOM,historical_non_mature,65,70,82,68.0,5193.934225487623,4903.846153846154,5432.692307692308
2023,HOUGANG,4 ROOM,historical_non_mature,70,75,96,73.66666666666667,5400.0,5182.759780832452,5630.593077247784
2023,HOUGANG,4 ROOM,historical_non_mature,75,80,42,78.625,5542.206639487478,5268.9768976897685,5661.764705882353
2023,HOUGANG,4 ROOM,historical_non_mature,80,85,1,80.25,5705.882352941177,5705.882352941177,5705.882352941177
2023,HOUGANG,4 ROOM,historical_non_mature,85,90,2,89.91666666666667,7527.173913043478,7160.326086956522,7894.021739130435
2023,HOUGANG,4 ROOM,historical_non_mature,90,95,187,93.5,6537.634408602151,6145.1612903225805,7070.840930341281
2023,HOUGANG,4 ROOM,historical_non_mature,95,100,21,95.08333333333333,6344.086021505376,6032.608695652174,6703.063829787234
2023,HOUGANG,5 ROOM,historical_non_mature,50,55,3,51.5,5528.455284552845,5467.479674796748,5589.430894308943
2023,HOUGANG,5 ROOM,historical_non_mature,55,60,23,59.333333333333336,5190.839694656489,4911.024390243902,5842.778588261699
2023,HOUGANG,5 ROOM,historical_non_mature,60,65,54,62.25,5300.365804091587,4958.677685950413,5420.282369146006
2023,HOUGANG,5 ROOM,historical_non_mature,65,70,30,68.20833333333334,5603.97135483871,5289.3650793650795,5882.931087882307
2023,HOUGANG,5 ROOM,historical_non_mature,70,75,58,73.75,5567.886178861789,5341.880341880342,5788.422131147541
2023,HOUGANG,5 ROOM,historical_non_mature,75,80,45,78.66666666666667,5280.06611570248,4954.545454545455,5454.545454545455
2023,HOUGANG,5 ROOM,historical_non_mature,80,85,5,80.25,5181.818181818182,5163.636363636364,5290.909090909091
2023,HOUGANG,5 ROOM,historical_non_mature,90,95,69,94.16666666666667,6637.168141592921,6265.486725663717,7142.857142857143
2023,HOUGANG,EXECUTIVE,historical_non_mature,55,60,4,59.875,5591.216216216217,5513.324324324324,5614.414414414415
2023,HOUGANG,EXECUTIVE,historical_non_mature,60,65,44,62.5,5911.6029822926375,5708.26909123889,6242.22608377538
2023,HOUGANG,EXECUTIVE,historical_non_mature,65,70,40,68.125,5972.602739726028,5770.301127443985,6258.780821917808
2023,HOUGANG,EXECUTIVE,historical_non_mature,70,75,8,72.79166666666666,6479.966391850024,6062.825860271116,6943.270735524256
2023,HOUGANG,EXECUTIVE,historical_non_mature,75,80,13,75.25,5867.795620437956,5678.832116788321,6094.890510948905
2023,JURONG EAST,2 ROOM,historical_non_mature,85,90,9,89.58333333333333,6818.181818181818,6590.909090909091,6931.818181818182
2023,JURONG EAST,2 ROOM,historical_non_mature,90,95,1,90.08333333333333,7000.0,7000.0,7000.0
2023,JURONG EAST,3 ROOM,historical_non_mature,40,45,2,42.625,4850.746268656716,4850.746268656716,4850.746268656716
2023,JURONG EAST,3 ROOM,historical_non_mature,50,55,15,53.25,4444.444444444444,4405.248271527342,4632.182885607543
2023,JURONG EAST,3 ROOM,historical_non_mature,55,60,106,58.833333333333336,5340.7594381036,5080.36039315617,5490.726514486391
2023,JURONG EAST,3 ROOM,historical_non_mature,60,65,20,60.875,5058.823529411765,4745.669934640523,5447.761194029851
2023,JURONG EAST,3 ROOM,historical_non_mature,85,90,10,89.33333333333334,6319.444444444444,6109.375,6604.166666666666
2023,JURONG EAST,3 ROOM,historical_non_mature,90,95,10,92.25,6718.2835820895525,6205.223880597015,6813.432835820895
2023,JURONG EAST,4 ROOM,historical_non_mature,50,55,5,54.75,4412.371134020618,4329.896907216495,4556.701030927835
2023,JURONG EAST,4 ROOM,historical_non_mature,55,60,52,58.54166666666667,4800.173510699827,4465.390279823269,5099.358974358975
2023,JURONG EAST,4 ROOM,historical_non_mature,60,65,35,60.583333333333336,4939.759036144578,4648.277276456112,5120.481927710844
2023,JURONG EAST,4 ROOM,historical_non_mature,65,70,5,69.58333333333333,4672.897196261682,4485.981308411215,4728.971962616823
2023,JURONG EAST,4 ROOM,historical_non_mature,70,75,15,74.25,5388.888888888889,5099.277130654242,5581.24635993011
2023,JURONG EAST,4 ROOM,historical_non_mature,75,80,6,78.95833333333334,5497.252747252747,5290.293040293041,5500.0
2023,JURONG EAST,4 ROOM,historical_non_mature,85,90,15,89.5,6217.391304347826,5969.890054972514,6527.919540229885
2023,JURONG EAST,4 ROOM,historical_non_mature,90,95,9,92.16666666666667,6195.652173913043,5760.869565217391,6467.391304347826
2023,JURONG EAST,5 ROOM,historical_non_mature,50,55,3,54.75,4299.145299145299,4254.835807467386,4421.502474134053
2023,JURONG EAST,5 ROOM,historical_non_mature,55,60,46,57.95833333333333,4917.349726775956,4735.897435897436,5493.95162601626
2023,JURONG EAST,5 ROOM,historical_non_mature,60,65,21,60.666666666666664,4772.727272727273,4413.985185185185,5381.35593220339
2023,JURONG EAST,5 ROOM,historical_non_mature,65,70,1,65.33333333333333,6083.333333333333,6083.333333333333,6083.333333333333
2023,JURONG EAST,5 ROOM,historical_non_mature,70,75,21,74.41666666666667,6074.380165289256,5438.01652892562,6280.99173553719
2023,JURONG EAST,5 ROOM,historical_non_mature,75,80,11,76.33333333333333,5450.819672131148,4956.896551724138,5771.096128751631
2023,JURONG EAST,5 ROOM,historical_non_mature,85,90,2,89.45833333333334,6338.5084745762715,6287.42372881356,6389.593220338984
2023,JURONG EAST,EXECUTIVE,historical_non_mature,60,65,20,61.04166666666667,5091.988387711773,4858.2280159080865,5253.284306725689
2023,JURONG EAST,EXECUTIVE,historical_non_mature,65,70,1,68.5,5617.283950617284,5617.283950617284,5617.283950617284
2023,JURONG EAST,EXECUTIVE,historical_non_mature,70,75,25,74.41666666666667,6713.286713286713,6513.888888888889,6993.006993006993
2023,JURONG EAST,EXECUTIVE,historical_non_mature,75,80,1,75.83333333333333,6690.140845070423,6690.140845070423,6690.140845070423
2023,JURONG WEST,2 ROOM,historical_non_mature,45,50,1,46.416666666666664,4561.403508771929,4561.403508771929,4561.403508771929
2023,JURONG WEST,2 ROOM,historical_non_mature,50,55,5,54.0,5568.181818181818,5454.545454545455,5613.636363636364
2023,JURONG WEST,2 ROOM,historical_non_mature,80,85,1,84.41666666666667,6086.95652173913,6086.95652173913,6086.95652173913
2023,JURONG WEST,2 ROOM,historical_non_mature,85,90,2,89.75,6329.787234042553,6196.808510638299,6462.765957446809
2023,JURONG WEST,2 ROOM,historical_non_mature,90,95,25,94.58333333333333,6744.68085106383,6489.36170212766,6978.723404255319
2023,JURONG WEST,2 ROOM,historical_non_mature,95,100,1,95.0,6382.978723404255,6382.978723404255,6382.978723404255
2023,JURONG WEST,3 ROOM,historical_non_mature,45,50,22,47.25,4225.68973315242,4070.8955223880594,4372.2910216718265
2023,JURONG WEST,3 ROOM,historical_non_mature,50,55,116,52.083333333333336,4769.2307692307695,4642.14705882353,4923.076923076923
2023,JURONG WEST,3 ROOM,historical_non_mature,55,60,39,59.0,5343.2835820895525,5041.095890410959,5522.388059701492
2023,JURONG WEST,3 ROOM,historical_non_mature,60,65,92,61.125,5143.835616438357,4936.233108108108,5415.994352561516
2023,JURONG WEST,3 ROOM,historical_non_mature,85,90,20,89.5,6308.823529411765,6172.208013640238,6441.916593503072
2023,JURONG WEST,3 ROOM,historical_non_mature,90,95,46,93.83333333333333,6382.35294117647,6154.411764705882,6691.176470588235
2023,JURONG WEST,3 ROOM,historical_non_mature,95,100,2,95.04166666666666,6360.2941176470595,6341.911764705883,6378.676470588235
2023,JURONG WEST,4 ROOM,historical_non_mature,45,50,1,46.333333333333336,3403.5087719298244,3403.5087719298244,3403.5087719298244
2023,JURONG WEST,4 ROOM,historical_non_mature,55,60,20,59.625,4935.685367264315,4464.710641538169,5195.488721804511
2023,JURONG WEST,4 ROOM,historical_non_mature,60,65,114,60.833333333333336,4466.019417475728,4307.148318042814,4868.384377758164
2023,JURONG WEST,4 ROOM,historical_non_mature,65,70,74,65.91666666666667,4298.571171818836,4169.893451143451,4455.528846153847
2023,JURONG WEST,4 ROOM,historical_non_mature,70,75,99,72.58333333333333,4720.0,4405.480033984707,4975.961538461539
2023,JURONG WEST,4 ROOM,historical_non_mature,75,80,151,76.83333333333333,5441.176470588235,5222.222222222223,5659.340659340659
2023,JURONG WEST,4 ROOM,historical_non_mature,80,85,17,83.75,5500.0,5416.666666666667,5543.478260869565
2023,JURONG WEST,4 ROOM,historical_non_mature,85,90,17,86.08333333333333,6223.404255319149,5851.063829787234,6348.314606741573
2023,JURONG WEST,4 ROOM,historical_non_mature,90,95,99,94.08333333333333,6170.212765957447,5913.978494623656,6451.612903225807
2023,JURONG WEST,4 ROOM,historical_non_mature,95,100,5,95.0,6236.559139784947,6215.05376344086,6666.666666666667
2023,JURONG WEST,5 ROOM,historical_non_mature,50,55,10,52.04166666666667,4007.339344262295,3939.0011621900826,4052.0661157024792
2023,JURONG WEST,5 ROOM,historical_non_mature,55,60,9,58.25,5035.971223021583,4525.5474452554745,5296.610169491525
2023,JURONG WEST,5 ROOM,historical_non_mature,60,65,43,61.083333333333336,4328.358208955224,4260.777170613236,4459.883929639823
2023,JURONG WEST,5 ROOM,historical_non_mature,65,70,33,68.0,4322.3140495867765,4157.48031496063,4488.188976377953
2023,JURONG WEST,5 ROOM,historical_non_mature,70,75,70,72.25,4838.709677419355,4579.166666666666,5072.3140495867765
2023,JURONG WEST,5 ROOM,historical_non_mature,75,80,188,77.16666666666667,5181.818181818182,4821.026383526383,5409.090909090909
2023,JURONG WEST,5 ROOM,historical_non_mature,80,85,37,84.08333333333333,5136.363636363636,5027.272727272727,5272.727272727273
2023,JURONG WEST,5 ROOM,historical_non_mature,85,90,5,87.91666666666667,6383.928571428572,6240.071428571428,6517.857142857143
2023,JURONG WEST,5 ROOM,historical_non_mature,90,95,54,94.0,6271.929824561404,6063.5621797857475,6681.41592920354
2023,JURONG WEST,EXECUTIVE,historical_non_mature,60,65,40,61.5,4687.703106720395,4586.824105960265,4871.183163696164
2023,JURONG WEST,EXECUTIVE,historical_non_mature,65,70,25,68.75,4758.620689655172,4623.287671232877,4797.2972972972975
2023,JURONG WEST,EXECUTIVE,historical_non_mature,70,75,32,72.16666666666667,5017.687639311043,4792.698921597202,5476.61870503597
2023,JURONG WEST,EXECUTIVE,historical_non_mature,75,80,46,76.95833333333333,5333.846153846154,5075.200918484501,5526.952214452214
2023,KALLANG/WHAMPOA,2 ROOM,historical_mature,45,50,8,46.25,5947.916666666666,5733.75,6180.517241379311
2023,KALLANG/WHAMPOA,2 ROOM,historical_mature,55,60,2,55.08333333333333,6166.666666666666,6095.238095238095,6238.095238095238
2023,KALLANG/WHAMPOA,2 ROOM,historical_mature,60,65,1,62.083333333333336,6288.888888888889,6288.888888888889,6288.888888888889
2023,KALLANG/WHAMPOA,3 ROOM,historical_mature,40,45,17,44.416666666666664,5416.666666666667,5166.666666666667,5500.0
2023,KALLANG/WHAMPOA,3 ROOM,historical_mature,45,50,100,49.0,5248.330765279918,5065.045248868778,5650.3884572697
2023,KALLANG/WHAMPOA,3 ROOM,historical_mature,50,55,78,51.5,5802.7168494516445,5384.615384615385,6246.822033898305
2023,KALLANG/WHAMPOA,3 ROOM,historical_mature,55,60,74,56.75,5801.237161531279,5476.190476190476,6573.529411764705
2023,KALLANG/WHAMPOA,3 ROOM,historical_mature,60,65,15,60.75,6428.571428571428,5958.870967741936,6900.426742532006
2023,KALLANG/WHAMPOA,3 ROOM,historical_mature,75,80,2,79.83333333333334,8411.290322580644,8383.064516129032,8439.516129032258
2023,KALLANG/WHAMPOA,3 ROOM,historical_mature,80,85,1,80.16666666666667,8467.741935483871,8467.741935483871,8467.741935483871
2023,KALLANG/WHAMPOA,3 ROOM,historical_mature,85,90,17,88.08333333333333,8550.72463768116,8358.208955223881,8956.521739130434
2023,KALLANG/WHAMPOA,3 ROOM,historical_mature,90,95,52,93.41666666666667,8880.597014925374,8358.208955223881,10535.529411764706
2023,KALLANG/WHAMPOA,4 ROOM,historical_mature,45,50,12,49.625,5931.442153352265,5464.285714285714,6355.015673981192
2023,KALLANG/WHAMPOA,4 ROOM,historical_mature,50,55,15,50.25,5862.068965517241,5502.523128679562,6421.106067845198
2023,KALLANG/WHAMPOA,4 ROOM,historical_mature,55,60,35,57.5,6120.977777777778,5740.761478163494,6539.966550522648
2023,KALLANG/WHAMPOA,4 ROOM,historical_mature,60,65,34,61.791666666666664,6393.693018955155,6145.829443614638,7015.429958391123
2023,KALLANG/WHAMPOA,4 ROOM,historical_mature,65,70,2,67.25,6056.471521777465,6042.254452477517,6070.688591077413
2023,KALLANG/WHAMPOA,4 ROOM,historical_mature,70,75,23,73.58333333333333,6862.745098039216,6463.925375975633,7106.957424714434
2023,KALLANG/WHAMPOA,4 ROOM,historical_mature,75,80,10,78.33333333333333,6933.333333333334,6526.162790697675,9016.666666666666
2023,KALLANG/WHAMPOA,4 ROOM,historical_mature,80,85,26,82.25,8877.777777777777,8651.960784313726,9327.777777777777
2023,KALLANG/WHAMPOA,4 ROOM,historical_mature,85,90,29,87.91666666666667,9552.173913043478,8695.652173913044,10052.631578947368
2023,KALLANG/WHAMPOA,4 ROOM,historical_mature,90,95,107,93.5,9569.89247311828,8655.913978494624,10598.2310684054
2023,KALLANG/WHAMPOA,5 ROOM,historical_mature,45,50,2,49.75,5951.979307242465,5936.515969410706,5967.442645074223
2023,KALLANG/WHAMPOA,5 ROOM,historical_mature,50,55,17,51.666666666666664,5701.754385964912,5367.521367521367,6068.376068376068
2023,KALLANG/WHAMPOA,5 ROOM,historical_mature,55,60,15,57.833333333333336,6822.033898305085,6659.957627118644,7348.067308864773
2023,KALLANG/WHAMPOA,5 ROOM,historical_mature,60,65,10,62.833333333333336,6403.852411010606,6144.162182455262,7032.1496292372885
2023,KALLANG/WHAMPOA,5 ROOM,historical_mature,65,70,2,67.45833333333334,6408.624366835511,6389.796054385497,6427.452679285524
2023,KALLANG/WHAMPOA,5 ROOM,historical_mature,70,75,23,73.66666666666667,7177.419354838709,6823.170731707317,7566.256830601093
2023,KALLANG/WHAMPOA,5 ROOM,historical_mature,75,80,10,78.95833333333334,7875.541125541125,7385.167837626854,8886.363636363636
2023,KALLANG/WHAMPOA,5 ROOM,historical_mature,80,85,10,82.16666666666667,8295.454545454546,8034.090909090909,8718.18181818182
2023,KALLANG/WHAMPOA,5 ROOM,historical_mature,85,90,17,86.66666666666667,10176.991150442478,9626.168224299065,10654.205607476635
2023,KALLANG/WHAMPOA,5 ROOM,historical_mature,90,95,2,93.125,10149.941055113468,10118.073975832596,10181.808134394341
2023,KALLANG/WHAMPOA,EXECUTIVE,historical_mature,55,60,1,59.833333333333336,6566.666666666667,6566.666666666667,6566.666666666667
2023,KALLANG/WHAMPOA,EXECUTIVE,historical_mature,60,65,9,60.583333333333336,6687.898089171975,6251.948051948052,6812.080536912752
2023,KALLANG/WHAMPOA,EXECUTIVE,historical_mature,70,75,4,70.45833333333334,7028.824200913242,6832.191780821918,7395.833333333333
2023,MARINE PARADE,2 ROOM,historical_mature,50,55,1,50.5,6309.523809523809,6309.523809523809,6309.523809523809
2023,MARINE PARADE,3 ROOM,historical_mature,50,55,72,51.166666666666664,6330.995475113123,6108.791208791209,6843.117408906883
2023,MARINE PARADE,4 ROOM,historical_mature,50,55,35,51.083333333333336,6500.0,6088.553215077605,6954.022988505747
2023,MARINE PARADE,5 ROOM,historical_mature,50,55,36,51.20833333333333,7065.079365079366,6759.254901960784,7718.442002442002
2023,PASIR RIS,2 ROOM,historical_mature,90,95,8,91.08333333333334,7659.574468085107,7553.191489361702,7792.553191489362
2023,PASIR RIS,3 ROOM,historical_mature,55,60,5,56.75,5151.515151515152,4772.727272727273,5209.090909090909
2023,PASIR RIS,3 ROOM,historical_mature,90,95,10,90.83333333333333,8423.076923076924,7683.823529411764,9019.230769230768
2023,PASIR RIS,4 ROOM,historical_mature,60,65,26,64.66666666666667,5066.941391941392,5007.142857142857,5242.13498879761
2023,PASIR RIS,4 ROOM,historical_mature,65,70,115,66.16666666666667,5095.238095238095,4952.152014652014,5288.461538461538
2023,PASIR RIS,4 ROOM,historical_mature,70,75,88,71.875,5188.746438746439,5074.682598954443,5405.2655677655675
2023,PASIR RIS,4 ROOM,historical_mature,90,95,40,90.91666666666667,7580.645161290322,7110.215053763441,8517.441860465116
2023,PASIR RIS,5 ROOM,historical_mature,60,65,6,64.79166666666666,5235.847848360656,5086.673924180328,5380.219006147541
2023,PASIR RIS,5 ROOM,historical_mature,65,70,97,68.91666666666667,5152.67175572519,4962.121212121212,5333.333333333333
2023,PASIR RIS,5 ROOM,historical_mature,70,75,83,71.83333333333333,5232.558139534884,5019.685039370079,5358.97217847769
2023,PASIR RIS,5 ROOM,historical_mature,90,95,11,91.08333333333333,7168.141592920354,7074.725663716814,7315.423514538559
2023,PASIR RIS,EXECUTIVE,historical_mature,60,65,11,64.5,5719.178082191781,5599.315068493151,5873.749154954634
2023,PASIR RIS,EXECUTIVE,historical_mature,65,70,76,68.83333333333333,5626.293103448275,5310.3448275862065,5785.459474885845
2023,PASIR RIS,EXECUTIVE,historical_mature,70,75,47,71.41666666666667,5566.666666666667,5254.895104895105,5776.153704725133
2023,PUNGGOL,2 ROOM,historical_non_mature,85,90,12,89.5,6928.260869565218,6748.936170212766,7441.489361702128
2023,PUNGGOL,2 ROOM,historical_non_mature,90,95,77,94.41666666666667,7395.833333333333,7021.276595744681,7659.574468085107
2023,PUNGGOL,3 ROOM,historical_non_mature,85,90,41,88.75,7000.0,6857.142857142857,7164.179104477612
2023,PUNGGOL,3 ROOM,historical_non_mature,90,95,245,93.66666666666667,6764.705882352941,6544.117647058823,7014.925373134329
2023,PUNGGOL,3 ROOM,historical_non_mature,95,100,12,95.0,6580.882352941177,6400.735294117647,6663.60294117647
2023,PUNGGOL,4 ROOM,historical_non_mature,75,80,69,79.33333333333333,5582.417582417583,5388.888888888889,5697.53488372093
2023,PUNGGOL,4 ROOM,historical_non_mature,80,85,74,83.16666666666667,5808.333333333334,5666.666666666667,5972.695035460993
2023,PUNGGOL,4 ROOM,historical_non_mature,85,90,292,88.75,6531.975099037918,6288.394109396915,6981.686827956989
2023,PUNGGOL,4 ROOM,historical_non_mature,90,95,611,93.16666666666667,6467.391304347826,6141.304347826087,6799.964936886396
2023,PUNGGOL,4 ROOM,historical_non_mature,95,100,12,95.0,6290.322580645161,6129.032258064516,6653.225806451614
2023,PUNGGOL,5 ROOM,historical_non_mature,75,80,200,79.16666666666667,5290.909090909091,5058.327272727272,5454.545454545455
2023,PUNGGOL,5 ROOM,historical_non_mature,80,85,77,80.41666666666667,5363.636363636364,5201.754385964912,5482.456140350877
2023,PUNGGOL,5 ROOM,historical_non_mature,85,90,41,89.0,6826.086956521739,6608.695652173913,7214.285714285715
2023,PUNGGOL,5 ROOM,historical_non_mature,90,95,280,93.41666666666667,6637.168141592921,6284.332174462705,7035.398230088495
2023,PUNGGOL,5 ROOM,historical_non_mature,95,100,8,95.125,7302.180108292961,7109.646622969507,7785.150442477876
2023,PUNGGOL,EXECUTIVE,historical_non_mature,75,80,30,79.25,5728.485576923077,5582.692307692308,5918.329326923077
2023,PUNGGOL,EXECUTIVE,historical_non_mature,80,85,3,80.08333333333333,5390.625,5351.5625,5578.125
2023,QUEENSTOWN,2 ROOM,historical_mature,40,45,10,42.70833333333333,5543.478260869565,5434.782608695652,5771.739130434783
2023,QUEENSTOWN,2 ROOM,historical_mature,45,50,5,46.083333333333336,5813.953488372093,5614.63829787234,6093.023255813953
2023,QUEENSTOWN,2 ROOM,historical_mature,50,55,1,52.416666666666664,5066.666666666667,5066.666666666667,5066.666666666667
2023,QUEENSTOWN,2 ROOM,historical_mature,85,90,8,88.625,9574.468085106382,9013.297872340425,9888.297872340425
2023,QUEENSTOWN,2 ROOM,historical_mature,90,95,2,90.66666666666666,9159.574468085106,9101.063829787234,9218.08510638298
2023,QUEENSTOWN,3 ROOM,historical_mature,40,45,41,42.833333333333336,5310.3448275862065,5144.927536231884,5550.0
2023,QUEENSTOWN,3 ROOM,historical_mature,45,50,79,46.083333333333336,5447.761194029851,5120.471014492754,5833.333333333333
2023,QUEENSTOWN,3 ROOM,historical_mature,50,55,76,51.125,6161.538461538462,5826.923076923077,6586.049543676663
2023,QUEENSTOWN,3 ROOM,historical_mature,55,60,3,55.75,5716.417910447762,5650.891882053149,5861.940298507463
2023,QUEENSTOWN,3 ROOM,historical_mature,80,85,5,84.25,10633.333333333334,10466.666666666666,10833.333333333334
2023,QUEENSTOWN,3 ROOM,historical_mature,85,90,16,88.25,9462.686567164179,9121.880597014926,9792.40383795309
2023,QUEENSTOWN,3 ROOM,historical_mature,90,95,33,93.66666666666667,10230.76923076923,10029.411764705883,10476.190476190477
2023,QUEENSTOWN,4 ROOM,historical_mature,40,45,1,44.666666666666664,5270.27027027027,5270.27027027027,5270.27027027027
2023,QUEENSTOWN,4 ROOM,historical_mature,45,50,10,49.541666666666664,6461.696306429549,6020.053475935829,6688.953488372093
2023,QUEENSTOWN,4 ROOM,historical_mature,50,55,17,50.583333333333336,6590.909090909091,5952.380952380952,6951.219512195122
2023,QUEENSTOWN,4 ROOM,historical_mature,70,75,9,73.33333333333333,8413.461538461539,7830.188679245283,8557.692307692309
2023,QUEENSTOWN,4 ROOM,historical_mature,75,80,25,76.58333333333333,8411.764705882353,8020.833333333333,8823.529411764706
2023,QUEENSTOWN,4 ROOM,historical_mature,80,85,32,82.83333333333334,9566.666666666666,9392.156862745098,9841.666666666666
2023,QUEENSTOWN,4 ROOM,historical_mature,85,90,49,88.41666666666667,9354.838709677419,8863.157894736842,9829.545454545454
2023,QUEENSTOWN,4 ROOM,historical_mature,90,95,117,93.58333333333333,10416.666666666666,10000.0,11149.425287356322
2023,QUEENSTOWN,4 ROOM,historical_mature,95,100,1,96.16666666666667,12241.379310344828,12241.379310344828,12241.379310344828
2023,QUEENSTOWN,5 ROOM,historical_mature,50,55,23,52.5,7418.803418803419,6572.6286054118345,7567.521367521367
2023,QUEENSTOWN,5 ROOM,historical_mature,65,70,2,69.25,7191.729323308271,7148.496240601504,7234.962406015037
2023,QUEENSTOWN,5 ROOM,historical_mature,70,75,10,72.375,7948.714717741936,7234.736842105263,8343.174165901439
2023,QUEENSTOWN,5 ROOM,historical_mature,75,80,1,79.5,8000.0,8000.0,8000.0
2023,QUEENSTOWN,5 ROOM,historical_mature,80,85,5,82.5,8863.636363636364,8818.181818181818,9363.636363636364
2023,QUEENSTOWN,5 ROOM,historical_mature,85,90,3,88.08333333333333,10683.760683760684,9978.97711607389,10753.384766659103
2023,QUEENSTOWN,5 ROOM,historical_mature,90,95,8,92.125,11324.786324786324,10154.123199205165,12046.968531468532
2023,QUEENSTOWN,EXECUTIVE,historical_mature,65,70,2,68.79166666666666,6583.473265576668,6382.059213433496,6784.887317719841
2023,QUEENSTOWN,EXECUTIVE,historical_mature,70,75,5,71.66666666666667,8108.108108108108,7866.666666666667,8400.0
2023,SEMBAWANG,2 ROOM,historical_non_mature,90,95,71,94.5,7127.659574468085,6851.645390070922,7659.574468085107
2023,SEMBAWANG,2 ROOM,historical_non_mature,95,100,7,95.08333333333333,7395.833333333333,7218.75,8421.052631578947
2023,SEMBAWANG,3 ROOM,historical_non_mature,90,95,95,94.33333333333333,6470.588235294118,6268.6567164179105,6736.3362598770855
2023,SEMBAWANG,3 ROOM,historical_non_mature,95,100,3,95.08333333333333,6617.64705882353,6544.117647058823,6654.411764705883
2023,SEMBAWANG,4 ROOM,historical_non_mature,70,75,25,74.58333333333333,5029.702970297029,4890.0,5100.0
2023,SEMBAWANG,4 ROOM,historical_non_mature,75,80,112,77.0,5204.166666666666,4976.133241758242,5365.39558573854
2023,SEMBAWANG,4 ROOM,historical_non_mature,80,85,11,80.33333333333333,5329.67032967033,5084.943791840344,5525.030525030525
2023,SEMBAWANG,4 ROOM,historical_non_mature,85,90,25,86.16666666666667,5208.333333333333,5020.833333333333,5319.148936170212
2023,SEMBAWANG,4 ROOM,historical_non_mature,90,95,340,94.08333333333333,6236.559139784947,5913.978494623656,6451.612903225807
2023,SEMBAWANG,4 ROOM,historical_non_mature,95,100,15,95.0,6129.032258064516,6004.774193548387,6322.580645161291
2023,SEMBAWANG,5 ROOM,historical_non_mature,70,75,13,74.66666666666667,5123.966942148761,4917.355371900827,5222.214876033057
2023,SEMBAWANG,5 ROOM,historical_non_mature,75,80,154,77.08333333333333,4959.349593495935,4729.72972972973,5254.545454545455
2023,SEMBAWANG,5 ROOM,historical_non_mature,80,85,9,81.25,5090.09009009009,4909.090909090909,5181.818181818182
2023,SEMBAWANG,5 ROOM,historical_non_mature,90,95,79,93.91666666666667,6265.486725663717,6075.221238938053,6442.477876106194
2023,SEMBAWANG,EXECUTIVE,historical_non_mature,70,75,7,74.33333333333333,5250.0,5032.853566958698,5586.75456997303
2023,SEMBAWANG,EXECUTIVE,historical_non_mature,75,80,44,77.08333333333333,4980.916030534351,4750.569800569801,5388.085598611915
2023,SENGKANG,2 ROOM,historical_non_mature,80,85,2,83.04166666666667,7089.636363636364,7054.909090909091,7124.363636363636
2023,SENGKANG,2 ROOM,historical_non_mature,85,90,18,88.66666666666667,7127.659574468085,6786.375,7225.531914893618
2023,SENGKANG,2 ROOM,historical_non_mature,90,95,33,92.58333333333333,7234.04255319149,7065.217391304348,7893.617021276596
2023,SENGKANG,3 ROOM,historical_non_mature,80,85,4,83.16666666666667,5142.045454545454,5042.613636363636,5321.0569550930995
2023,SENGKANG,3 ROOM,historical_non_mature,85,90,33,88.33333333333333,6739.130434782609,6405.797101449275,7028.985507246377
2023,SENGKANG,3 ROOM,historical_non_mature,90,95,97,91.91666666666667,6764.705882352941,6537.313432835821,7104.477611940299
2023,SENGKANG,4 ROOM,historical_non_mature,70,75,39,74.66666666666667,5250.0,5099.019607843137,5392.156862745098
2023,SENGKANG,4 ROOM,historical_non_mature,75,80,279,77.0,5388.888888888889,5197.910999891198,5647.058823529412
2023,SENGKANG,4 ROOM,historical_non_mature,80,85,96,81.66666666666667,6055.555555555556,5624.783111625216,7186.586956521739
2023,SENGKANG,4 ROOM,historical_non_mature,85,90,207,88.16666666666667,6256.860215053764,6010.63829787234,6847.31182795699
2023,SENGKANG,4 ROOM,historical_non_mature,90,95,402,92.25,6344.086021505376,6056.626928471248,6680.851063829788
2023,SENGKANG,4 ROOM,historical_non_mature,95,100,1,95.08333333333333,6576.086956521739,6576.086956521739,6576.086956521739
2023,SENGKANG,5 ROOM,historical_non_mature,70,75,31,74.66666666666667,5082.644628099173,4958.505509641873,5302.961432506887
2023,SENGKANG,5 ROOM,historical_non_mature,75,80,359,77.0,5163.636363636364,4954.545454545455,5419.738842975206
2023,SENGKANG,5 ROOM,historical_non_mature,80,85,36,80.58333333333333,5363.636363636364,5185.770750988142,5568.181818181818
2023,SENGKANG,5 ROOM,historical_non_mature,85,90,9,88.83333333333333,5950.413223140496,5752.212389380531,6398.230088495575
2023,SENGKANG,5 ROOM,historical_non_mature,90,95,198,92.25,6428.571428571428,6088.495575221239,6785.714285714285
2023,SENGKANG,EXECUTIVE,historical_non_mature,70,75,12,74.5,5405.928478673459,5214.095744680852,5868.305209097579
2023,SENGKANG,EXECUTIVE,historical_non_mature,75,80,97,77.0,5536.0,5384.615384615385,5730.7692307692305
2023,SERANGOON,2 ROOM,historical_mature,50,55,3,53.75,6477.272727272727,6477.272727272727,6511.363636363636
2023,SERANGOON,3 ROOM,historical_mature,50,55,11,53.916666666666664,6171.875,5531.25,6328.125
2023,SERANGOON,3 ROOM,historical_mature,55,60,3,59.5,6216.666666666667,6139.583333333334,6436.458333333334
2023,SERANGOON,3 ROOM,historical_mature,60,65,96,60.916666666666664,5896.827860696518,5623.789612676057,6488.394474637681
2023,SERANGOON,4 ROOM,historical_mature,50,55,3,54.083333333333336,5102.040816326531,5091.836734693878,5408.163265306122
2023,SERANGOON,4 ROOM,historical_mature,55,60,7,59.666666666666664,6236.559139784947,5941.025641025641,6384.615384615385
2023,SERANGOON,4 ROOM,historical_mature,60,65,128,61.333333333333336,6425.29488859764,5864.102564102564,7098.214285714286
2023,SERANGOON,4 ROOM,historical_mature,65,70,27,65.5,5339.805825242718,5097.0873786407765,6610.705387060744
2023,SERANGOON,4 ROOM,historical_mature,70,75,19,73.33333333333333,5338.88,5049.019607843137,5522.772277227723
2023,SERANGOON,4 ROOM,historical_mature,75,80,4,75.20833333333334,7083.333333333334,6603.535353535353,7720.959595959595
2023,SERANGOON,5 ROOM,historical_mature,60,65,23,61.833333333333336,6044.776119402985,5420.3254132231405,6666.44086167186
2023,SERANGOON,5 ROOM,historical_mature,65,70,26,68.41666666666667,5481.607357057177,5327.868852459016,5764.674775251189
2023,SERANGOON,5 ROOM,historical_mature,70,75,17,73.41666666666667,5708.333333333333,5420.16806722689,5833.333333333333
2023,SERANGOON,EXECUTIVE,historical_mature,60,65,20,61.66666666666667,6040.851063829787,5757.284768211921,6826.784024194983
2023,SERANGOON,EXECUTIVE,historical_mature,65,70,26,68.33333333333333,6102.366974186934,5912.638309450391,6392.318654040637
2023,SERANGOON,EXECUTIVE,historical_mature,70,75,7,73.83333333333333,7304.964539007092,6957.34126984127,7635.714285714286
2023,TAMPINES,2 ROOM,historical_mature,85,90,3,87.83333333333333,7444.444444444444,7111.111111111111,7526.570048309179
2023,TAMPINES,2 ROOM,historical_mature,90,95,7,90.16666666666667,7565.217391304348,7336.95652173913,7765.95744680851
2023,TAMPINES,3 ROOM,historical_mature,55,60,81,59.5,5585.365853658536,5400.0,5810.810810810811
2023,TAMPINES,3 ROOM,historical_mature,60,65,250,60.95833333333333,5743.243243243243,5540.540540540541,5944.96670583627
2023,TAMPINES,3 ROOM,historical_mature,65,70,3,69.58333333333333,6216.216216216216,5945.945945945946,6331.081081081081
2023,TAMPINES,3 ROOM,historical_mature,85,90,7,89.75,9483.870967741936,7983.4029850746265,9918.032786885246
2023,TAMPINES,3 ROOM,historical_mature,90,95,58,91.66666666666667,7199.9561018437225,6952.151009657595,7527.173913043478
2023,TAMPINES,3 ROOM,historical_mature,95,100,1,95.25,7720.588235294118,7720.588235294118,7720.588235294118
2023,TAMPINES,4 ROOM,historical_mature,55,60,50,59.75,5401.298168498169,5104.065533980583,5668.173473433782
2023,TAMPINES,4 ROOM,historical_mature,60,65,300,61.333333333333336,5483.103061986557,5241.130636604775,5797.652487961477
2023,TAMPINES,4 ROOM,historical_mature,65,70,42,65.375,5157.7211943579405,5000.0,5506.87324199256
2023,TAMPINES,4 ROOM,historical_mature,70,75,153,72.66666666666667,5430.0,5085.461538461538,5710.0
2023,TAMPINES,4 ROOM,historical_mature,80,85,1,83.91666666666667,8357.478260869566,8357.478260869566,8357.478260869566
2023,TAMPINES,4 ROOM,historical_mature,85,90,10,86.95833333333334,8755.31914893617,8293.729813664597,9064.589665653495
2023,TAMPINES,4 ROOM,historical_mature,90,95,113,93.16666666666667,7204.301075268817,6989.247311827957,7526.881720430108
2023,TAMPINES,4 ROOM,historical_mature,95,100,5,95.16666666666667,7934.782608695652,7804.347826086957,8021.739130434783
2023,TAMPINES,5 ROOM,historical_mature,55,60,12,59.666666666666664,5206.766917293233,4953.007518796992,5393.895185725508
2023,TAMPINES,5 ROOM,historical_mature,60,65,162,63.25,5311.2086776859505,5075.757575757576,5567.806711901706
2023,TAMPINES,5 ROOM,historical_mature,65,70,74,69.16666666666667,5250.889001778003,5080.645161290323,5426.643256286512
2023,TAMPINES,5 ROOM,historical_mature,70,75,109,72.5,5483.333333333333,5247.93388429752,5833.333333333333
2023,TAMPINES,5 ROOM,historical_mature,80,85,13,84.66666666666667,8235.859649122807,8009.259259259259,8407.407407407407
2023,TAMPINES,5 ROOM,historical_mature,85,90,13,87.0,7990.654205607477,7777.777777777777,8153.153153153153
2023,TAMPINES,5 ROOM,historical_mature,90,95,42,93.125,7079.646017699115,6814.159292035398,7464.181286549708
2023,TAMPINES,EXECUTIVE,historical_mature,55,60,1,58.583333333333336,6031.645569620253,6031.645569620253,6031.645569620253
2023,TAMPINES,EXECUTIVE,historical_mature,60,65,70,61.95833333333333,6069.047619047619,5573.825503355704,6325.342465753425
2023,TAMPINES,EXECUTIVE,historical_mature,65,70,21,69.0,5808.219178082192,5563.636363636364,5993.1506849315065
2023,TAMPINES,EXECUTIVE,historical_mature,70,75,33,71.83333333333333,5864.864864864865,5714.285714285715,6043.795620437956
2023,TOA PAYOH,2 ROOM,historical_mature,40,45,14,43.416666666666664,6206.39534883721,5906.976744186047,6507.575757575758
2023,TOA PAYOH,2 ROOM,historical_mature,45,50,9,47.666666666666664,6500.0,6375.0,6750.0
2023,TOA PAYOH,2 ROOM,historical_mature,55,60,8,59.0,5950.0,5876.531914893617,6279.069767441861
2023,TOA PAYOH,3 ROOM,historical_mature,40,45,41,43.75,5353.846153846154,5044.776119402985,5430.7692307692305
2023,TOA PAYOH,3 ROOM,historical_mature,45,50,197,46.666666666666664,5116.9473684210525,4850.746268656716,5522.388059701492
2023,TOA PAYOH,3 ROOM,historical_mature,50,55,13,52.083333333333336,5230.7692307692305,4969.2307692307695,5307.692307692308
2023,TOA PAYOH,3 ROOM,historical_mature,55,60,28,59.375,5764.75315729047,5517.482517482517,6100.929054054054
2023,TOA PAYOH,3 ROOM,historical_mature,60,65,26,60.333333333333336,5970.149253731343,5746.268656716418,6510.524001613554
2023,TOA PAYOH,3 ROOM,historical_mature,85,90,4,87.95833333333334,9921.428571428572,9560.714285714286,10056.742857142857
2023,TOA PAYOH,3 ROOM,historical_mature,90,95,41,94.16666666666667,10323.529411764706,8970.588235294117,10735.29411764706
2023,TOA PAYOH,3 ROOM,historical_mature,95,100,2,95.08333333333333,10867.64705882353,10786.764705882353,10948.529411764706
2023,TOA PAYOH,4 ROOM,historical_mature,45,50,20,49.16666666666667,5074.712643678161,4919.540229885058,5458.416445623342
2023,TOA PAYOH,4 ROOM,historical_mature,50,55,21,51.916666666666664,5387.804878048781,5182.926829268293,5707.317073170731
2023,TOA PAYOH,4 ROOM,historical_mature,55,60,9,59.75,5736.776699029127,5098.0392156862745,6893.203883495145
2023,TOA PAYOH,4 ROOM,historical_mature,60,65,22,60.54166666666667,6168.320926385442,5938.701923076923,6510.7823002240475
2023,TOA PAYOH,4 ROOM,historical_mature,65,70,2,67.0,6224.183583406884,6063.548102383053,6384.819064430715
2023,TOA PAYOH,4 ROOM,historical_mature,70,75,21,73.25,7240.384615384615,6730.7692307692305,7666.666666666667
2023,TOA PAYOH,4 ROOM,historical_mature,75,80,14,76.625,8692.794279427944,8408.14081408141,8958.823529411764
2023,TOA PAYOH,4 ROOM,historical_mature,80,85,31,82.08333333333333,9868.131868131868,9536.672629695886,10329.67032967033
2023,TOA PAYOH,4 ROOM,historical_mature,85,90,20,87.5,10292.735042735043,9851.792943898208,10567.758241758242
2023,TOA PAYOH,4 ROOM,historical_mature,90,95,34,94.125,10500.0,9059.139784946237,10752.685483870968
2023,TOA PAYOH,4 ROOM,historical_mature,95,100,6,95.08333333333333,10215.053763440861,9892.47311827957,10376.344086021505
2023,TOA PAYOH,5 ROOM,historical_mature,45,50,1,45.916666666666664,5227.272727272727,5227.272727272727,5227.272727272727
2023,TOA PAYOH,5 ROOM,historical_mature,50,55,14,52.20833333333333,5542.340012928248,5297.795771479982,5722.222222222223
2023,TOA PAYOH,5 ROOM,historical_mature,55,60,10,59.125,5561.453849832616,5464.015151515152,5716.555801921655
2023,TOA PAYOH,5 ROOM,historical_mature,60,65,18,63.916666666666664,6175.809990964244,5936.3730679156915,6566.189924030388
2023,TOA PAYOH,5 ROOM,historical_mature,65,70,14,68.83333333333333,6239.759344598055,6034.571655208884,6541.583366653339
2023,TOA PAYOH,5 ROOM,historical_mature,70,75,16,73.125,7575.992555831266,7235.537190082645,8062.405289984847
2023,TOA PAYOH,5 ROOM,historical_mature,75,80,13,76.58333333333333,8306.451612903225,7900.0,8738.738738738739
2023,TOA PAYOH,5 ROOM,historical_mature,80,85,6,81.75,9404.036363636364,9292.927272727273,10409.09090909091
2023,TOA PAYOH,5 ROOM,historical_mature,85,90,21,87.83333333333333,10909.09090909091,9772.727272727272,12017.543859649122
2023,TOA PAYOH,EXECUTIVE,historical_mature,55,60,3,59.666666666666664,6854.304635761589,6800.64629378441,7036.423841059603
2023,TOA PAYOH,EXECUTIVE,historical_mature,60,65,17,63.833333333333336,6369.86301369863,6027.397260273972,6770.186335403727
2023,TOA PAYOH,EXECUTIVE,historical_mature,65,70,4,69.16666666666667,7467.80805401495,6880.307295331926,7908.608632746564
2023,WOODLANDS,2 ROOM,historical_non_mature,90,95,47,94.08333333333333,7127.659574468085,6840.425531914893,7425.531914893617
2023,WOODLANDS,2 ROOM,historical_non_mature,95,100,2,95.04166666666666,7366.008958566629,7035.855543113102,7696.162374020157
2023,WOODLANDS,3 ROOM,historical_non_mature,45,50,2,49.791666666666664,4715.384615384615,4573.076923076923,4857.692307692308
2023,WOODLANDS,3 ROOM,historical_non_mature,50,55,48,52.125,4769.2307692307695,4615.384615384615,4846.153846153846
2023,WOODLANDS,3 ROOM,historical_non_mature,55,60,22,56.875,4779.411764705882,4683.823529411764,4926.470588235294
2023,WOODLANDS,3 ROOM,historical_non_mature,60,65,57,60.75,5223.880597014925,5000.0,5397.058823529412
2023,WOODLANDS,3 ROOM,historical_non_mature,65,70,26,69.25,5219.178082191781,5136.986301369863,5448.630136986301
2023,WOODLANDS,3 ROOM,historical_non_mature,70,75,6,70.91666666666666,5239.130434782608,5208.457415128052,5263.746803069054
2023,WOODLANDS,3 ROOM,historical_non_mature,85,90,7,89.08333333333333,6343.2835820895525,6185.731343283582,6574.626865671642
2023,WOODLANDS,3 ROOM,historical_non_mature,90,95,94,94.0,6385.206321334504,6176.470588235294,6567.164179104478
2023,WOODLANDS,3 ROOM,historical_non_mature,95,100,11,95.08333333333333,6544.117647058823,6474.264705882353,6948.529411764706
2023,WOODLANDS,4 ROOM,historical_non_mature,45,50,1,49.916666666666664,4222.222222222223,4222.222222222223,4222.222222222223
2023,WOODLANDS,4 ROOM,historical_non_mature,50,55,43,53.0,4226.80412371134,4112.373737373738,4335.278123937918
2023,WOODLANDS,4 ROOM,historical_non_mature,55,60,12,56.33333333333333,4082.0534399326743,4035.714285714286,4254.598662207358
2023,WOODLANDS,4 ROOM,historical_non_mature,60,65,60,61.5,4743.41804029304,4606.796116504855,4942.064175067617
2023,WOODLANDS,4 ROOM,historical_non_mature,65,70,34,68.91666666666667,4877.450980392157,4660.194174757282,5113.0952380952385
2023,WOODLANDS,4 ROOM,historical_non_mature,70,75,366,73.29166666666666,4870.6435643564355,4685.854341736695,5079.021739130435
2023,WOODLANDS,4 ROOM,historical_non_mature,75,80,148,76.16666666666667,5094.80589503954,4897.959240924092,5294.838235294117
2023,WOODLANDS,4 ROOM,historical_non_mature,80,85,5,80.08333333333333,5222.222222222223,5209.866666666667,5244.444444444444
2023,WOODLANDS,4 ROOM,historical_non_mature,85,90,18,89.25,5810.834502103787,5698.924731182796,5978.260869565217
2023,WOODLANDS,4 ROOM,historical_non_mature,90,95,261,94.0,5923.913043478261,5752.688172043011,6237.913043478261
2023,WOODLANDS,4 ROOM,historical_non_mature,95,100,10,95.08333333333333,6612.903225806452,6410.451612903225,6733.870967741935
2023,WOODLANDS,5 ROOM,historical_non_mature,50,55,16,53.54166666666667,4044.226830517153,3894.5712037765543,4124.04688354292
2023,WOODLANDS,5 ROOM,historical_non_mature,60,65,19,61.333333333333336,4338.842975206611,4098.636027682591,4561.475409836065
2023,WOODLANDS,5 ROOM,historical_non_mature,65,70,14,69.125,4627.7372262773715,4493.837501495753,4795.931992166637
2023,WOODLANDS,5 ROOM,historical_non_mature,70,75,276,73.25,4795.081967213115,4651.162790697675,4965.520776380536
2023,WOODLANDS,5 ROOM,historical_non_mature,75,80,146,76.41666666666667,4958.677685950413,4818.181818181818,5109.936575052854
2023,WOODLANDS,5 ROOM,historical_non_mature,80,85,3,80.16666666666667,5045.454545454545,4985.854545454546,5195.454545454545
2023,WOODLANDS,5 ROOM,historical_non_mature,85,90,3,89.16666666666667,5892.857142857143,5781.25,5982.142857142857
2023,WOODLANDS,5 ROOM,historical_non_mature,90,95,105,94.25,5769.911504424779,5517.857142857143,6061.946902654868
2023,WOODLANDS,5 ROOM,historical_non_mature,95,100,4,95.0,6415.929203539823,6349.557522123893,6537.610619469027
2023,WOODLANDS,EXECUTIVE,historical_non_mature,60,65,10,64.45833333333334,5448.630136986301,5075.342465753425,5590.753424657534
2023,WOODLANDS,EXECUTIVE,historical_non_mature,65,70,17,69.58333333333333,5317.460317460317,4973.958333333333,5539.772727272727
2023,WOODLANDS,EXECUTIVE,historical_non_mature,70,75,122,71.625,5347.36038609278,5170.953798185941,5530.0550513316475
2023,WOODLANDS,EXECUTIVE,historical_non_mature,75,80,41,75.83333333333333,5177.304964539007,5035.4609929078015,5352.112676056338
2023,YISHUN,2 ROOM,historical_non_mature,75,80,4,76.08333333333334,7226.1,6837.5,7532.9
2023,YISHUN,2 ROOM,historical_non_mature,85,90,7,89.5,6229.166666666667,6041.666666666667,6250.0
2023,YISHUN,2 ROOM,historical_non_mature,90,95,56,94.08333333333333,7000.0,6702.127659574468,7367.021276595744
2023,YISHUN,2 ROOM,historical_non_mature,95,100,3,95.0,7361.702127659574,7244.680851063829,7436.170212765957
2023,YISHUN,3 ROOM,historical_non_mature,50,55,7,53.666666666666664,5073.529411764706,4985.294117647059,5223.880597014926
2023,YISHUN,3 ROOM,historical_non_mature,55,60,52,59.25,5171.641791044776,4898.566249176005,5442.82265144864
2023,YISHUN,3 ROOM,historical_non_mature,60,65,295,61.666666666666664,5437.5,5205.479452054795,5671.437333878553
2023,YISHUN,3 ROOM,historical_non_mature,65,70,9,65.25,5068.493150684932,4932.4324324324325,5937.5
2023,YISHUN,3 ROOM,historical_non_mature,75,80,2,75.33333333333334,6490.733333333334,6486.099999999999,6495.366666666667
2023,YISHUN,3 ROOM,historical_non_mature,85,90,20,89.33333333333333,6141.791044776119,5970.149253731343,7149.253731343283
2023,YISHUN,3 ROOM,historical_non_mature,90,95,115,93.75,6382.35294117647,6176.470588235294,6617.64705882353
2023,YISHUN,3 ROOM,historical_non_mature,95,100,1,95.0,6911.764705882353,6911.764705882353,6911.764705882353
2023,YISHUN,4 ROOM,historical_non_mature,50,55,1,54.5,4222.222222222223,4222.222222222223,4222.222222222223
2023,YISHUN,4 ROOM,historical_non_mature,55,60,19,59.583333333333336,4892.4731182795695,4604.011579818031,5384.615384615385
2023,YISHUN,4 ROOM,historical_non_mature,60,65,460,62.875,4910.714285714286,4707.896270396271,5153.952544873371
2023,YISHUN,4 ROOM,historical_non_mature,65,70,24,68.20833333333334,4583.882783882784,4494.047619047619,5109.582417582417
2023,YISHUN,4 ROOM,historical_non_mature,70,75,3,70.66666666666667,4857.142857142857,4604.4973544973545,4873.015873015873
2023,YISHUN,4 ROOM,historical_non_mature,75,80,4,76.58333333333333,5367.995169082125,5306.989247311828,5395.216196846632
2023,YISHUN,4 ROOM,historical_non_mature,85,90,79,88.58333333333333,5706.521739130435,5540.556334735858,5978.377746610566
2023,YISHUN,4 ROOM,historical_non_mature,90,95,276,93.5,5901.565217391304,5698.924731182796,6129.032258064516
2023,YISHUN,4 ROOM,historical_non_mature,95,100,3,95.0,6021.5053763440865,5887.096774193549,6075.268817204302
2023,YISHUN,5 ROOM,historical_non_mature,55,60,1,58.5,4462.809917355372,4462.809917355372,4462.809917355372
2023,YISHUN,5 ROOM,historical_non_mature,60,65,126,63.25,4946.025199837421,4684.980620155038,5236.07912207018
2023,YISHUN,5 ROOM,historical_non_mature,65,70,8,68.25,4972.2121101808025,4835.141131517317,5113.686289120716
2023,YISHUN,5 ROOM,historical_non_mature,70,75,4,70.95833333333334,4900.650406504064,4706.044776119403,5149.210903873744
2023,YISHUN,5 ROOM,historical_non_mature,75,80,11,76.58333333333333,5262.618181818182,5147.321428571428,5428.165584415585
2023,YISHUN,5 ROOM,historical_non_mature,85,90,3,88.91666666666667,7642.857142857143,7566.464285714286,7700.392857142857
2023,YISHUN,5 ROOM,historical_non_mature,90,95,166,93.75,6003.929203539823,5709.821428571428,6283.185840707964
2023,YISHUN,EXECUTIVE,historical_non_mature,60,65,51,63.75,5479.45205479452,5347.289214740498,5654.929577464789
2023,YISHUN,EXECUTIVE,historical_non_mature,65,70,9,68.16666666666667,5853.658536585366,5701.219512195122,5945.121951219512
2023,YISHUN,MULTI-GENERATION,historical_non_mature,60,65,3,63.5,5880.503144654088,5663.715259477882,5957.011348863357
2024,ANG MO KIO,2 ROOM,historical_mature,50,55,12,52.54166666666667,6681.818181818182,6545.454545454545,6835.227272727273
2024,ANG MO KIO,2 ROOM,historical_mature,55,60,1,55.583333333333336,7329.545454545455,7329.545454545455,7329.545454545455
2024,ANG MO KIO,2 ROOM,historical_mature,60,65,9,60.666666666666664,7111.111111111111,6888.888888888889,7288.888888888889
2024,ANG MO KIO,3 ROOM,historical_mature,50,55,335,53.666666666666664,5792.682926829269,5586.800573888091,6147.058823529412
2024,ANG MO KIO,3 ROOM,historical_mature,55,60,188,55.5,5762.35294117647,5588.235294117647,6029.411764705882
2024,ANG MO KIO,3 ROOM,historical_mature,60,65,13,60.583333333333336,6250.0,6133.333333333333,6811.594202898551
2024,ANG MO KIO,3 ROOM,historical_mature,85,90,13,87.41666666666667,9071.42857142857,8598.4,9428.57142857143
2024,ANG MO KIO,3 ROOM,historical_mature,90,95,22,93.125,9963.235294117647,9191.176470588236,10588.235294117647
2024,ANG MO KIO,4 ROOM,historical_mature,50,55,129,53.5,5836.734693877551,5543.478260869565,6185.567010309278
2024,ANG MO KIO,4 ROOM,historical_mature,55,60,70,55.666666666666664,5687.936454849498,5376.344086021505,5928.810320114668
2024,ANG MO KIO,4 ROOM,historical_mature,65,70,7,67.66666666666667,6132.075471698113,6053.921568627451,6360.735849056604
2024,ANG MO KIO,4 ROOM,historical_mature,70,75,1,71.25,6168.22429906542,6168.22429906542,6168.22429906542
2024,ANG MO KIO,4 ROOM,historical_mature,75,80,27,76.66666666666667,8555.555555555555,8011.111111111111,8915.032679738562
2024,ANG MO KIO,4 ROOM,historical_mature,80,85,8,80.83333333333333,8119.298245614034,7935.964912280701,8585.964912280702
2024,ANG MO KIO,4 ROOM,historical_mature,85,90,17,87.0,9888.888888888889,9538.461538461539,10333.333333333334
2024,ANG MO KIO,4 ROOM,historical_mature,90,95,49,93.41666666666667,10322.58064516129,9665.462365591398,10591.397849462366
2024,ANG MO KIO,5 ROOM,historical_mature,50,55,41,53.666666666666664,6293.176470588235,5933.333333333333,6625.0
2024,ANG MO KIO,5 ROOM,historical_mature,55,60,33,55.5,5847.457627118644,5550.847457627118,6554.621848739495
2024,ANG MO KIO,5 ROOM,historical_mature,60,65,1,60.583333333333336,7134.914285714286,7134.914285714286,7134.914285714286
2024,ANG MO KIO,5 ROOM,historical_mature,65,70,6,68.04166666666667,6377.990997393983,5935.362562189054,6513.88888888889
2024,ANG MO KIO,5 ROOM,historical_mature,70,75,9,71.0,6569.343065693431,6165.413533834587,6666.666666666667
2024,ANG MO KIO,5 ROOM,historical_mature,75,80,13,77.75,8981.818181818182,8727.272727272728,9363.636363636364
2024,ANG MO KIO,5 ROOM,historical_mature,80,85,6,80.91666666666667,8445.454545454546,8056.818181818182,8677.272727272728
2024,ANG MO KIO,5 ROOM,historical_mature,85,90,20,86.58333333333333,9652.818772136954,9061.771561771562,10203.157448611993
2024,ANG MO KIO,5 ROOM,historical_mature,90,95,15,92.75,9557.522123893805,9415.929203539823,10304.814159292036
2024,ANG MO KIO,EXECUTIVE,historical_mature,50,55,3,54.083333333333336,7586.206896551724,7198.011423735985,7593.373386926169
2024,ANG MO KIO,EXECUTIVE,historical_mature,55,60,2,55.29166666666667,6841.869442338181,6611.118770248845,7072.620114427517
2024,ANG MO KIO,EXECUTIVE,historical_mature,70,75,10,70.83333333333333,7194.662480376766,6536.472697186983,7598.514821029083
2024,BEDOK,2 ROOM,historical_mature,50,55,5,53.333333333333336,6590.909090909091,6545.454545454545,6711.111111111111
2024,BEDOK,2 ROOM,historical_mature,60,65,8,61.20833333333333,6866.666666666666,6611.111111111111,6916.666666666666
2024,BEDOK,2 ROOM,historical_mature,90,95,2,91.33333333333333,7765.95744680851,7712.765957446809,7819.148936170212
2024,BEDOK,3 ROOM,historical_mature,45,50,25,47.416666666666664,5552.123076923077,5276.923076923077,5846.153846153846
2024,BEDOK,3 ROOM,historical_mature,50,55,322,53.04166666666667,5820.895522388059,5536.3467278989665,6114.718344965105
2024,BEDOK,3 ROOM,historical_mature,55,60,100,56.375,5661.764705882353,5436.707317073171,6007.35294117647
2024,BEDOK,3 ROOM,historical_mature,60,65,66,60.666666666666664,6099.9104477611945,5943.319118692254,6392.922794117647
2024,BEDOK,3 ROOM,historical_mature,80,85,2,84.83333333333334,9536.231884057972,9536.231884057972,9536.231884057972
2024,BEDOK,3 ROOM,historical_mature,85,90,6,87.125,9276.119402985074,8826.08695652174,9594.581440622973
2024,BEDOK,3 ROOM,historical_mature,90,95,14,93.58333333333334,8455.882352941177,8382.35294117647,8705.882352941177
2024,BEDOK,3 ROOM,historical_mature,95,100,1,95.0,8455.882352941177,8455.882352941177,8455.882352941177
2024,BEDOK,4 ROOM,historical_mature,45,50,3,49.666666666666664,5426.829268292683,5365.8536585365855,5950.536585365853
2024,BEDOK,4 ROOM,historical_mature,50,55,168,53.083333333333336,5494.505494505494,5298.913043478262,5733.56309650053
2024,BEDOK,4 ROOM,historical_mature,55,60,63,56.416666666666664,5625.0,5316.274247491639,6006.553687276579
2024,BEDOK,4 ROOM,historical_mature,60,65,70,61.5,6108.067498844198,5826.465201465201,6376.976190476191
2024,BEDOK,4 ROOM,historical_mature,65,70,1,67.66666666666667,7082.865384615385,7082.865384615385,7082.865384615385
2024,BEDOK,4 ROOM,historical_mature,70,75,20,71.5,6259.952232606438,6125.0,6607.03579615588
2024,BEDOK,4 ROOM,historical_mature,75,80,31,75.41666666666667,7028.571428571428,6566.133333333333,7278.571428571429
2024,BEDOK,4 ROOM,historical_mature,80,85,27,80.66666666666667,8043.478260869565,7608.695652173913,9297.872340425532
2024,BEDOK,4 ROOM,historical_mature,85,90,18,85.41666666666667,9246.770944424694,8656.238890863846,9629.310344827587
2024,BEDOK,4 ROOM,historical_mature,90,95,51,93.66666666666667,8548.387096774193,8037.634408602151,9086.021505376344
2024,BEDOK,5 ROOM,historical_mature,45,50,5,49.666666666666664,6260.504201680672,6239.316239316239,6564.102564102564
2024,BEDOK,5 ROOM,historical_mature,50,55,67,53.083333333333336,5745.762711864407,5305.034834446598,6033.905736207526
2024,BEDOK,5 ROOM,historical_mature,55,60,51,57.0,5247.93388429752,5018.796992481203,5688.01652892562
2024,BEDOK,5 ROOM,historical_mature,60,65,25,61.5,6049.180327868852,5393.44262295082,7503.937007874016
2024,BEDOK,5 ROOM,historical_mature,65,70,19,67.91666666666667,6353.383458646616,5908.469945355191,6529.616724738677
2024,BEDOK,5 ROOM,historical_mature,70,75,29,71.41666666666667,6515.151515151515,6256.0,6842.105263157895
2024,BEDOK,5 ROOM,historical_mature,75,80,29,75.58333333333333,7043.478260869565,6869.565217391304,7217.391304347826
2024,BEDOK,5 ROOM,historical_mature,80,85,3,80.66666666666667,7163.636363636364,7150.0,7354.545454545454
2024,BEDOK,5 ROOM,historical_mature,85,90,9,89.33333333333333,9333.333333333334,8812.5,9428.57142857143
2024,BEDOK,5 ROOM,historical_mature,90,95,15,93.5,8601.769911504425,8340.70796460177,8672.566371681416
2024,BEDOK,EXECUTIVE,historical_mature,50,55,1,53.583333333333336,5521.472392638037,5521.472392638037,5521.472392638037
2024,BEDOK,EXECUTIVE,historical_mature,55,60,12,59.04166666666667,6292.548511091558,6109.03597259231,6789.172535211268
2024,BEDOK,EXECUTIVE,historical_mature,60,65,16,61.66666666666667,6205.598812146757,5929.195804195804,6921.232876712329
2024,BEDOK,EXECUTIVE,historical_mature,65,70,19,68.0,6746.575342465753,6376.262626262626,7024.137931034483
2024,BEDOK,EXECUTIVE,historical_mature,70,75,13,71.16666666666667,6879.492957746479,6643.835616438356,7586.206896551724
2024,BISHAN,3 ROOM,historical_mature,45,50,11,48.333333333333336,5571.882352941177,5095.588235294118,5637.6
2024,BISHAN,3 ROOM,historical_mature,55,60,6,59.54166666666667,8200.65671641791,8148.8358208955215,8231.34328358209
2024,BISHAN,3 ROOM,historical_mature,60,65,34,62.166666666666664,7953.125,7578.125,8375.0
2024,BISHAN,4 ROOM,historical_mature,45,50,5,49.083333333333336,4886.363636363636,4885.090909090909,4943.181818181818
2024,BISHAN,4 ROOM,historical_mature,55,60,5,59.583333333333336,7478.260869565217,7173.913043478261,7771.739130434783
2024,BISHAN,4 ROOM,historical_mature,60,65,89,62.0,7742.857142857143,7156.862745098039,8338.825242718447
2024,BISHAN,4 ROOM,historical_mature,65,70,75,67.0,7500.0,7054.797917183238,7827.172009525554
2024,BISHAN,4 ROOM,historical_mature,70,75,9,73.0,8137.254901960784,8019.607843137255,8823.529411764706
2024,BISHAN,4 ROOM,historical_mature,85,90,4,86.04166666666667,10526.315789473683,9973.684210526317,11084.21052631579
2024,BISHAN,5 ROOM,historical_mature,55,60,2,59.375,7648.760330578512,7576.446280991736,7721.074380165289
2024,BISHAN,5 ROOM,historical_mature,60,65,70,62.29166666666667,7776.859504132231,7262.838306731437,8072.516393442623
2024,BISHAN,5 ROOM,historical_mature,65,70,11,66.75,7688.888888888889,7472.821194917546,7998.792800702371
2024,BISHAN,5 ROOM,historical_mature,70,75,12,73.08333333333333,8397.213196264194,8105.371900826446,8467.265067526709
2024,BISHAN,5 ROOM,historical_mature,85,90,10,86.25,12137.5,11183.333333333334,12737.5
2024,BISHAN,EXECUTIVE,historical_mature,60,65,14,61.91666666666667,8350.775893179358,7570.025843881856,8637.730061349692
2024,BISHAN,EXECUTIVE,historical_mature,65,70,24,67.04166666666666,8310.206571951538,8024.278676988037,8615.650534255186
2024,BISHAN,MULTI-GENERATION,historical_mature,60,65,1,62.416666666666664,7313.432835820896,7313.432835820896,7313.432835820896
2024,BUKIT BATOK,2 ROOM,historical_non_mature,90,95,97,94.5,7702.127659574468,7340.425531914893,8191.489361702128
2024,BUKIT BATOK,2 ROOM,historical_non_mature,95,100,17,95.0,7446.808510638298,7295.489361702128,7765.95744680851
2024,BUKIT BATOK,3 ROOM,historical_non_mature,55,60,115,59.5,5684.931506849315,5479.45205479452,5850.558081852005
2024,BUKIT BATOK,3 ROOM,historical_non_mature,60,65,202,61.875,5647.058823529412,5442.82265144864,5913.182218309859
2024,BUKIT BATOK,3 ROOM,historical_non_mature,70,75,3,72.75,5820.895522388059,5485.074626865671,5924.537313432836
2024,BUKIT BATOK,3 ROOM,historical_non_mature,90,95,99,93.91666666666667,7164.179104477612,6851.953467954346,7582.089552238806
2024,BUKIT BATOK,3 ROOM,historical_non_mature,95,100,9,95.0,6941.176470588235,6617.64705882353,7029.411764705882
2024,BUKIT BATOK,4 ROOM,historical_non_mature,55,60,101,59.583333333333336,5215.05376344086,5000.0,5430.10752688172
2024,BUKIT BATOK,4 ROOM,historical_non_mature,60,65,149,61.0,5223.300970873786,5000.0,5416.666666666667
2024,BUKIT BATOK,4 ROOM,historical_non_mature,70,75,47,72.58333333333333,5600.0,5368.446601941748,5867.330962222435
2024,BUKIT BATOK,4 ROOM,historical_non_mature,75,80,35,79.5,6141.304347826087,5836.347826086956,6327.155555555555
2024,BUKIT BATOK,4 ROOM,historical_non_mature,80,85,4,80.0,5888.888888888889,5824.27536231884,5911.11111111111
2024,BUKIT BATOK,4 ROOM,historical_non_mature,90,95,431,94.0,6881.720430107527,6602.1505376344085,7139.877512856476
2024,BUKIT BATOK,4 ROOM,historical_non_mature,95,100,43,95.0,6688.1720430107525,6542.408602150537,6774.193548387097
2024,BUKIT BATOK,5 ROOM,historical_non_mature,55,60,10,59.833333333333336,5244.51605608322,5210.928826939682,5295.454545454545
2024,BUKIT BATOK,5 ROOM,historical_non_mature,60,65,38,60.5,5071.212121212122,4836.065573770492,5296.556197664819
2024,BUKIT BATOK,5 ROOM,historical_non_mature,70,75,38,72.08333333333333,6011.730659802195,5615.042711299396,6413.8418079096045
2024,BUKIT BATOK,5 ROOM,historical_non_mature,75,80,24,79.375,6086.95652173913,5752.118644067796,6331.628164678722
2024,BUKIT BATOK,5 ROOM,historical_non_mature,80,85,1,80.16666666666667,5608.695652173913,5608.695652173913,5608.695652173913
2024,BUKIT BATOK,5 ROOM,historical_non_mature,90,95,188,93.91666666666667,6964.285714285715,6526.080179788314,7321.428571428572
2024,BUKIT BATOK,5 ROOM,historical_non_mature,95,100,6,95.08333333333333,6902.654867256637,6637.16814159292,6988.938053097345
2024,BUKIT BATOK,EXECUTIVE,historical_non_mature,55,60,17,59.666666666666664,6028.193103448276,5648.148148148148,6166.666666666667
2024,BUKIT BATOK,EXECUTIVE,historical_non_mature,60,65,37,61.166666666666664,5650.684931506849,5405.405405405405,5866.666666666667
2024,BUKIT BATOK,EXECUTIVE,historical_non_mature,65,70,8,67.70833333333333,5449.410163339383,5347.038527889591,5628.5874125874125
2024,BUKIT BATOK,EXECUTIVE,historical_non_mature,70,75,13,72.5,6172.833333333333,6027.777777777777,6631.2056737588655
2024,BUKIT MERAH,1 ROOM,historical_mature,45,50,7,49.416666666666664,8548.387096774193,8096.774193548387,8596.774193548386
2024,BUKIT MERAH,1 ROOM,historical_mature,50,55,4,50.0,7580.645161290322,7419.354838709677,7758.064516129032
2024,BUKIT MERAH,2 ROOM,historical_mature,40,45,10,44.41666666666667,6331.024245423057,6196.808510638298,6558.481980026053
2024,BUKIT MERAH,2 ROOM,historical_mature,45,50,9,46.25,6444.444444444444,6113.674418604651,6581.395348837209
2024,BUKIT MERAH,2 ROOM,historical_mature,50,55,11,50.666666666666664,6818.181818181818,6628.787878787879,7000.0
2024,BUKIT MERAH,2 ROOM,historical_mature,85,90,3,88.0,10957.446808510638,10617.021276595744,11042.553191489362
2024,BUKIT MERAH,2 ROOM,historical_mature,90,95,2,93.58333333333334,10702.127659574468,10702.127659574468,10702.127659574468
2024,BUKIT MERAH,3 ROOM,historical_mature,40,45,35,43.916666666666664,5700.0,5206.279921148972,6100.0
2024,BUKIT MERAH,3 ROOM,historical_mature,45,50,94,47.833333333333336,6097.001303780965,5697.802197802198,7506.687062937062
2024,BUKIT MERAH,3 ROOM,historical_mature,50,55,96,50.875,5803.214695752009,5503.846153846153,6080.0803673938
2024,BUKIT MERAH,3 ROOM,historical_mature,55,60,50,57.70833333333333,6259.328358208955,5977.611940298508,6775.448227611941
2024,BUKIT MERAH,3 ROOM,historical_mature,60,65,2,62.16666666666667,6366.653418124006,6277.921303656598,6455.385532591415
2024,BUKIT MERAH,3 ROOM,historical_mature,75,80,5,77.75,10916.666666666666,10633.333333333334,11333.333333333334
2024,BUKIT MERAH,3 ROOM,historical_mature,80,85,12,83.375,11591.666666666668,11491.666666666666,11666.666666666666
2024,BUKIT MERAH,3 ROOM,historical_mature,85,90,15,87.91666666666667,11130.434782608696,10961.812144212523,11377.980364656381
2024,BUKIT MERAH,3 ROOM,historical_mature,90,95,69,93.66666666666667,10336.588235294117,9852.941176470587,10735.29411764706
2024,BUKIT MERAH,4 ROOM,historical_mature,40,45,2,44.83333333333333,5819.256756756757,5722.128378378378,5916.385135135135
2024,BUKIT MERAH,4 ROOM,historical_mature,45,50,14,49.33333333333333,6172.83950617284,5953.3618984838495,6344.512195121951
2024,BUKIT MERAH,4 ROOM,historical_mature,50,55,41,51.333333333333336,6304.347826086957,5914.634146341464,6521.739130434783
2024,BUKIT MERAH,4 ROOM,historical_mature,55,60,16,59.125,6394.2307692307695,6294.4587628865975,6682.900093955528
2024,BUKIT MERAH,4 ROOM,historical_mature,60,65,9,61.416666666666664,7261.9047619047615,6845.238095238095,7747.252747252747
2024,BUKIT MERAH,4 ROOM,historical_mature,70,75,19,71.66666666666667,7830.188679245283,7336.428571428572,7985.8490566037735
2024,BUKIT MERAH,4 ROOM,historical_mature,75,80,72,77.54166666666666,9881.860465116279,9167.608695652174,10538.888888888889
2024,BUKIT MERAH,4 ROOM,historical_mature,80,85,58,81.83333333333333,9800.0,9395.0,10308.333333333334
2024,BUKIT MERAH,4 ROOM,historical_mature,85,90,48,87.91666666666667,10365.591397849461,10015.95744680851,10918.66028708134
2024,BUKIT MERAH,4 ROOM,historical_mature,90,95,154,93.66666666666667,9940.258064516129,9516.129032258064,10577.956989247312
2024,BUKIT MERAH,5 ROOM,historical_mature,45,50,5,49.333333333333336,7857.142857142857,6842.105263157895,8421.052631578947
2024,BUKIT MERAH,5 ROOM,historical_mature,50,55,40,52.75,6653.333333333334,6142.031171442936,7233.943089430894
2024,BUKIT MERAH,5 ROOM,historical_mature,55,60,24,58.66666666666667,7703.882695370421,6526.980083371931,8450.499655862846
2024,BUKIT MERAH,5 ROOM,historical_mature,60,65,5,60.833333333333336,6680.327868852459,6065.573770491803,6992.753623188406
2024,BUKIT MERAH,5 ROOM,historical_mature,65,70,1,69.66666666666667,8158.730158730159,8158.730158730159,8158.730158730159
2024,BUKIT MERAH,5 ROOM,historical_mature,70,75,18,71.66666666666667,7976.017441860466,7031.818181818182,8881.98132210218
2024,BUKIT MERAH,5 ROOM,historical_mature,75,80,46,77.20833333333334,9013.04347826087,8537.872727272728,9494.565217391304
2024,BUKIT MERAH,5 ROOM,historical_mature,80,85,26,80.5,9260.869565217392,7812.5,9995.652173913044
2024,BUKIT MERAH,5 ROOM,historical_mature,85,90,7,87.58333333333333,11327.433628318584,10707.964601769912,11888.462350566682
2024,BUKIT MERAH,5 ROOM,historical_mature,90,95,11,93.75,12743.362831858407,11946.902654867257,13119.469026548672
2024,BUKIT PANJANG,2 ROOM,historical_non_mature,85,90,7,89.5,7510.63829787234,6946.808510638299,7553.191489361702
2024,BUKIT PANJANG,2 ROOM,historical_non_mature,90,95,10,90.33333333333334,6967.391304347826,6670.212765957447,7239.36170212766
2024,BUKIT PANJANG,3 ROOM,historical_non_mature,60,65,82,63.16666666666667,5547.945205479452,5331.7101883561645,5787.287671232876
2024,BUKIT PANJANG,3 ROOM,historical_non_mature,85,90,19,88.5,7014.925373134329,6776.119402985074,7253.731343283582
2024,BUKIT PANJANG,3 ROOM,historical_non_mature,90,95,18,90.66666666666667,6888.059701492537,6613.970588235294,7024.865671641792
2024,BUKIT PANJANG,4 ROOM,historical_non_mature,60,65,106,63.25,5041.116131441374,4866.98717948718,5221.047156726769
2024,BUKIT PANJANG,4 ROOM,historical_non_mature,70,75,89,73.0,5454.545454545455,5098.0392156862745,6295.920792079208
2024,BUKIT PANJANG,4 ROOM,historical_non_mature,75,80,72,77.29166666666666,5721.062365591398,5383.333333333333,6166.666666666667
2024,BUKIT PANJANG,4 ROOM,historical_non_mature,80,85,2,80.04166666666666,6175.627240143369,6152.329749103943,6198.924731182796
2024,BUKIT PANJANG,4 ROOM,historical_non_mature,85,90,43,88.66666666666667,6311.8279569892475,6091.397849462366,6521.739130434783
2024,BUKIT PANJANG,4 ROOM,historical_non_mature,90,95,58,90.41666666666667,6394.576905095839,6142.47311827957,6645.826086956522
2024,BUKIT PANJANG,5 ROOM,historical_non_mature,60,65,42,63.5,5026.993936567164,4924.180327868852,5189.693131012058
2024,BUKIT PANJANG,5 ROOM,historical_non_mature,70,75,107,73.5,5867.768595041322,5310.99324975892,6637.5
2024,BUKIT PANJANG,5 ROOM,historical_non_mature,75,80,96,77.0,5714.905814905815,5359.090909090909,6185.913185913186
2024,BUKIT PANJANG,5 ROOM,historical_non_mature,80,85,2,80.08333333333334,6031.3090909090915,6006.563636363636,6056.054545454546
2024,BUKIT PANJANG,5 ROOM,historical_non_mature,85,90,3,89.83333333333333,6339.285714285715,6272.321428571429,6397.321428571429
2024,BUKIT PANJANG,5 ROOM,historical_non_mature,90,95,25,90.83333333333333,6415.929203539823,6212.3893805309735,6597.214285714285
2024,BUKIT PANJANG,EXECUTIVE,historical_non_mature,60,65,31,63.25,5719.178082191781,5565.068493150685,6038.732394366198
2024,BUKIT PANJANG,EXECUTIVE,historical_non_mature,70,75,27,73.66666666666667,6271.428571428572,5737.822522305281,6676.710261569417
2024,BUKIT PANJANG,EXECUTIVE,historical_non_mature,75,80,27,76.58333333333333,6076.923076923077,5592.411057692308,6731.751027598356
2024,BUKIT TIMAH,3 ROOM,historical_mature,45,50,8,49.04166666666667,6610.776008885598,6143.557941503146,6891.447368421053
2024,BUKIT TIMAH,3 ROOM,historical_mature,50,55,4,50.708333333333336,6778.3400809716595,6628.28947368421,6980.7692307692305
2024,BUKIT TIMAH,4 ROOM,historical_mature,45,50,11,48.916666666666664,6791.208791208791,5989.010989010989,7160.686998394864
2024,BUKIT TIMAH,4 ROOM,historical_mature,60,65,11,63.833333333333336,8269.23076923077,8018.162393162393,8620.192307692309
2024,BUKIT TIMAH,5 ROOM,historical_mature,45,50,5,49.166666666666664,8083.333333333333,7958.333333333333,8191.666666666667
2024,BUKIT TIMAH,5 ROOM,historical_mature,50,55,1,51.166666666666664,7753.846153846154,7753.846153846154,7753.846153846154
2024,BUKIT TIMAH,5 ROOM,historical_mature,60,65,10,63.70833333333333,9069.213114754097,8709.016393442624,9642.379610655738
2024,BUKIT TIMAH,EXECUTIVE,historical_mature,60,65,12,63.95833333333333,8826.543319694003,8590.639269406392,9178.082191780823
2024,CENTRAL AREA,2 ROOM,historical_mature,45,50,5,46.416666666666664,5660.377358490566,5433.962264150943,6037.735849056604
2024,CENTRAL AREA,2 ROOM,historical_mature,55,60,2,57.375,6397.4358974358975,5865.384615384615,6929.48717948718
2024,CENTRAL AREA,3 ROOM,historical_mature,45,50,17,48.666666666666664,7033.714285714285,6892.307692307692,7500.0
2024,CENTRAL AREA,3 ROOM,historical_mature,50,55,36,51.79166666666667,8220.338983050848,7703.015952143569,8816.0518444666
2024,CENTRAL AREA,3 ROOM,historical_mature,55,60,19,56.916666666666664,7583.333333333333,6898.128898128898,8290.843137254902
2024,CENTRAL AREA,3 ROOM,historical_mature,60,65,9,60.5,7194.444444444444,7067.888888888889,8248.35294117647
2024,CENTRAL AREA,4 ROOM,historical_mature,45,50,4,49.291666666666664,6688.311688311689,6590.909090909092,6761.363636363637
2024,CENTRAL AREA,4 ROOM,historical_mature,50,55,9,54.083333333333336,7298.850574712644,6896.551724137931,8048.780487804878
2024,CENTRAL AREA,4 ROOM,historical_mature,55,60,17,56.833333333333336,7129.62962962963,6768.292682926829,9096.385542168675
2024,CENTRAL AREA,4 ROOM,historical_mature,60,65,3,60.333333333333336,6846.846846846847,6821.481675850608,7309.56203728481
2024,CENTRAL AREA,4 ROOM,historical_mature,75,80,4,77.58333333333334,7933.333333333334,7797.058823529412,8110.0
2024,CENTRAL AREA,4 ROOM,historical_mature,85,90,30,85.41666666666667,14083.132265847773,13577.302631578947,14682.950727883539
2024,CENTRAL AREA,5 ROOM,historical_mature,45,50,1,49.916666666666664,6538.461538461538,6538.461538461538,6538.461538461538
2024,CENTRAL AREA,5 ROOM,historical_mature,55,60,3,58.333333333333336,7194.244604316546,7122.302158273382,7223.0215827338125
2024,CENTRAL AREA,5 ROOM,historical_mature,75,80,5,77.25,7685.714285714285,7247.609523809524,7714.285714285715
2024,CENTRAL AREA,5 ROOM,historical_mature,85,90,15,85.5,13809.52380952381,13420.783266577659,14154.910950449656
2024,CHOA CHU KANG,2 ROOM,historical_non_mature,85,90,6,89.25,7149.629972247919,6872.687326549491,7351.988899167438
2024,CHOA CHU KANG,2 ROOM,historical_non_mature,90,95,5,92.16666666666667,6808.510638297872,6808.510638297872,6808.510638297872
2024,CHOA CHU KANG,3 ROOM,historical_non_mature,50,55,8,53.416666666666664,4966.216216216217,4795.237310481213,5432.835820895522
2024,CHOA CHU KANG,3 ROOM,historical_non_mature,55,60,19,59.166666666666664,5337.8378378378375,5256.756756756757,5471.780604133546
2024,CHOA CHU KANG,3 ROOM,historical_non_mature,60,65,16,64.125,5479.45205479452,5342.465753424657,5684.931506849315
2024,CHOA CHU KANG,3 ROOM,historical_non_mature,85,90,15,89.33333333333333,6791.044776119403,6415.166812993854,6925.482879719051
2024,CHOA CHU KANG,3 ROOM,historical_non_mature,90,95,27,92.33333333333333,6911.764705882353,6611.940298507463,7052.23880597015
2024,CHOA CHU KANG,4 ROOM,historical_non_mature,50,55,12,53.166666666666664,4607.608695652174,4518.719806763285,4769.021739130434
2024,CHOA CHU KANG,4 ROOM,historical_non_mature,55,60,5,56.666666666666664,4615.384615384615,4560.43956043956,4883.495145631068
2024,CHOA CHU KANG,4 ROOM,historical_non_mature,60,65,62,64.29166666666666,4782.813781788351,4660.194174757282,5095.013477088949
2024,CHOA CHU KANG,4 ROOM,historical_non_mature,65,70,150,67.91666666666667,4970.059412132583,4784.134615384615,5179.138811188812
2024,CHOA CHU KANG,4 ROOM,historical_non_mature,70,75,190,73.66666666666667,5046.162355343771,4830.14705882353,5276.5482430596
2024,CHOA CHU KANG,4 ROOM,historical_non_mature,75,80,60,77.25,5353.663003663004,5111.111111111111,5554.276800976801
2024,CHOA CHU KANG,4 ROOM,historical_non_mature,85,90,16,88.75,5983.695652173913,5747.282608695652,6086.95652173913
2024,CHOA CHU KANG,4 ROOM,historical_non_mature,90,95,159,92.08333333333333,6086.95652173913,5810.043010752688,6339.91257597008
2024,CHOA CHU KANG,5 ROOM,historical_non_mature,50,55,7,53.583333333333336,4537.81512605042,4453.781512605043,4672.268907563025
2024,CHOA CHU KANG,5 ROOM,historical_non_mature,55,60,5,59.0,4665.818181818182,4621.212121212121,5105.212121212121
2024,CHOA CHU KANG,5 ROOM,historical_non_mature,60,65,22,63.95833333333333,4864.295081967213,4722.85259449939,5073.394323787558
2024,CHOA CHU KANG,5 ROOM,historical_non_mature,65,70,49,68.5,4961.832061068702,4756.09756097561,5289.256198347108
2024,CHOA CHU KANG,5 ROOM,historical_non_mature,70,75,118,73.0,4958.847039696519,4818.056718918272,5202.479338842975
2024,CHOA CHU KANG,5 ROOM,historical_non_mature,75,80,82,77.41666666666667,5017.672727272728,4818.381818181818,5181.818181818182
2024,CHOA CHU KANG,5 ROOM,historical_non_mature,90,95,124,92.04166666666666,5888.906447534766,5616.387484197219,6258.849557522124
2024,CHOA CHU KANG,EXECUTIVE,historical_non_mature,60,65,27,64.16666666666667,5479.45205479452,5293.553607305936,5746.122753958371
2024,CHOA CHU KANG,EXECUTIVE,historical_non_mature,65,70,43,68.0,5422.077922077922,5228.554340396446,5881.794611267351
2024,CHOA CHU KANG,EXECUTIVE,historical_non_mature,70,75,54,71.66666666666666,5294.905196121002,5079.979879275654,5623.091194519766
2024,CHOA CHU KANG,EXECUTIVE,historical_non_mature,75,80,3,75.16666666666667,4978.87323943662,4889.43661971831,4992.56338028169
2024,CLEMENTI,2 ROOM,historical_mature,85,90,3,88.33333333333333,8979.591836734693,8795.918367346938,9336.734693877552
2024,CLEMENTI,3 ROOM,historical_mature,50,55,143,53.583333333333336,5850.746268656716,5557.972333454678,6206.77102293411
2024,CLEMENTI,3 ROOM,historical_mature,55,60,91,55.583333333333336,5522.388059701492,5297.902379991932,5820.895522388059
2024,CLEMENTI,3 ROOM,historical_mature,60,65,1,60.166666666666664,5746.268656716418,5746.268656716418,5746.268656716418
2024,CLEMENTI,3 ROOM,historical_mature,75,80,2,78.08333333333334,8105.639344262296,8060.098360655738,8151.180327868852
2024,CLEMENTI,3 ROOM,historical_mature,85,90,13,88.33333333333333,9178.082191780823,8698.630136986301,10083.333333333334
2024,CLEMENTI,3 ROOM,historical_mature,90,95,20,92.58333333333333,10300.980392156864,9647.05882352941,10724.63768115942
2024,CLEMENTI,4 ROOM,historical_mature,50,55,67,53.333333333333336,6074.869565217391,5615.400799495055,6532.608695652174
2024,CLEMENTI,4 ROOM,historical_mature,55,60,42,56.333333333333336,5672.043010752688,5215.420449116101,6565.934065934066
2024,CLEMENTI,4 ROOM,historical_mature,60,65,2,61.04166666666667,6172.926617455493,6147.687798523665,6198.165436387321
2024,CLEMENTI,4 ROOM,historical_mature,75,80,16,77.5,9198.755555555555,8888.87912087912,9422.222222222223
2024,CLEMENTI,4 ROOM,historical_mature,80,85,4,81.08333333333334,9600.0,9150.0,9833.333333333334
2024,CLEMENTI,4 ROOM,historical_mature,85,90,44,88.5,10060.802527472528,9345.0,11581.52664859982
2024,CLEMENTI,4 ROOM,historical_mature,90,95,26,92.25,10526.881720430109,9813.612903225807,10978.494623655914
2024,CLEMENTI,5 ROOM,historical_mature,50,55,24,53.416666666666664,6134.06795224977,5582.689075630253,6659.125188536953
2024,CLEMENTI,5 ROOM,historical_mature,55,60,14,59.416666666666664,6496.1301324937685,6020.1884017369375,6805.785123966943
2024,CLEMENTI,5 ROOM,historical_mature,75,80,3,77.5,8727.272727272728,8545.454545454546,8977.272727272728
2024,CLEMENTI,5 ROOM,historical_mature,85,90,12,88.33333333333334,9369.656517174142,9092.920353982301,10174.435028248588
2024,CLEMENTI,5 ROOM,historical_mature,90,95,13,92.41666666666667,10803.57142857143,10442.477876106195,11150.442477876106
2024,CLEMENTI,EXECUTIVE,historical_mature,55,60,10,59.5,7275.1292517006805,7068.0777096114525,7287.714646123351
2024,CLEMENTI,EXECUTIVE,historical_mature,60,65,4,60.16666666666667,6750.0,6619.127516778523,6901.506756756757
2024,GEYLANG,2 ROOM,historical_mature,40,45,14,43.41666666666667,6234.848484848484,5952.380952380952,6440.47619047619
2024,GEYLANG,2 ROOM,historical_mature,45,50,9,45.833333333333336,6888.888888888889,6086.95652173913,7000.0
2024,GEYLANG,2 ROOM,historical_mature,60,65,3,60.666666666666664,7222.222222222223,6777.777777777777,7247.777777777777
2024,GEYLANG,3 ROOM,historical_mature,40,45,85,43.416666666666664,5508.474576271186,5321.428571428572,5803.571428571428
2024,GEYLANG,3 ROOM,historical_mature,45,50,35,45.833333333333336,5750.0,5366.5984804208065,5943.994601889339
2024,GEYLANG,3 ROOM,historical_mature,50,55,57,51.75,5923.076923076923,5538.461538461538,6237.28813559322
2024,GEYLANG,3 ROOM,historical_mature,55,60,42,56.45833333333333,6565.954013715208,5781.417112299465,6904.411764705883
2024,GEYLANG,3 ROOM,historical_mature,60,65,22,60.54166666666667,6782.35294117647,6539.0625,7200.0
2024,GEYLANG,3 ROOM,historical_mature,70,75,4,74.625,6713.396825396825,6648.4375,6886.5014880952385
2024,GEYLANG,3 ROOM,historical_mature,75,80,4,75.04166666666666,6597.718253968254,6384.858630952381,6730.03125
2024,GEYLANG,3 ROOM,historical_mature,80,85,6,81.54166666666666,10216.666666666668,9908.333333333334,10700.0
2024,GEYLANG,3 ROOM,historical_mature,90,95,43,94.75,10718.941176470587,10389.70588235294,11050.0
2024,GEYLANG,3 ROOM,historical_mature,95,100,8,95.0,10698.529411764706,10514.70588235294,10897.05882352941
2024,GEYLANG,4 ROOM,historical_mature,40,45,1,41.75,6177.966101694915,6177.966101694915,6177.966101694915
2024,GEYLANG,4 ROOM,historical_mature,45,50,1,45.583333333333336,4763.995186522263,4763.995186522263,4763.995186522263
2024,GEYLANG,4 ROOM,historical_mature,50,55,17,51.916666666666664,6195.652173913043,5945.054945054945,6413.04347826087
2024,GEYLANG,4 ROOM,historical_mature,55,60,33,58.166666666666664,6488.0952380952385,6141.626373626374,7096.774193548387
2024,GEYLANG,4 ROOM,historical_mature,60,65,53,60.75,5952.380952380952,5722.222222222223,6190.476190476191
2024,GEYLANG,4 ROOM,historical_mature,65,70,1,66.83333333333333,7307.692307692308,7307.692307692308,7307.692307692308
2024,GEYLANG,4 ROOM,historical_mature,70,75,18,72.625,8173.890608875128,7357.980575407733,8557.609937178753
2024,GEYLANG,4 ROOM,historical_mature,75,80,14,79.54166666666666,9611.57804187889,9295.483870967742,10134.408602150539
2024,GEYLANG,4 ROOM,historical_mature,80,85,13,81.41666666666667,9533.333333333334,9235.29411764706,10000.0
2024,GEYLANG,4 ROOM,historical_mature,85,90,7,86.33333333333333,9536.842105263158,9377.419354838708,9681.946802490096
2024,GEYLANG,4 ROOM,historical_mature,90,95,73,94.75,10483.870967741936,10161.290322580646,10698.924731182795
2024,GEYLANG,4 ROOM,historical_mature,95,100,17,95.0,10387.09677419355,10053.763440860215,10752.68817204301
2024,GEYLANG,5 ROOM,historical_mature,45,50,1,49.916666666666664,5679.907692307693,5679.907692307693,5679.907692307693
2024,GEYLANG,5 ROOM,historical_mature,50,55,15,51.583333333333336,6347.826086956522,5747.863247863248,6572.855280312908
2024,GEYLANG,5 ROOM,historical_mature,55,60,17,58.25,6611.570247933884,6237.28813559322,6848.484848484848
2024,GEYLANG,5 ROOM,historical_mature,60,65,4,60.58333333333333,5368.852459016393,5204.918032786885,5661.88524590164
2024,GEYLANG,5 ROOM,historical_mature,65,70,3,66.91666666666667,6295.081967213115,6262.295081967213,6508.196721311475
2024,GEYLANG,5 ROOM,historical_mature,70,75,14,72.79166666666666,8908.333333333332,8462.5,9243.612612612613
2024,GEYLANG,5 ROOM,historical_mature,75,80,5,79.25,9576.576576576577,9216.216216216217,9629.621621621622
2024,GEYLANG,5 ROOM,historical_mature,80,85,2,81.08333333333333,9040.909090909092,8834.09090909091,9247.727272727272
2024,GEYLANG,EXECUTIVE,historical_mature,60,65,24,61.333333333333336,6689.973363774734,6301.369863013699,6863.95998558039
2024,HOUGANG,2 ROOM,historical_non_mature,85,90,9,87.16666666666667,7446.808510638298,7234.04255319149,7531.914893617021
2024,HOUGANG,2 ROOM,historical_non_mature,90,95,43,94.25,7978.723404255319,7647.744680851064,8297.872340425532
2024,HOUGANG,2 ROOM,historical_non_mature,95,100,4,95.0,7159.574468085107,7047.8723404255325,7361.702127659574
2024,HOUGANG,3 ROOM,historical_non_mature,45,50,3,49.833333333333336,5593.220338983051,5338.983050847458,5720.338983050848
2024,HOUGANG,3 ROOM,historical_non_mature,50,55,36,52.54166666666667,5453.197226502311,5170.213790446841,5593.220338983051
2024,HOUGANG,3 ROOM,historical_non_mature,55,60,96,58.083333333333336,5992.537313432836,5597.014925373134,6283.783783783784
2024,HOUGANG,3 ROOM,historical_non_mature,60,65,83,61.5,6148.648648648648,5927.083333333334,6345.554834523037
2024,HOUGANG,3 ROOM,historical_non_mature,65,70,10,67.79166666666666,6167.017027538364,5955.882352941177,6279.064215803293
2024,HOUGANG,3 ROOM,historical_non_mature,85,90,21,88.5,7075.757575757576,6818.181818181818,7611.940298507463
2024,HOUGANG,3 ROOM,historical_non_mature,90,95,58,94.20833333333334,7257.35294117647,6919.117647058823,7500.0
2024,HOUGANG,3 ROOM,historical_non_mature,95,100,1,95.0,7352.941176470588,7352.941176470588,7352.941176470588
2024,HOUGANG,4 ROOM,historical_non_mature,50,55,7,53.166666666666664,5408.163265306122,5177.88908606921,5488.800398208064
2024,HOUGANG,4 ROOM,historical_non_mature,55,60,70,58.416666666666664,5559.717897050742,5368.124483043837,5833.333333333333
2024,HOUGANG,4 ROOM,historical_non_mature,60,65,163,61.416666666666664,5750.0,5481.957649092481,6011.9047619047615
2024,HOUGANG,4 ROOM,historical_non_mature,65,70,62,67.33333333333333,5696.948682385576,5368.378084179971,6187.850074682599
2024,HOUGANG,4 ROOM,historical_non_mature,70,75,95,72.91666666666667,5638.297872340426,5378.949298813377,5995.049504950495
2024,HOUGANG,4 ROOM,historical_non_mature,75,80,25,78.33333333333333,5987.644444444444,5722.222222222223,6277.777777777777
2024,HOUGANG,4 ROOM,historical_non_mature,85,90,38,89.625,7086.062178588125,6693.694483403459,8063.49345488546
2024,HOUGANG,4 ROOM,historical_non_mature,90,95,206,93.91666666666667,6902.699859747545,6532.952080411407,7196.704067321178
2024,HOUGANG,4 ROOM,historical_non_mature,95,100,5,95.0,6648.936170212766,6021.5053763440865,6808.510638297872
2024,HOUGANG,5 ROOM,historical_non_mature,50,55,2,50.04166666666667,5296.747967479674,5282.520325203252,5310.975609756098
2024,HOUGANG,5 ROOM,historical_non_mature,55,60,42,58.833333333333336,5626.711248501671,5239.048659143307,6490.41966873706
2024,HOUGANG,5 ROOM,historical_non_mature,60,65,52,61.75,5596.544715447155,5368.852459016393,6067.137650724834
2024,HOUGANG,5 ROOM,historical_non_mature,65,70,18,67.0,6008.780487804878,5873.183534984957,6312.09375
2024,HOUGANG,5 ROOM,historical_non_mature,70,75,95,73.08333333333333,6034.482758620689,5738.417676407698,6292.385057471265
2024,HOUGANG,5 ROOM,historical_non_mature,75,80,16,78.41666666666667,5640.0,5431.818181818182,5827.272727272727
2024,HOUGANG,5 ROOM,historical_non_mature,85,90,13,89.5,8125.0,7596.3302752293575,8482.142857142857
2024,HOUGANG,5 ROOM,historical_non_mature,90,95,50,92.45833333333334,6919.858407079646,6598.451327433629,7267.699115044248
2024,HOUGANG,EXECUTIVE,historical_non_mature,55,60,30,59.416666666666664,6258.3892617449665,5875.155279503106,6484.58317472402
2024,HOUGANG,EXECUTIVE,historical_non_mature,60,65,48,62.0,6280.8304993735455,6081.081081081081,6632.2685786435795
2024,HOUGANG,EXECUTIVE,historical_non_mature,65,70,33,67.16666666666667,6643.835616438356,6425.79020979021,6923.076923076923
2024,HOUGANG,EXECUTIVE,historical_non_mature,70,75,33,73.75,6262.773722627737,6099.290780141844,6500.0
2024,JURONG EAST,2 ROOM,historical_non_mature,85,90,9,88.58333333333333,7656.545454545455,7159.090909090909,7681.818181818182
2024,JURONG EAST,3 ROOM,historical_non_mature,40,45,3,41.5,5000.0,4850.746268656716,5037.313432835821
2024,JURONG EAST,3 ROOM,historical_non_mature,50,55,23,52.75,4729.72972972973,4469.98946998947,4855.474474474475
2024,JURONG EAST,3 ROOM,historical_non_mature,55,60,154,58.0,5602.304931040997,5319.534086325131,5820.895522388059
2024,JURONG EAST,3 ROOM,historical_non_mature,60,65,15,60.666666666666664,5367.64705882353,5132.404181184669,5507.664380798709
2024,JURONG EAST,3 ROOM,historical_non_mature,85,90,17,88.66666666666667,6750.0,6388.888888888889,6953.125
2024,JURONG EAST,3 ROOM,historical_non_mature,90,95,16,94.625,7426.470588235294,7014.925373134329,8121.323529411764
2024,JURONG EAST,3 ROOM,historical_non_mature,95,100,2,95.04166666666666,7720.588235294117,7683.823529411764,7757.35294117647
2024,JURONG EAST,4 ROOM,historical_non_mature,50,55,4,53.458333333333336,4716.494845360825,4667.525773195876,4760.020618556701
2024,JURONG EAST,4 ROOM,historical_non_mature,55,60,82,57.916666666666664,5111.990901571547,4759.615384615385,5369.914659808277
2024,JURONG EAST,4 ROOM,historical_non_mature,60,65,12,61.04166666666667,5162.166900420758,4971.698113207547,5315.3423288355825
2024,JURONG EAST,4 ROOM,historical_non_mature,65,70,5,68.0,4898.989898989899,4485.981308411215,5151.515151515152
2024,JURONG EAST,4 ROOM,historical_non_mature,70,75,31,73.5,5882.35294117647,5672.794444444444,6087.53808073115
2024,JURONG EAST,4 ROOM,historical_non_mature,75,80,11,78.08333333333333,5659.340659340659,5386.752136752137,5789.377289377289
2024,JURONG EAST,4 ROOM,historical_non_mature,85,90,19,88.16666666666667,6618.347826086957,6225.54347826087,6983.695652173913
2024,JURONG EAST,4 ROOM,historical_non_mature,90,95,7,91.58333333333333,6956.521739130435,6440.217391304348,7163.04347826087
2024,JURONG EAST,5 ROOM,historical_non_mature,50,55,5,54.5,4401.709401709401,4358.974358974359,4500.0
2024,JURONG EAST,5 ROOM,historical_non_mature,55,60,62,57.54166666666667,5178.571428571428,4849.470899470899,5614.583333333333
2024,JURONG EAST,5 ROOM,historical_non_mature,60,65,15,60.833333333333336,4777.777777777777,4558.733052295773,6032.668124658283
2024,JURONG EAST,5 ROOM,historical_non_mature,65,70,1,67.66666666666667,5555.555555555556,5555.555555555556,5555.555555555556
2024,JURONG EAST,5 ROOM,historical_non_mature,70,75,24,73.54166666666666,6269.731404958678,6125.801652892562,6485.537190082644
2024,JURONG EAST,5 ROOM,historical_non_mature,75,80,8,77.91666666666667,5691.786283891547,5413.04347826087,5831.854838709677
2024,JURONG EAST,5 ROOM,historical_non_mature,85,90,2,87.95833333333334,6940.677966101695,6775.423728813559,7105.932203389831
2024,JURONG EAST,EXECUTIVE,historical_non_mature,55,60,7,59.833333333333336,5704.697986577181,5253.718483584255,5859.0800119868145
2024,JURONG EAST,EXECUTIVE,historical_non_mature,60,65,16,60.25,5246.524182723533,5055.9656136427175,5369.127516778523
2024,JURONG EAST,EXECUTIVE,historical_non_mature,65,70,1,67.83333333333333,5555.555555555556,5555.555555555556,5555.555555555556
2024,JURONG EAST,EXECUTIVE,historical_non_mature,70,75,15,73.5,6827.586206896552,6544.827586206897,7083.165708812261
2024,JURONG WEST,2 ROOM,historical_non_mature,45,50,1,45.333333333333336,4736.8421052631575,4736.8421052631575,4736.8421052631575
2024,JURONG WEST,2 ROOM,historical_non_mature,50,55,4,53.25,5531.914893617021,5423.315602836879,6019.26394479586
2024,JURONG WEST,2 ROOM,historical_non_mature,80,85,6,83.16666666666667,5697.115384615385,5424.107142857143,6001.131221719456
2024,JURONG WEST,2 ROOM,historical_non_mature,85,90,10,89.08333333333333,6690.297872340426,6515.957446808511,6808.510638297872
2024,JURONG WEST,2 ROOM,historical_non_mature,90,95,44,94.0,7287.234042553191,7021.276595744681,7787.421052631579
2024,JURONG WEST,3 ROOM,historical_non_mature,40,45,1,44.5,5147.058823529412,5147.058823529412,5147.058823529412
2024,JURONG WEST,3 ROOM,historical_non_mature,45,50,38,48.75,4768.673355629878,4649.376070467335,4989.142307692307
2024,JURONG WEST,3 ROOM,historical_non_mature,50,55,102,51.416666666666664,5000.0,4796.610169491525,5233.116036505867
2024,JURONG WEST,3 ROOM,historical_non_mature,55,60,118,58.875,5560.672664076876,5341.216216216217,5728.620411456232
2024,JURONG WEST,3 ROOM,historical_non_mature,60,65,59,61.333333333333336,5378.378378378378,5198.630136986301,5627.568493150685
2024,JURONG WEST,3 ROOM,historical_non_mature,80,85,1,84.66666666666667,7137.5,7137.5,7137.5
2024,JURONG WEST,3 ROOM,historical_non_mature,85,90,25,88.83333333333333,6716.417910447762,6567.164179104478,7014.925373134329
2024,JURONG WEST,3 ROOM,historical_non_mature,90,95,53,93.41666666666667,6735.294117647059,6441.176470588235,7058.823529411765
2024,JURONG WEST,4 ROOM,historical_non_mature,55,60,138,59.416666666666664,4786.868686868687,4519.2307692307695,5114.851168249226
2024,JURONG WEST,4 ROOM,historical_non_mature,60,65,117,63.583333333333336,4563.1067961165045,4457.142857142857,4780.0
2024,JURONG WEST,4 ROOM,historical_non_mature,65,70,64,66.08333333333334,4620.776419841841,4464.476495726495,4807.692307692308
2024,JURONG WEST,4 ROOM,historical_non_mature,70,75,122,72.45833333333334,5286.047843137255,4797.840182248314,5707.070707070707
2024,JURONG WEST,4 ROOM,historical_non_mature,75,80,166,76.08333333333333,5653.199741435035,5384.615384615385,5880.826731408126
2024,JURONG WEST,4 ROOM,historical_non_mature,80,85,23,83.33333333333333,5698.924731182796,5475.806451612903,6138.412262640128
2024,JURONG WEST,4 ROOM,historical_non_mature,85,90,44,89.25,6678.739130434782,6206.521739130435,7500.0
2024,JURONG WEST,4 ROOM,historical_non_mature,90,95,90,93.375,6451.612903225807,6129.032258064516,6769.474948524365
2024,JURONG WEST,5 ROOM,historical_non_mature,50,55,10,51.083333333333336,4243.683260640698,4201.232258774343,4526.210475962688
2024,JURONG WEST,5 ROOM,historical_non_mature,55,60,38,59.125,4744.204885343968,4541.584967320261,4919.537251554689
2024,JURONG WEST,5 ROOM,historical_non_mature,60,65,56,63.666666666666664,4545.454545454545,4408.385313643138,4675.150992234685
2024,JURONG WEST,5 ROOM,historical_non_mature,65,70,29,67.83333333333333,4629.921259842519,4322.834645669292,4804.6875
2024,JURONG WEST,5 ROOM,historical_non_mature,70,75,105,71.75,5040.322580645161,4666.666666666667,5416.666666666667
2024,JURONG WEST,5 ROOM,historical_non_mature,75,80,220,76.20833333333334,5316.748566748567,5024.580615097856,5617.588932806324
2024,JURONG WEST,5 ROOM,historical_non_mature,80,85,47,83.16666666666667,5409.090909090909,5131.818181818182,5540.584415584415
2024,JURONG WEST,5 ROOM,historical_non_mature,85,90,25,89.5,6769.911504424779,6243.478260869565,7619.047619047619
2024,JURONG WEST,5 ROOM,historical_non_mature,90,95,35,93.08333333333333,6359.649122807017,5876.1061946902655,6688.596491228071
2024,JURONG WEST,EXECUTIVE,historical_non_mature,55,60,14,59.833333333333336,5598.9668874172185,5023.198198198198,6034.768211920529
2024,JURONG WEST,EXECUTIVE,historical_non_mature,60,65,37,61.166666666666664,4783.783783783784,4666.356164383562,4964.5390070921985
2024,JURONG WEST,EXECUTIVE,historical_non_mature,65,70,18,67.91666666666667,4965.869909607678,4885.154229332312,5113.988932232605
2024,JURONG WEST,EXECUTIVE,historical_non_mature,70,75,46,71.70833333333334,5681.794871794872,5340.760973739697,5989.208633093525
2024,JURONG WEST,EXECUTIVE,historical_non_mature,75,80,55,76.08333333333333,5538.461538461538,5305.069930069931,5761.538461538462
2024,KALLANG/WHAMPOA,2 ROOM,historical_mature,40,45,3,44.75,6666.666666666667,6197.916666666667,6726.854166666667
2024,KALLANG/WHAMPOA,2 ROOM,historical_mature,45,50,1,45.416666666666664,6604.166666666667,6604.166666666667,6604.166666666667
2024,KALLANG/WHAMPOA,2 ROOM,historical_mature,55,60,2,56.125,7420.454545454546,7346.59090909091,7494.318181818182
2024,KALLANG/WHAMPOA,2 ROOM,historical_mature,60,65,2,61.08333333333333,7298.7555555555555,7182.711111111112,7414.8
2024,KALLANG/WHAMPOA,3 ROOM,historical_mature,40,45,14,43.75,5631.466666666667,5283.333333333333,5769.3452380952385
2024,KALLANG/WHAMPOA,3 ROOM,historical_mature,45,50,163,48.416666666666664,5769.2307692307695,5357.142857142857,6123.076923076923
2024,KALLANG/WHAMPOA,3 ROOM,historical_mature,50,55,60,53.79166666666667,6403.588235294117,6161.35294117647,6661.228813559323
2024,KALLANG/WHAMPOA,3 ROOM,historical_mature,55,60,73,56.25,6353.846153846154,5914.634146341464,6969.69696969697
2024,KALLANG/WHAMPOA,3 ROOM,historical_mature,60,65,18,60.875,7063.492063492064,6449.275362318841,7651.90625
2024,KALLANG/WHAMPOA,3 ROOM,historical_mature,75,80,6,79.0,9814.516129032258,9342.741935483871,10141.129032258064
2024,KALLANG/WHAMPOA,3 ROOM,historical_mature,85,90,10,86.875,10130.434782608696,9824.843175427211,10284.555483452303
2024,KALLANG/WHAMPOA,3 ROOM,historical_mature,90,95,60,92.58333333333333,10649.159663865546,8880.597014925374,11764.70588235294
2024,KALLANG/WHAMPOA,3 ROOM,historical_mature,95,100,11,95.08333333333333,11764.70588235294,11544.117647058823,11838.235294117647
2024,KALLANG/WHAMPOA,4 ROOM,historical_mature,45,50,29,48.666666666666664,5689.6551724137935,5384.615384615385,5839.080459770115
2024,KALLANG/WHAMPOA,4 ROOM,historical_mature,50,55,10,51.791666666666664,6803.332537028189,6657.608695652174,7006.230116648992
2024,KALLANG/WHAMPOA,4 ROOM,historical_mature,55,60,35,57.166666666666664,6612.903225806452,6049.7557997558,7203.416149068323
2024,KALLANG/WHAMPOA,4 ROOM,historical_mature,60,65,26,61.875,6736.973647711511,6424.450549450549,7233.0097087378645
2024,KALLANG/WHAMPOA,4 ROOM,historical_mature,65,70,2,69.20833333333333,6816.787162757892,6804.619996473286,6828.954329042496
2024,KALLANG/WHAMPOA,4 ROOM,historical_mature,70,75,31,73.25,7772.277227722772,7143.564356435643,7890.0
2024,KALLANG/WHAMPOA,4 ROOM,historical_mature,75,80,26,78.75,9097.076023391812,7562.927496580028,9930.555555555557
2024,KALLANG/WHAMPOA,4 ROOM,historical_mature,80,85,18,81.29166666666666,9972.222222222223,9761.11111111111,10263.577777777778
2024,KALLANG/WHAMPOA,4 ROOM,historical_mature,85,90,19,86.83333333333333,10195.652173913044,9900.341963849536,10930.851063829788
2024,KALLANG/WHAMPOA,4 ROOM,historical_mature,90,95,140,92.75,10794.705469845721,9594.086021505376,11617.286115007011
2024,KALLANG/WHAMPOA,4 ROOM,historical_mature,95,100,39,95.08333333333333,11413.04347826087,10869.565217391304,11793.478260869564
2024,KALLANG/WHAMPOA,5 ROOM,historical_mature,45,50,16,49.125,6194.658119658119,5844.017094017094,6620.614035087719
2024,KALLANG/WHAMPOA,5 ROOM,historical_mature,50,55,5,51.333333333333336,6140.350877192983,5990.495726495727,6205.673758865249
2024,KALLANG/WHAMPOA,5 ROOM,historical_mature,55,60,21,58.166666666666664,7016.949152542373,6864.406779661017,7540.983606557377
2024,KALLANG/WHAMPOA,5 ROOM,historical_mature,60,65,11,61.083333333333336,6651.162790697675,6616.425132119788,7100.872472981564
2024,KALLANG/WHAMPOA,5 ROOM,historical_mature,65,70,3,69.08333333333333,6771.653543307087,6496.937882764654,6820.941275470337
2024,KALLANG/WHAMPOA,5 ROOM,historical_mature,70,75,18,73.25,8104.996096799376,7737.5,8228.27868852459
2024,KALLANG/WHAMPOA,5 ROOM,historical_mature,75,80,14,79.08333333333333,8445.454545454546,7559.52380952381,9096.963636363635
2024,KALLANG/WHAMPOA,5 ROOM,historical_mature,80,85,9,81.58333333333333,9309.09090909091,9171.709090909091,9562.618181818181
2024,KALLANG/WHAMPOA,5 ROOM,historical_mature,85,90,11,85.5,11682.242990654206,9983.746444534743,12075.45228500386
2024,KALLANG/WHAMPOA,5 ROOM,historical_mature,90,95,3,92.08333333333333,10256.410256410256,9951.21397776265,11013.160880417518
2024,KALLANG/WHAMPOA,EXECUTIVE,historical_mature,55,60,7,59.416666666666664,6307.18954248366,6104.549812603504,6498.917748917749
2024,KALLANG/WHAMPOA,EXECUTIVE,historical_mature,60,65,5,62.5,6770.833333333333,6560.2836879432625,7628.571428571428
2024,KALLANG/WHAMPOA,EXECUTIVE,historical_mature,65,70,3,69.33333333333333,8219.17808219178,8191.221694157115,8623.287671232876
2024,MARINE PARADE,2 ROOM,historical_mature,45,50,2,49.75,6877.076411960133,6652.8239202657805,7101.328903654485
2024,MARINE PARADE,3 ROOM,historical_mature,45,50,45,49.666666666666664,6750.0,6322.033898305085,7076.923076923077
2024,MARINE PARADE,3 ROOM,historical_mature,50,55,33,50.333333333333336,6615.384615384615,6338.461538461538,7000.0
2024,MARINE PARADE,4 ROOM,historical_mature,45,50,11,49.75,6454.545454545455,6079.545454545454,6550.5
2024,MARINE PARADE,4 ROOM,historical_mature,50,55,23,50.416666666666664,6988.505747126437,6048.780487804878,8006.09756097561
2024,MARINE PARADE,5 ROOM,historical_mature,45,50,17,49.583333333333336,7606.55737704918,7377.049180327869,8376.068376068377
2024,MARINE PARADE,5 ROOM,historical_mature,50,55,11,51.25,7540.983606557377,7257.297081167533,7914.275956284153
2024,PASIR RIS,2 ROOM,historical_mature,85,90,1,89.91666666666667,9148.936170212766,9148.936170212766,9148.936170212766
2024,PASIR RIS,2 ROOM,historical_mature,90,95,4,90.375,8457.446808510638,8367.021276595746,8670.212765957445
2024,PASIR RIS,3 ROOM,historical_mature,50,55,2,54.833333333333336,5454.545454545454,5416.666666666666,5492.424242424242
2024,PASIR RIS,3 ROOM,historical_mature,55,60,2,55.79166666666667,5323.496155585708,5311.001809136137,5335.990502035278
2024,PASIR RIS,3 ROOM,historical_mature,85,90,4,89.79166666666666,8803.16742081448,8360.29411764706,9173.076923076922
2024,PASIR RIS,3 ROOM,historical_mature,90,95,10,90.375,7910.941176470588,7738.970588235294,8069.85294117647
2024,PASIR RIS,4 ROOM,historical_mature,60,65,89,64.25,5480.7692307692305,5333.333333333333,5695.238095238095
2024,PASIR RIS,4 ROOM,historical_mature,65,70,79,68.25,5409.523809523809,5260.3792235801575,5786.124348607367
2024,PASIR RIS,4 ROOM,historical_mature,70,75,71,71.16666666666667,5673.076923076923,5429.655455291222,5809.523809523809
2024,PASIR RIS,4 ROOM,historical_mature,85,90,7,89.75,8688.172043010753,8198.924731182797,9302.32558139535
2024,PASIR RIS,4 ROOM,historical_mature,90,95,33,90.25,7849.462365591397,7741.935483870968,8043.010752688172
2024,PASIR RIS,5 ROOM,historical_mature,60,65,27,64.33333333333333,5416.666666666667,5298.77049180328,5591.137590765221
2024,PASIR RIS,5 ROOM,historical_mature,65,70,100,68.08333333333333,5574.944444444444,5303.030303030303,5773.712737127371
2024,PASIR RIS,5 ROOM,historical_mature,70,75,58,71.16666666666667,5545.431821022372,5393.700787401574,5859.098179133858
2024,PASIR RIS,5 ROOM,historical_mature,85,90,3,89.75,8190.476190476191,7944.79561736199,8385.180952380953
2024,PASIR RIS,5 ROOM,historical_mature,90,95,7,90.25,7300.884955752213,7278.761061946903,7402.654867256637
2024,PASIR RIS,EXECUTIVE,historical_mature,60,65,21,63.416666666666664,6039.735099337749,5845.070422535211,6164.3835616438355
2024,PASIR RIS,EXECUTIVE,historical_mature,65,70,118,68.25,5755.906959639607,5511.077718758736,6107.913011695906
2024,PASIR RIS,EXECUTIVE,historical_mature,70,75,47,70.66666666666667,5868.055555555556,5709.459459459459,6231.938690368221
2024,PUNGGOL,2 ROOM,historical_non_mature,85,90,22,89.25,7582.608695652174,7347.826086956522,7934.782608695652
2024,PUNGGOL,2 ROOM,historical_non_mature,90,95,62,93.41666666666667,7966.634429400387,7553.191489361702,8297.872340425532
2024,PUNGGOL,3 ROOM,historical_non_mature,85,90,68,89.0,7462.686567164179,7204.011764705883,7731.3432835820895
2024,PUNGGOL,3 ROOM,historical_non_mature,90,95,188,93.0,7444.004524886877,7075.662895927602,7761.194029850746
2024,PUNGGOL,3 ROOM,historical_non_mature,95,100,3,95.0,7366.0,7322.7058823529405,7491.823529411765
2024,PUNGGOL,4 ROOM,historical_non_mature,75,80,90,78.5,6179.550827423168,5838.216506897357,6418.730650154799
2024,PUNGGOL,4 ROOM,historical_non_mature,80,85,45,82.66666666666667,6566.666666666667,6217.391304347826,6869.565217391304
2024,PUNGGOL,4 ROOM,historical_non_mature,85,90,389,88.0,7075.268817204301,6734.04255319149,7474.747474747474
2024,PUNGGOL,4 ROOM,historical_non_mature,90,95,465,92.08333333333333,6935.4838709677415,6618.347826086957,7290.322580645161
2024,PUNGGOL,4 ROOM,historical_non_mature,95,100,16,95.0,7290.9946236559135,7204.301075268817,7401.7137096774195
2024,PUNGGOL,5 ROOM,historical_non_mature,75,80,277,78.33333333333333,5681.818181818182,5454.545454545455,5909.090909090909
2024,PUNGGOL,5 ROOM,historical_non_mature,80,85,3,80.0,5436.363636363636,5363.636363636364,5445.454545454546
2024,PUNGGOL,5 ROOM,historical_non_mature,85,90,68,88.75,7432.743362831859,6813.211125158028,7686.011904761905
2024,PUNGGOL,5 ROOM,historical_non_mature,90,95,287,92.41666666666667,7007.858407079646,6606.194690265487,7433.628318584071
2024,PUNGGOL,5 ROOM,historical_non_mature,95,100,11,95.0,7586.206896551724,7470.887507066139,7771.551724137931
2024,PUNGGOL,EXECUTIVE,historical_non_mature,75,80,33,78.41666666666667,6015.625,5859.375,6171.875
2024,QUEENSTOWN,2 ROOM,historical_mature,40,45,7,41.5,6127.659574468085,6084.839962997225,6195.652173913043
2024,QUEENSTOWN,2 ROOM,historical_mature,45,50,2,45.20833333333333,5963.631865413162,5747.773379515092,6179.490351311232
2024,QUEENSTOWN,2 ROOM,historical_mature,85,90,5,88.0,9148.936170212766,9148.936170212766,10957.446808510638
2024,QUEENSTOWN,3 ROOM,historical_mature,40,45,79,42.083333333333336,5666.666666666667,5378.985507246377,5983.333333333334
2024,QUEENSTOWN,3 ROOM,historical_mature,45,50,111,48.916666666666664,6406.779661016949,5656.85618729097,7076.923076923077
2024,QUEENSTOWN,3 ROOM,historical_mature,50,55,77,51.166666666666664,5923.076923076923,5538.461538461538,6276.923076923077
2024,QUEENSTOWN,3 ROOM,historical_mature,80,85,6,83.20833333333334,11250.0,11104.166666666666,11708.333333333334
2024,QUEENSTOWN,3 ROOM,historical_mature,85,90,41,87.66666666666667,10144.927536231884,9523.809523809523,10873.015873015873
2024,QUEENSTOWN,3 ROOM,historical_mature,90,95,22,92.83333333333334,10774.321266968327,10294.117647058823,11447.963800904978
2024,QUEENSTOWN,3 ROOM,historical_mature,95,100,2,95.08333333333334,12629.032258064515,12491.935483870968,12766.129032258064
2024,QUEENSTOWN,4 ROOM,historical_mature,45,50,25,48.833333333333336,6590.909090909091,5821.428571428572,7169.181818181818
2024,QUEENSTOWN,4 ROOM,historical_mature,50,55,14,51.416666666666664,6705.931263858093,6005.385532150776,7012.195121951219
2024,QUEENSTOWN,4 ROOM,historical_mature,65,70,1,69.83333333333333,7582.2962962962965,7582.2962962962965,7582.2962962962965
2024,QUEENSTOWN,4 ROOM,historical_mature,70,75,23,71.66666666666667,8576.923076923076,7786.258220837661,9423.076923076924
2024,QUEENSTOWN,4 ROOM,historical_mature,75,80,24,76.83333333333333,8736.842105263158,8243.628185907048,9115.92615769712
2024,QUEENSTOWN,4 ROOM,historical_mature,80,85,46,82.83333333333334,10444.444444444445,10033.333333333334,11032.400000000001
2024,QUEENSTOWN,4 ROOM,historical_mature,85,90,63,87.25,10054.347826086956,9435.759057971016,10535.483870967742
2024,QUEENSTOWN,4 ROOM,historical_mature,90,95,77,92.83333333333333,11075.268817204302,10591.397849462366,11855.670103092783
2024,QUEENSTOWN,5 ROOM,historical_mature,45,50,3,49.333333333333336,7263.1578947368425,7212.087421944692,7734.143049932523
2024,QUEENSTOWN,5 ROOM,historical_mature,50,55,16,52.0,7337.826272999572,6991.765686887638,7764.957264957265
2024,QUEENSTOWN,5 ROOM,historical_mature,65,70,3,68.25,9384.615384615385,8138.904707233065,9487.389659520806
2024,QUEENSTOWN,5 ROOM,historical_mature,70,75,11,72.33333333333333,8676.470588235294,8057.096774193548,9180.511763279166
2024,QUEENSTOWN,5 ROOM,historical_mature,75,80,15,76.83333333333333,8891.891891891892,8594.967588932806,9159.090909090908
2024,QUEENSTOWN,5 ROOM,historical_mature,80,85,5,82.08333333333333,10272.727272727272,10080.8,10272.727272727272
2024,QUEENSTOWN,5 ROOM,historical_mature,85,90,13,87.0,10103.935483870968,9419.354838709678,10526.315789473685
2024,QUEENSTOWN,5 ROOM,historical_mature,90,95,3,91.0,12211.538461538461,12031.695156695157,12587.250712250712
2024,QUEENSTOWN,EXECUTIVE,historical_mature,70,75,4,70.58333333333334,8360.544217687075,8213.358070500928,8540.610875222572
2024,SEMBAWANG,2 ROOM,historical_non_mature,85,90,6,89.54166666666666,7744.680851063829,7376.8501387604065,7861.702127659574
2024,SEMBAWANG,2 ROOM,historical_non_mature,90,95,75,93.75,7829.787234042553,7340.425531914893,8657.894736842107
2024,SEMBAWANG,2 ROOM,historical_non_mature,95,100,6,95.0,8212.765957446809,7829.787234042553,8484.042553191488
2024,SEMBAWANG,3 ROOM,historical_non_mature,85,90,6,89.66666666666667,6897.058823529412,6849.264705882353,6989.135206321335
2024,SEMBAWANG,3 ROOM,historical_non_mature,90,95,94,93.5,7147.058823529412,6669.117647058823,7500.0
2024,SEMBAWANG,3 ROOM,historical_non_mature,95,100,11,95.08333333333333,7547.826086956522,7080.882352941177,7941.176470588235
2024,SEMBAWANG,4 ROOM,historical_non_mature,70,75,41,74.0,5396.039603960396,5200.0,5600.0
2024,SEMBAWANG,4 ROOM,historical_non_mature,75,80,105,76.25,5686.274509803921,5416.666666666667,5956.715789473684
2024,SEMBAWANG,4 ROOM,historical_non_mature,80,85,16,80.95833333333334,5801.282051282051,5621.276595744681,5931.944444444444
2024,SEMBAWANG,4 ROOM,historical_non_mature,85,90,36,89.5,5988.765957446809,5632.807137954702,6205.8789153810185
2024,SEMBAWANG,4 ROOM,historical_non_mature,90,95,264,93.54166666666666,6645.1612903225805,6212.365591397849,7063.612903225807
2024,SEMBAWANG,4 ROOM,historical_non_mature,95,100,23,95.08333333333333,7182.795698924731,6789.720430107527,7852.652173913044
2024,SEMBAWANG,5 ROOM,historical_non_mature,70,75,30,74.0,5250.0,5081.808943089431,5407.908695652174
2024,SEMBAWANG,5 ROOM,historical_non_mature,75,80,153,76.16666666666667,5300.0,4954.545454545455,5545.454545454545
2024,SEMBAWANG,5 ROOM,historical_non_mature,80,85,5,80.75,5222.123893805309,5090.909090909091,5318.181818181818
2024,SEMBAWANG,5 ROOM,historical_non_mature,90,95,58,93.0,6530.973451327433,6294.2477876106195,6785.398230088496
2024,SEMBAWANG,5 ROOM,historical_non_mature,95,100,10,95.125,6532.327586206897,6465.517241379311,6723.661122978334
2024,SEMBAWANG,EXECUTIVE,historical_non_mature,70,75,11,74.0,5294.117647058823,5158.632897603486,5503.54609929078
2024,SEMBAWANG,EXECUTIVE,historical_non_mature,75,80,60,76.04166666666666,5286.798739852175,4954.379562043796,5615.384615384615
2024,SENGKANG,2 ROOM,historical_non_mature,80,85,2,82.125,7505.050505050505,7479.79797979798,7530.303030303031
2024,SENGKANG,2 ROOM,historical_non_mature,85,90,23,89.25,7338.04255319149,7234.04255319149,7619.565217391304
2024,SENGKANG,2 ROOM,historical_non_mature,90,95,31,94.0,7978.723404255319,7789.228723404255,8321.75
2024,SENGKANG,2 ROOM,historical_non_mature,95,100,9,95.33333333333333,8333.333333333334,8191.489361702128,9473.684210526315
2024,SENGKANG,3 ROOM,historical_non_mature,80,85,7,84.33333333333333,7071.428571428572,6144.578313253012,7301.7598343685295
2024,SENGKANG,3 ROOM,historical_non_mature,85,90,65,89.08333333333333,7313.432835820896,6865.671641791045,7550.724637681159
2024,SENGKANG,3 ROOM,historical_non_mature,90,95,92,91.33333333333333,7279.411764705882,7060.89705882353,7654.0
2024,SENGKANG,3 ROOM,historical_non_mature,95,100,7,95.25,7820.411764705882,7426.470588235294,7955.882352941177
2024,SENGKANG,4 ROOM,historical_non_mature,70,75,73,74.0,5604.395604395604,5441.176470588235,5882.35294117647
2024,SENGKANG,4 ROOM,historical_non_mature,75,80,223,76.91666666666667,5967.0329670329675,5679.078014184397,6264.090354090355
2024,SENGKANG,4 ROOM,historical_non_mature,80,85,125,83.08333333333333,7644.444444444444,6934.782608695652,8388.888888888889
2024,SENGKANG,4 ROOM,historical_non_mature,85,90,259,87.83333333333333,6774.193548387097,6451.612903225807,7065.217391304348
2024,SENGKANG,4 ROOM,historical_non_mature,90,95,350,91.5,6860.215053763441,6521.739130434783,7264.483695652174
2024,SENGKANG,4 ROOM,historical_non_mature,95,100,10,95.08333333333333,6838.709677419355,6603.935483870968,7000.0
2024,SENGKANG,5 ROOM,historical_non_mature,70,75,88,74.25,5394.326172979085,5163.934426229508,5652.173913043478
2024,SENGKANG,5 ROOM,historical_non_mature,75,80,379,76.58333333333333,5630.630630630631,5348.165869218501,5909.090909090909
2024,SENGKANG,5 ROOM,historical_non_mature,80,85,25,80.5,6090.909090909091,5803.571428571428,6396.396396396396
2024,SENGKANG,5 ROOM,historical_non_mature,85,90,38,89.70833333333334,6861.875149485769,6753.416666666667,7234.375
2024,SENGKANG,5 ROOM,historical_non_mature,90,95,187,91.66666666666667,6831.858407079646,6443.452380952381,7251.716814159292
2024,SENGKANG,EXECUTIVE,historical_non_mature,70,75,47,74.0,6062.591549295775,5825.925925925926,6207.142857142857
2024,SENGKANG,EXECUTIVE,historical_non_mature,75,80,78,76.5,5891.640364103423,5724.492537313433,6213.900709219858
2024,SERANGOON,2 ROOM,historical_mature,50,55,1,53.083333333333336,6500.0,6500.0,6500.0
2024,SERANGOON,3 ROOM,historical_mature,50,55,9,53.083333333333336,6273.972602739726,6218.75,6479.45205479452
2024,SERANGOON,3 ROOM,historical_mature,55,60,43,59.583333333333336,6388.059701492537,6007.462686567164,6826.686567164179
2024,SERANGOON,3 ROOM,historical_mature,60,65,44,60.45833333333333,6891.169154228855,6187.189054726368,7503.46875
2024,SERANGOON,4 ROOM,historical_mature,50,55,3,53.166666666666664,5612.244897959184,5538.08121186619,5724.489795918367
2024,SERANGOON,4 ROOM,historical_mature,55,60,38,59.625,6684.981684981685,6262.903762903763,7038.2104454685095
2024,SERANGOON,4 ROOM,historical_mature,60,65,126,60.75,7139.136904761905,6311.148528890464,7648.0170527670525
2024,SERANGOON,4 ROOM,historical_mature,65,70,13,67.66666666666667,5611.650485436893,5480.7692307692305,5728.155339805825
2024,SERANGOON,4 ROOM,historical_mature,70,75,17,72.25,5923.88,5623.762376237623,6200.0
2024,SERANGOON,5 ROOM,historical_mature,55,60,4,59.79166666666667,5983.672646643822,5975.508969965733,6022.727272727272
2024,SERANGOON,5 ROOM,historical_mature,60,65,45,61.25,6640.0,5909.090909090909,7272.727272727273
2024,SERANGOON,5 ROOM,historical_mature,65,70,12,67.41666666666667,5939.516129032258,5711.6935483870975,6150.7800105764145
2024,SERANGOON,5 ROOM,historical_mature,70,75,27,72.58333333333333,6507.4,6145.833333333334,6873.218852758495
2024,SERANGOON,EXECUTIVE,historical_mature,55,60,5,59.833333333333336,6466.666666666667,6166.666666666667,6533.333333333333
2024,SERANGOON,EXECUTIVE,historical_mature,60,65,25,60.75,6780.821917808219,6166.666666666667,7876.712328767123
2024,SERANGOON,EXECUTIVE,historical_mature,65,70,21,67.41666666666667,6535.9477124183,6380.952380952381,6666.666666666667
2024,SERANGOON,EXECUTIVE,historical_mature,70,75,7,73.0,7340.425531914893,6878.415910330804,7964.285714285715
2024,TAMPINES,2 ROOM,historical_mature,85,90,12,87.83333333333334,7769.323671497585,7608.695652173913,7946.256038647343
2024,TAMPINES,2 ROOM,historical_mature,90,95,3,90.16666666666667,8255.31914893617,8239.361702127659,8329.787234042553
2024,TAMPINES,3 ROOM,historical_mature,55,60,184,59.25,6073.5675675675675,5839.459459459459,6351.351351351352
2024,TAMPINES,3 ROOM,historical_mature,60,65,115,60.916666666666664,6159.420289855072,5949.324324324325,6489.511899959662
2024,TAMPINES,3 ROOM,historical_mature,85,90,14,89.08333333333333,9717.741935483871,8170.388059701492,10000.0
2024,TAMPINES,3 ROOM,historical_mature,90,95,86,94.66666666666667,8088.235294117647,7843.777436347673,8382.35294117647
2024,TAMPINES,3 ROOM,historical_mature,95,100,22,95.0,8088.235294117647,7941.176470588235,8371.323529411766
2024,TAMPINES,4 ROOM,historical_mature,55,60,177,59.333333333333336,5805.825242718447,5467.289719626168,6142.857142857143
2024,TAMPINES,4 ROOM,historical_mature,60,65,250,63.0,5966.206123973114,5673.726611226612,6250.0
2024,TAMPINES,4 ROOM,historical_mature,65,70,19,68.41666666666667,5682.692307692308,5547.441944847606,5848.6871384067645
2024,TAMPINES,4 ROOM,historical_mature,70,75,136,71.83333333333333,5900.494159928122,5552.805280528053,6252.651515151515
2024,TAMPINES,4 ROOM,historical_mature,80,85,2,83.5,8121.8535469107555,7824.084668192219,8419.622425629292
2024,TAMPINES,4 ROOM,historical_mature,85,90,35,89.08333333333333,8936.170212765957,8394.167835437122,9645.833333333334
2024,TAMPINES,4 ROOM,historical_mature,90,95,183,94.5,7956.521739130435,7687.5,8260.869565217392
2024,TAMPINES,4 ROOM,historical_mature,95,100,65,95.0,7934.782608695652,7717.391304347826,8097.826086956522
2024,TAMPINES,5 ROOM,historical_mature,55,60,52,59.54166666666667,5578.512396694215,5276.726973684211,5924.92561983471
2024,TAMPINES,5 ROOM,historical_mature,60,65,149,62.916666666666664,5685.9504132231405,5454.545454545455,5901.639344262295
2024,TAMPINES,5 ROOM,historical_mature,65,70,62,68.29166666666666,5598.305893581484,5456.819913639827,5793.650793650793
2024,TAMPINES,5 ROOM,historical_mature,70,75,106,71.625,5840.16806722689,5556.0109289617485,6269.817073170731
2024,TAMPINES,5 ROOM,historical_mature,80,85,27,83.5,8454.545454545454,8125.0,8707.469177530984
2024,TAMPINES,5 ROOM,historical_mature,85,90,18,86.08333333333334,8412.646291150962,8029.987996227385,8689.93993993994
2024,TAMPINES,5 ROOM,historical_mature,90,95,71,94.5,8008.849557522124,7530.973451327433,8169.642857142857
2024,TAMPINES,5 ROOM,historical_mature,95,100,21,95.0,7876.1061946902655,7678.571428571428,8053.097345132744
2024,TAMPINES,EXECUTIVE,historical_mature,55,60,14,59.41666666666667,6546.257796257796,6353.521126760564,6621.621621621622
2024,TAMPINES,EXECUTIVE,historical_mature,60,65,71,62.416666666666664,6369.86301369863,5893.893377541227,6558.219178082192
2024,TAMPINES,EXECUTIVE,historical_mature,65,70,14,68.25,5982.108869432814,5749.243243243243,6137.4531085353
2024,TAMPINES,EXECUTIVE,historical_mature,70,75,51,70.91666666666667,6205.673758865249,5897.234518539673,6349.804305283757
2024,TAMPINES,MULTI-GENERATION,historical_mature,60,65,2,62.16666666666667,6619.437751004016,6502.489959839357,6736.385542168675
2024,TOA PAYOH,2 ROOM,historical_mature,40,45,11,42.416666666666664,6444.444444444444,6279.069767441861,6833.333333333334
2024,TOA PAYOH,2 ROOM,historical_mature,45,50,3,46.666666666666664,7375.0,7187.5,7437.5
2024,TOA PAYOH,2 ROOM,historical_mature,55,60,4,58.16666666666667,6167.021276595745,5970.3488372093025,6332.5086590796645
2024,TOA PAYOH,3 ROOM,historical_mature,40,45,120,44.166666666666664,5592.625109745391,5311.580882352941,5824.004975124378
2024,TOA PAYOH,3 ROOM,historical_mature,45,50,131,46.666666666666664,5526.315789473684,5151.515151515152,5846.153846153846
2024,TOA PAYOH,3 ROOM,historical_mature,50,55,13,51.416666666666664,5492.307692307692,5461.538461538462,5846.153846153846
2024,TOA PAYOH,3 ROOM,historical_mature,55,60,53,59.166666666666664,6388.059701492537,5850.746268656716,6891.891891891892
2024,TOA PAYOH,3 ROOM,historical_mature,85,90,1,86.83333333333333,10357.142857142857,10357.142857142857,10357.142857142857
2024,TOA PAYOH,3 ROOM,historical_mature,90,95,45,94.33333333333333,10852.941176470587,10411.764705882353,11250.0
2024,TOA PAYOH,3 ROOM,historical_mature,95,100,3,95.0,11617.64705882353,11323.529411764706,12146.85169842585
2024,TOA PAYOH,4 ROOM,historical_mature,45,50,30,48.583333333333336,5877.4465522433,5555.263526773199,6367.405582922825
2024,TOA PAYOH,4 ROOM,historical_mature,50,55,25,51.166666666666664,5620.585365853659,5292.682926829269,5756.09756097561
2024,TOA PAYOH,4 ROOM,historical_mature,55,60,29,59.083333333333336,6041.666666666667,5708.73786407767,6922.330097087379
2024,TOA PAYOH,4 ROOM,historical_mature,60,65,13,63.5,6538.461538461538,6394.2307692307695,6634.615384615385
2024,TOA PAYOH,4 ROOM,historical_mature,65,70,1,68.25,6972.477064220184,6972.477064220184,6972.477064220184
2024,TOA PAYOH,4 ROOM,historical_mature,70,75,25,72.83333333333333,7669.902912621359,7163.461538461538,8380.0
2024,TOA PAYOH,4 ROOM,historical_mature,75,80,13,77.25,9375.555555555555,9209.758241758242,9505.882352941177
2024,TOA PAYOH,4 ROOM,historical_mature,80,85,40,83.41666666666667,10307.692307692309,9768.275203057812,10890.343551185655
2024,TOA PAYOH,4 ROOM,historical_mature,85,90,14,86.95833333333334,11477.406593406595,10879.115384615385,11868.131868131868
2024,TOA PAYOH,4 ROOM,historical_mature,90,95,100,94.41666666666667,10752.68817204301,10231.182795698925,11489.36170212766
2024,TOA PAYOH,4 ROOM,historical_mature,95,100,9,95.0,10869.763440860215,10215.053763440861,11489.36170212766
2024,TOA PAYOH,5 ROOM,historical_mature,45,50,1,49.833333333333336,6473.684210526316,6473.684210526316,6473.684210526316
2024,TOA PAYOH,5 ROOM,historical_mature,50,55,12,50.75,5952.991452991453,5747.863247863248,6004.273504273504
2024,TOA PAYOH,5 ROOM,historical_mature,55,60,11,58.833333333333336,6484.076433121019,5757.575757575758,7544.654901960785
2024,TOA PAYOH,5 ROOM,historical_mature,60,65,11,63.083333333333336,6434.426229508197,6165.691666666667,7164.134346261495
2024,TOA PAYOH,5 ROOM,historical_mature,65,70,10,67.875,7163.340724316335,6999.627906976744,7500.318407960199
2024,TOA PAYOH,5 ROOM,historical_mature,70,75,17,73.25,8290.598290598291,7731.09243697479,8943.08943089431
2024,TOA PAYOH,5 ROOM,historical_mature,75,80,7,77.25,9000.0,8181.818181818182,9590.90909090909
2024,TOA PAYOH,5 ROOM,historical_mature,80,85,11,80.66666666666667,10808.072727272727,9313.127272727274,11045.454545454546
2024,TOA PAYOH,5 ROOM,historical_mature,85,90,20,86.91666666666667,12077.14799820063,11186.539357242666,13157.894736842105
2024,TOA PAYOH,5 ROOM,historical_mature,90,95,6,94.83333333333333,11096.491228070176,10566.288154013353,11501.125601614654
2024,TOA PAYOH,5 ROOM,historical_mature,95,100,2,95.0,10663.716814159292,10641.592920353984,10685.840707964602
2024,TOA PAYOH,EXECUTIVE,historical_mature,55,60,2,58.875,7453.416149068324,7329.192546583851,7577.639751552795
2024,TOA PAYOH,EXECUTIVE,historical_mature,60,65,11,63.166666666666664,7191.780821917808,6886.602739726028,7359.589041095891
2024,TOA PAYOH,EXECUTIVE,historical_mature,65,70,4,67.83333333333334,7618.838231890766,7039.914974019839,8193.387357155814
2024,WOODLANDS,2 ROOM,historical_non_mature,85,90,4,89.83333333333333,6755.319148936171,6622.340425531916,6957.446808510638
2024,WOODLANDS,2 ROOM,historical_non_mature,90,95,45,93.08333333333333,7659.574468085107,7191.489361702128,8510.63829787234
2024,WOODLANDS,3 ROOM,historical_non_mature,45,50,8,48.875,4805.668016194332,4553.846153846154,5073.076923076923
2024,WOODLANDS,3 ROOM,historical_non_mature,50,55,49,51.083333333333336,5068.493150684932,4802.631578947368,5298.507462686567
2024,WOODLANDS,3 ROOM,historical_non_mature,55,60,54,59.416666666666664,5601.809954751131,5091.378942881501,5801.470588235294
2024,WOODLANDS,3 ROOM,historical_non_mature,60,65,21,60.166666666666664,5705.882352941177,5369.86301369863,5820.895522388059
2024,WOODLANDS,3 ROOM,historical_non_mature,65,70,30,68.125,5656.767123287671,5479.45205479452,6000.595592614651
2024,WOODLANDS,3 ROOM,historical_non_mature,70,75,2,70.20833333333334,5413.737446197991,5054.429698708751,5773.045193687231
2024,WOODLANDS,3 ROOM,historical_non_mature,85,90,22,88.70833333333334,7111.940298507463,6884.328358208955,7190.298507462687
2024,WOODLANDS,3 ROOM,historical_non_mature,90,95,85,93.25,6911.764705882353,6691.176470588235,7132.35294117647
2024,WOODLANDS,4 ROOM,historical_non_mature,45,50,3,48.916666666666664,3944.4444444444443,3916.6666666666665,4250.0
2024,WOODLANDS,4 ROOM,historical_non_mature,50,55,26,52.083333333333336,4489.7959183673465,4318.181818181818,4631.868131868132
2024,WOODLANDS,4 ROOM,historical_non_mature,55,60,23,59.5,4854.368932038835,4615.384615384615,5186.820652173913
2024,WOODLANDS,4 ROOM,historical_non_mature,60,65,62,61.45833333333333,5246.85555408447,5025.353842554685,5592.947878470404
2024,WOODLANDS,4 ROOM,historical_non_mature,65,70,37,68.5,5510.571428571428,5048.543689320389,5833.333333333333
2024,WOODLANDS,4 ROOM,historical_non_mature,70,75,398,72.58333333333333,5274.6175393234225,5049.019607843137,5527.586996336996
2024,WOODLANDS,4 ROOM,historical_non_mature,75,80,101,75.5,5549.450549450549,5247.524752475248,5811.111111111111
2024,WOODLANDS,4 ROOM,historical_non_mature,85,90,56,88.79166666666667,6358.695652173914,6086.95652173913,6684.353546910755
2024,WOODLANDS,4 ROOM,historical_non_mature,90,95,176,93.25,6505.376344086021,6236.559139784947,6802.392706872371
2024,WOODLANDS,5 ROOM,historical_non_mature,50,55,12,52.083333333333336,4301.423353772328,4134.315308044122,4335.31746031746
2024,WOODLANDS,5 ROOM,historical_non_mature,55,60,4,59.625,4815.729355640664,4711.6914103923655,4835.382651347174
2024,WOODLANDS,5 ROOM,historical_non_mature,60,65,18,60.83333333333333,4710.743801652892,4551.526347107439,4891.054735130741
2024,WOODLANDS,5 ROOM,historical_non_mature,65,70,23,68.58333333333333,4958.677685950413,4831.836047164514,5110.714674801176
2024,WOODLANDS,5 ROOM,historical_non_mature,70,75,328,72.58333333333333,5231.420765027322,5040.241935483871,5422.04790586917
2024,WOODLANDS,5 ROOM,historical_non_mature,75,80,133,77.33333333333333,5330.434782608696,5045.454545454545,5526.315789473684
2024,WOODLANDS,5 ROOM,historical_non_mature,85,90,12,89.25,6116.071428571428,5803.571428571428,6390.625
2024,WOODLANDS,5 ROOM,historical_non_mature,90,95,96,93.66666666666667,6517.699115044248,6103.734513274336,6769.911504424779
2024,WOODLANDS,EXECUTIVE,historical_non_mature,55,60,1,55.5,4539.877300613497,4539.877300613497,4539.877300613497
2024,WOODLANDS,EXECUTIVE,historical_non_mature,60,65,10,63.333333333333336,5702.054794520548,5417.149631190727,5927.300726303209
2024,WOODLANDS,EXECUTIVE,historical_non_mature,65,70,60,69.25,5581.045189286248,5390.442263745127,5773.211705202312
2024,WOODLANDS,EXECUTIVE,historical_non_mature,70,75,129,71.58333333333333,5716.4689655172415,5423.728813559322,5944.055944055944
2024,WOODLANDS,EXECUTIVE,historical_non_mature,75,80,14,75.91666666666666,5797.282442748092,5763.358778625954,5868.320610687022
2024,YISHUN,2 ROOM,historical_non_mature,75,80,1,75.41666666666667,7325.0,7325.0,7325.0
2024,YISHUN,2 ROOM,historical_non_mature,85,90,8,88.04166666666666,6896.054964539007,6562.5,7121.010638297872
2024,YISHUN,2 ROOM,historical_non_mature,90,95,60,94.125,7446.808510638298,7177.063829787234,8243.421052631578
2024,YISHUN,2 ROOM,historical_non_mature,95,100,1,95.0,7127.659574468085,7127.659574468085,7127.659574468085
2024,YISHUN,3 ROOM,historical_non_mature,50,55,4,53.125,5514.705882352941,5134.953371592539,5900.735294117647
2024,YISHUN,3 ROOM,historical_non_mature,55,60,141,59.25,5779.411764705882,5514.705882352941,6059.701492537313
2024,YISHUN,3 ROOM,historical_non_mature,60,65,180,61.45833333333333,5890.41095890411,5613.833644665836,6093.75
2024,YISHUN,3 ROOM,historical_non_mature,65,70,7,67.41666666666667,6125.0,6093.75,6393.629807692308
2024,YISHUN,3 ROOM,historical_non_mature,70,75,3,74.0,7500.0,7291.666666666666,7566.666666666666
2024,YISHUN,3 ROOM,historical_non_mature,85,90,20,87.95833333333334,6914.179104477612,6608.208955223881,7395.522388059702
2024,YISHUN,3 ROOM,historical_non_mature,90,95,122,92.95833333333334,6791.044776119403,6537.313432835821,7143.382352941177
2024,YISHUN,4 ROOM,historical_non_mature,55,60,75,59.583333333333336,5549.450549450549,5335.205992509364,5826.778776778777
2024,YISHUN,4 ROOM,historical_non_mature,60,65,422,62.25,5400.786713286714,5096.153846153846,5654.761904761905
2024,YISHUN,4 ROOM,historical_non_mature,65,70,10,67.375,5286.535303776683,5139.850715322414,5861.263736263736
2024,YISHUN,4 ROOM,historical_non_mature,70,75,1,70.16666666666667,4857.142857142857,4857.142857142857,4857.142857142857
2024,YISHUN,4 ROOM,historical_non_mature,75,80,4,75.70833333333333,5782.130912565695,5612.756808408982,5945.054945054945
2024,YISHUN,4 ROOM,historical_non_mature,85,90,92,88.08333333333333,6196.784420289855,5975.239130434782,7293.478260869565
2024,YISHUN,4 ROOM,historical_non_mature,90,95,289,93.08333333333333,6182.795698924731,5967.741935483871,6451.612903225807
2024,YISHUN,4 ROOM,historical_non_mature,95,100,1,95.0,6344.086021505376,6344.086021505376,6344.086021505376
2024,YISHUN,5 ROOM,historical_non_mature,55,60,19,59.75,5195.121951219512,5093.586269196026,5376.03305785124
2024,YISHUN,5 ROOM,historical_non_mature,60,65,134,62.333333333333336,5354.851304743932,5076.276927245631,5577.326920471481
2024,YISHUN,5 ROOM,historical_non_mature,65,70,12,67.5,5573.026919602529,5474.014336917563,5820.324456688093
2024,YISHUN,5 ROOM,historical_non_mature,70,75,2,72.45833333333334,5690.630630630631,5405.315315315315,5975.945945945946
2024,YISHUN,5 ROOM,historical_non_mature,75,80,13,75.58333333333333,5567.5675675675675,5363.636363636364,5709.090909090909
2024,YISHUN,5 ROOM,historical_non_mature,85,90,14,89.375,6250.0,6004.464285714286,7399.5535714285725
2024,YISHUN,5 ROOM,historical_non_mature,90,95,117,92.33333333333333,6283.185840707964,5858.407079646017,6460.1769911504425
2024,YISHUN,EXECUTIVE,historical_non_mature,55,60,1,59.916666666666664,5703.9473684210525,5703.9473684210525,5703.9473684210525
2024,YISHUN,EXECUTIVE,historical_non_mature,60,65,81,62.833333333333336,5821.917808219178,5578.231292517007,6068.9655172413795
2024,YISHUN,EXECUTIVE,historical_non_mature,65,70,8,66.79166666666666,6016.961999730494,5698.103355342946,6099.797950642229
2024,YISHUN,MULTI-GENERATION,historical_non_mature,60,65,3,62.75,6085.365853658536,6048.530880045642,6701.219512195122
2025,ANG MO KIO,2 ROOM,historical_mature,50,55,12,52.5,7471.590909090909,7220.954545454545,7693.181818181818
2025,ANG MO KIO,2 ROOM,historical_mature,55,60,3,59.25,7955.555555555556,7900.0,7977.777777777777
2025,ANG MO KIO,2 ROOM,historical_mature,60,65,2,60.08333333333333,7516.666666666666,7486.111111111111,7547.222222222222
2025,ANG MO KIO,3 ROOM,historical_mature,45,50,11,49.666666666666664,5902.575342465753,5890.41095890411,6049.171948476795
2025,ANG MO KIO,3 ROOM,historical_mature,50,55,427,53.25,6136.986301369863,5945.945945945946,6396.060275962236
2025,ANG MO KIO,3 ROOM,historical_mature,55,60,67,58.083333333333336,6268.6567164179105,5965.746054519369,6779.76119402985
2025,ANG MO KIO,3 ROOM,historical_mature,60,65,2,60.04166666666667,6833.333333333334,6750.0,6916.666666666667
2025,ANG MO KIO,3 ROOM,historical_mature,85,90,15,86.41666666666667,10012.685714285713,9092.857142857143,10262.899786780385
2025,ANG MO KIO,3 ROOM,historical_mature,90,95,13,92.75,10630.70588235294,9558.823529411764,11000.0
2025,ANG MO KIO,4 ROOM,historical_mature,45,50,3,49.75,6439.024390243902,6028.790545637416,6451.219512195122
2025,ANG MO KIO,4 ROOM,historical_mature,50,55,155,53.083333333333336,6040.082474226804,5815.771960958296,6310.710498409332
2025,ANG MO KIO,4 ROOM,historical_mature,55,60,21,55.583333333333336,5921.846153846154,5824.175824175824,6236.559139784947
2025,ANG MO KIO,4 ROOM,historical_mature,65,70,4,66.5,6636.716931216932,6305.390211640212,6989.601936799185
2025,ANG MO KIO,4 ROOM,historical_mature,70,75,1,74.83333333333333,7222.222222222223,7222.222222222223,7222.222222222223
2025,ANG MO KIO,4 ROOM,historical_mature,75,80,27,76.75,9230.76923076923,8784.493284493285,9713.091960670909
2025,ANG MO KIO,4 ROOM,historical_mature,80,85,9,84.75,10119.648351648351,8842.105263157895,10977.777777777777
2025,ANG MO KIO,4 ROOM,historical_mature,85,90,18,86.25,9700.193423597679,9384.808510638297,10197.725605282465
2025,ANG MO KIO,4 ROOM,historical_mature,90,95,44,92.20833333333334,10537.63440860215,10077.956989247312,11332.924263674613
2025,ANG MO KIO,5 ROOM,historical_mature,50,55,50,53.83333333333333,6310.453781512605,6052.042768326843,6769.636498017872
2025,ANG MO KIO,5 ROOM,historical_mature,55,60,5,55.5,6220.472440944882,5866.141732283465,6740.740740740741
2025,ANG MO KIO,5 ROOM,historical_mature,65,70,15,68.16666666666667,7046.0,6790.338707661543,7477.322250639386
2025,ANG MO KIO,5 ROOM,historical_mature,70,75,7,70.41666666666667,7307.692307692308,7119.87969924812,9036.363636363636
2025,ANG MO KIO,5 ROOM,historical_mature,75,80,18,76.75,9325.253071253072,8784.090909090908,9724.745454545455
2025,ANG MO KIO,5 ROOM,historical_mature,80,85,5,84.75,10535.714285714286,10454.545454545454,11607.142857142857
2025,ANG MO KIO,5 ROOM,historical_mature,85,90,13,85.33333333333333,10844.444444444445,10267.857142857143,11607.142857142857
2025,ANG MO KIO,5 ROOM,historical_mature,90,95,10,91.91666666666667,9778.761061946901,9727.87610619469,10783.185840707965
2025,ANG MO KIO,EXECUTIVE,historical_mature,50,55,6,53.791666666666664,7108.611679163827,6795.046580322654,7419.33651442854
2025,ANG MO KIO,EXECUTIVE,historical_mature,55,60,1,55.083333333333336,5693.251533742331,5693.251533742331,5693.251533742331
2025,ANG MO KIO,EXECUTIVE,historical_mature,65,70,2,69.66666666666667,7461.915535444948,7417.232277526396,7506.5987933635
2025,ANG MO KIO,EXECUTIVE,historical_mature,70,75,5,70.41666666666667,7248.322147651007,7046.979865771812,7275.641025641025
2025,BEDOK,2 ROOM,historical_mature,50,55,8,51.958333333333336,7191.919191919193,6661.111111111111,7386.363636363636
2025,BEDOK,2 ROOM,historical_mature,55,60,10,59.666666666666664,7333.333333333333,7250.0,7433.333333333333
2025,BEDOK,2 ROOM,historical_mature,60,65,3,60.0,7333.333333333333,7233.333333333333,7388.888888888889
2025,BEDOK,2 ROOM,historical_mature,90,95,4,90.83333333333333,8106.382978723404,8005.319148936171,8303.191489361703
2025,BEDOK,3 ROOM,historical_mature,45,50,36,49.20833333333333,6038.461538461539,5687.141216991964,6464.615384615385
2025,BEDOK,3 ROOM,historical_mature,50,55,299,52.666666666666664,6254.237288135593,5970.149253731343,6470.588235294118
2025,BEDOK,3 ROOM,historical_mature,55,60,98,57.875,6338.308457711442,5936.483108108108,6579.29104477612
2025,BEDOK,3 ROOM,historical_mature,60,65,16,60.5,7087.053571428572,6742.1875,7340.356045081968
2025,BEDOK,3 ROOM,historical_mature,80,85,8,84.04166666666666,10311.594202898552,9789.62131837307,10616.935483870968
2025,BEDOK,3 ROOM,historical_mature,85,90,4,88.41666666666666,9813.432835820895,9696.149706015378,10031.15106286748
2025,BEDOK,3 ROOM,historical_mature,90,95,32,92.70833333333334,9434.782608695652,9077.20588235294,9852.941176470587
2025,BEDOK,3 ROOM,historical_mature,95,100,5,95.08333333333333,9927.536231884058,9811.59420289855,9983.884057971014
2025,BEDOK,4 ROOM,historical_mature,45,50,14,49.541666666666664,5881.374722838138,5801.829268292683,5975.609756097561
2025,BEDOK,4 ROOM,historical_mature,50,55,171,52.666666666666664,5847.826086956522,5652.173913043478,6077.380952380952
2025,BEDOK,4 ROOM,historical_mature,55,60,51,58.333333333333336,6075.268817204301,5792.778649921507,6406.509748316201
2025,BEDOK,4 ROOM,historical_mature,60,65,34,60.70833333333333,6898.142857142857,6497.02380952381,7107.371794871794
2025,BEDOK,4 ROOM,historical_mature,65,70,6,69.79166666666666,6435.907411009532,6219.788087056128,6650.943396226416
2025,BEDOK,4 ROOM,historical_mature,70,75,46,74.08333333333333,7040.0,6752.314814814815,7382.621272808188
2025,BEDOK,4 ROOM,historical_mature,75,80,21,79.58333333333333,7989.130434782609,7586.95652173913,8184.782608695652
2025,BEDOK,4 ROOM,historical_mature,80,85,18,84.04166666666666,9825.507459036438,9272.823206843606,10077.319587628866
2025,BEDOK,4 ROOM,historical_mature,85,90,12,88.125,9827.58620689655,9614.942528735633,10295.655172413793
2025,BEDOK,4 ROOM,historical_mature,90,95,61,92.25,9096.774193548386,8709.677419354839,9376.344086021505
2025,BEDOK,4 ROOM,historical_mature,95,100,13,95.0,9893.617021276596,9202.127659574468,10106.382978723404
2025,BEDOK,5 ROOM,historical_mature,45,50,16,49.0,6223.27878519829,5912.618083670714,6910.25641025641
2025,BEDOK,5 ROOM,historical_mature,50,55,60,52.75,5895.872420262664,5630.252100840336,6266.73350071736
2025,BEDOK,5 ROOM,historical_mature,55,60,29,56.916666666666664,5520.661157024793,5330.578512396694,5785.123966942148
2025,BEDOK,5 ROOM,historical_mature,60,65,10,62.5,6999.996153846154,6055.327868852459,7879.547081408212
2025,BEDOK,5 ROOM,historical_mature,65,70,19,67.25,6484.375,6361.580221537056,7032.520325203252
2025,BEDOK,5 ROOM,historical_mature,70,75,32,73.29166666666666,6797.797101449276,6569.459172852598,7225.396825396825
2025,BEDOK,5 ROOM,historical_mature,75,80,2,75.0,7369.565217391304,7206.521739130435,7532.608695652173
2025,BEDOK,5 ROOM,historical_mature,80,85,4,83.83333333333333,9206.909937888198,8733.685064935064,9346.079192546584
2025,BEDOK,5 ROOM,historical_mature,85,90,1,88.58333333333333,10761.904761904761,10761.904761904761,10761.904761904761
2025,BEDOK,5 ROOM,historical_mature,90,95,5,92.75,9115.044247787611,9026.548672566372,9185.840707964602
2025,BEDOK,EXECUTIVE,historical_mature,50,55,1,50.916666666666664,6397.515527950311,6397.515527950311,6397.515527950311
2025,BEDOK,EXECUTIVE,historical_mature,55,60,16,58.708333333333336,6484.375578336207,6383.756205184776,6790.204940039377
2025,BEDOK,EXECUTIVE,historical_mature,60,65,18,61.08333333333333,7101.4973962208005,6446.6621004566205,8123.287671232877
2025,BEDOK,EXECUTIVE,historical_mature,65,70,18,67.20833333333334,6795.931206285331,6653.154805575936,6935.60606060606
2025,BEDOK,EXECUTIVE,historical_mature,70,75,6,70.41666666666666,7345.762237762237,7229.499952102691,7527.776223776224
2025,BISHAN,3 ROOM,historical_mature,45,50,8,47.375,5661.538461538462,5252.441176470588,5675.8891402714935
2025,BISHAN,3 ROOM,historical_mature,55,60,29,59.166666666666664,8250.0,8059.701492537313,8468.75
2025,BISHAN,3 ROOM,historical_mature,60,65,24,61.416666666666664,8756.46875,8550.78125,9062.5
2025,BISHAN,4 ROOM,historical_mature,45,50,4,48.25,5796.022727272728,5735.795454545455,5836.079545454545
2025,BISHAN,4 ROOM,historical_mature,55,60,30,59.29166666666667,8181.776556776556,7661.904761904762,8523.411371237458
2025,BISHAN,4 ROOM,historical_mature,60,65,62,61.333333333333336,7953.176341730559,7561.115959419658,8363.453815261046
2025,BISHAN,4 ROOM,historical_mature,65,70,69,66.0,7865.384615384615,7389.380530973452,8095.238095238095
2025,BISHAN,4 ROOM,historical_mature,70,75,7,72.25,8280.0,8257.64705882353,8942.941176470587
2025,BISHAN,4 ROOM,historical_mature,80,85,5,84.83333333333333,11473.684210526315,11052.631578947368,11789.473684210527
2025,BISHAN,4 ROOM,historical_mature,85,90,1,85.33333333333333,11368.421052631578,11368.421052631578,11368.421052631578
2025,BISHAN,5 ROOM,historical_mature,55,60,7,58.916666666666664,7834.710743801653,7685.9504132231405,8162.033333333333
2025,BISHAN,5 ROOM,historical_mature,60,65,57,61.333333333333336,8099.173553719008,7693.2231404958675,8388.429752066115
2025,BISHAN,5 ROOM,historical_mature,65,70,11,66.16666666666667,8248.175182481751,8028.92561983471,8524.449035812671
2025,BISHAN,5 ROOM,historical_mature,70,75,12,71.91666666666666,8719.512195121952,8672.89860915138,8928.184371430492
2025,BISHAN,5 ROOM,historical_mature,80,85,3,84.91666666666667,11083.333333333334,10703.7,12341.666666666668
2025,BISHAN,5 ROOM,historical_mature,85,90,8,85.375,12241.666666666668,11916.666666666666,12520.833333333334
2025,BISHAN,EXECUTIVE,historical_mature,55,60,3,58.916666666666664,8698.630136986301,8463.239119126061,8920.261014439096
2025,BISHAN,EXECUTIVE,historical_mature,60,65,12,61.25,8878.615805946793,8452.083333333334,9337.423312883435
2025,BISHAN,EXECUTIVE,historical_mature,65,70,23,65.83333333333333,8219.17808219178,7757.7565091173,8923.387462578245
2025,BISHAN,MULTI-GENERATION,historical_mature,60,65,1,61.166666666666664,8417.50303030303,8417.50303030303,8417.50303030303
2025,BUKIT BATOK,2 ROOM,historical_non_mature,90,95,79,93.58333333333333,8191.489361702128,7872.340425531915,8594.553191489362
2025,BUKIT BATOK,3 ROOM,historical_non_mature,55,60,159,58.833333333333336,5958.904109589041,5770.27027027027,6176.470588235294
2025,BUKIT BATOK,3 ROOM,historical_non_mature,60,65,113,61.25,6027.397260273972,5852.941176470588,6250.0
2025,BUKIT BATOK,3 ROOM,historical_non_mature,90,95,64,92.83333333333333,7776.119402985074,7453.632572431958,7996.268656716417
2025,BUKIT BATOK,3 ROOM,historical_non_mature,95,100,2,95.04166666666666,7551.470588235294,7341.911764705883,7761.029411764706
2025,BUKIT BATOK,4 ROOM,historical_non_mature,55,60,116,58.833333333333336,5503.840245775729,5244.115384615385,5740.754567282597
2025,BUKIT BATOK,4 ROOM,historical_non_mature,60,65,78,60.833333333333336,5631.0679611650485,5371.174994023429,5840.3558052434455
2025,BUKIT BATOK,4 ROOM,historical_non_mature,70,75,38,71.75,5990.291262135923,5727.631829430801,6381.836970104778
2025,BUKIT BATOK,4 ROOM,historical_non_mature,75,80,30,78.625,6533.449275362318,6250.0,6727.956521739131
2025,BUKIT BATOK,4 ROOM,historical_non_mature,90,95,262,93.0,7365.591397849463,6989.247311827957,7688.1720430107525
2025,BUKIT BATOK,4 ROOM,historical_non_mature,95,100,24,95.16666666666667,7284.94623655914,6989.247311827957,7373.655913978495
2025,BUKIT BATOK,5 ROOM,historical_non_mature,55,60,32,58.875,5626.961518033895,5393.2835820895525,5871.212121212121
2025,BUKIT BATOK,5 ROOM,historical_non_mature,60,65,19,60.666666666666664,5327.868852459016,5092.213114754099,5422.131147540984
2025,BUKIT BATOK,5 ROOM,historical_non_mature,65,70,1,69.5,5880.5970149253735,5880.5970149253735,5880.5970149253735
2025,BUKIT BATOK,5 ROOM,historical_non_mature,70,75,17,71.5,6198.347107438017,5983.606557377049,6991.525423728814
2025,BUKIT BATOK,5 ROOM,historical_non_mature,75,80,20,78.5,6266.474576271186,5995.762711864407,6576.086956521739
2025,BUKIT BATOK,5 ROOM,historical_non_mature,90,95,155,92.83333333333333,7339.285714285715,7079.646017699115,7755.609987357775
2025,BUKIT BATOK,5 ROOM,historical_non_mature,95,100,23,95.16666666666667,7256.637168141593,6924.778761061947,7389.380530973452
2025,BUKIT BATOK,EXECUTIVE,historical_non_mature,55,60,35,58.916666666666664,5862.068965517241,5656.462585034014,6072.2193548387095
2025,BUKIT BATOK,EXECUTIVE,historical_non_mature,60,65,19,60.583333333333336,5821.917808219178,5475.643835616438,5939.978370583995
2025,BUKIT BATOK,EXECUTIVE,historical_non_mature,65,70,5,66.66666666666667,5655.172413793103,5598.666666666667,6103.448275862069
2025,BUKIT BATOK,EXECUTIVE,historical_non_mature,70,75,13,71.5,6638.297872340426,6297.872340425532,6827.771428571428
2025,BUKIT MERAH,1 ROOM,historical_mature,45,50,5,48.833333333333336,8709.677419354839,8673.806451612903,8709.677419354839
2025,BUKIT MERAH,2 ROOM,historical_mature,40,45,13,43.25,6279.069767441861,5957.446808510638,6860.46511627907
2025,BUKIT MERAH,2 ROOM,historical_mature,45,50,8,46.791666666666664,7897.058823529412,6875.0,8506.716417910447
2025,BUKIT MERAH,2 ROOM,historical_mature,50,55,5,51.333333333333336,7000.0,6818.181818181818,7568.181818181818
2025,BUKIT MERAH,2 ROOM,historical_mature,85,90,2,86.66666666666666,11574.468085106382,11510.638297872341,11638.297872340425
2025,BUKIT MERAH,2 ROOM,historical_mature,90,95,1,92.75,11040.170212765957,11040.170212765957,11040.170212765957
2025,BUKIT MERAH,3 ROOM,historical_mature,40,45,41,43.25,6259.259259259259,5933.333333333333,6629.62962962963
2025,BUKIT MERAH,3 ROOM,historical_mature,45,50,109,48.666666666666664,6150.64406779661,5675.2,6584.615384615385
2025,BUKIT MERAH,3 ROOM,historical_mature,50,55,55,51.916666666666664,6162.507462686567,5892.7327606222425,6932.289770658901
2025,BUKIT MERAH,3 ROOM,historical_mature,55,60,50,56.875,6587.22294654498,6335.64598880597,6922.972972972973
2025,BUKIT MERAH,3 ROOM,historical_mature,75,80,7,76.75,11666.666666666666,11525.0,11941.666666666666
2025,BUKIT MERAH,3 ROOM,historical_mature,80,85,8,82.54166666666666,12000.0,11812.5,12245.366666666667
2025,BUKIT MERAH,3 ROOM,historical_mature,85,90,32,87.04166666666666,11904.715552671425,11376.811594202898,12152.173913043476
2025,BUKIT MERAH,3 ROOM,historical_mature,90,95,47,92.58333333333333,10808.823529411764,10118.737159789289,11330.882352941177
2025,BUKIT MERAH,4 ROOM,historical_mature,40,45,8,44.04166666666667,6472.972972972973,6106.418918918919,6744.594594594594
2025,BUKIT MERAH,4 ROOM,historical_mature,45,50,13,48.666666666666664,6463.414634146341,6136.363636363636,6585.365853658536
2025,BUKIT MERAH,4 ROOM,historical_mature,50,55,16,51.70833333333333,6694.039655996177,6594.3877551020405,6847.826086956522
2025,BUKIT MERAH,4 ROOM,historical_mature,55,60,37,58.666666666666664,6682.692307692308,6504.854368932039,7809.523809523809
2025,BUKIT MERAH,4 ROOM,historical_mature,60,65,7,60.25,7738.0952380952385,7440.476190476191,7857.142857142857
2025,BUKIT MERAH,4 ROOM,historical_mature,65,70,2,69.16666666666666,8182.242990654206,7960.280373831775,8404.205607476635
2025,BUKIT MERAH,4 ROOM,historical_mature,70,75,24,71.25,8201.111111111111,7642.261904761905,8922.35294117647
2025,BUKIT MERAH,4 ROOM,historical_mature,75,80,113,76.83333333333333,9911.826086956522,8922.222222222223,10658.823529411764
2025,BUKIT MERAH,4 ROOM,historical_mature,80,85,24,82.54166666666666,10766.666666666666,10163.888888888889,11000.0
2025,BUKIT MERAH,4 ROOM,historical_mature,85,90,51,87.16666666666667,11542.553191489362,10903.225806451614,12261.78483791812
2025,BUKIT MERAH,4 ROOM,historical_mature,90,95,88,92.58333333333333,10613.032776266355,10212.616409537168,11496.408602150537
2025,BUKIT MERAH,5 ROOM,historical_mature,45,50,6,48.25,8606.837606837606,7070.962663067926,8712.719298245614
2025,BUKIT MERAH,5 ROOM,historical_mature,50,55,28,51.583333333333336,6570.837751855779,6149.572649572649,6991.933935087382
2025,BUKIT MERAH,5 ROOM,historical_mature,55,60,13,57.583333333333336,8549.898305084746,7407.407407407408,9406.77966101695
2025,BUKIT MERAH,5 ROOM,historical_mature,65,70,7,68.75,9126.984126984127,9031.740765317409,9568.002863278454
2025,BUKIT MERAH,5 ROOM,historical_mature,70,75,30,72.66666666666667,8485.839471678944,7367.446573323507,9485.671875
2025,BUKIT MERAH,5 ROOM,historical_mature,75,80,58,77.16666666666667,9818.181818181818,9037.734029484029,10660.599999999999
2025,BUKIT MERAH,5 ROOM,historical_mature,80,85,6,80.54166666666666,9864.426877470356,7693.028485757121,10300.0
2025,BUKIT MERAH,5 ROOM,historical_mature,85,90,12,88.375,12319.684210526317,11946.385964912279,13040.178571428572
2025,BUKIT MERAH,5 ROOM,historical_mature,90,95,7,92.58333333333333,12699.115044247788,12578.22376738306,12889.143489254107
2025,BUKIT PANJANG,2 ROOM,historical_non_mature,85,90,25,88.58333333333333,7872.340425531915,7553.191489361702,8297.872340425532
2025,BUKIT PANJANG,3 ROOM,historical_non_mature,60,65,51,62.166666666666664,6027.397260273972,5753.424657534247,6218.75
2025,BUKIT PANJANG,3 ROOM,historical_non_mature,85,90,43,89.0,7432.835820895522,7125.042142230026,7614.793678665496
2025,BUKIT PANJANG,3 ROOM,historical_non_mature,90,95,7,90.08333333333333,7132.35294117647,6882.35294117647,7426.470588235294
2025,BUKIT PANJANG,4 ROOM,historical_non_mature,60,65,111,62.25,5252.42718446602,5096.153846153846,5496.017857142857
2025,BUKIT PANJANG,4 ROOM,historical_non_mature,70,75,80,72.0,6000.0,5584.740827023878,6657.083015993907
2025,BUKIT PANJANG,4 ROOM,historical_non_mature,75,80,75,76.41666666666667,6210.526315789473,5820.04347826087,6612.007168458782
2025,BUKIT PANJANG,4 ROOM,historical_non_mature,85,90,114,89.08333333333333,6739.130434782609,6559.139784946236,7096.774193548387
2025,BUKIT PANJANG,4 ROOM,historical_non_mature,90,95,3,90.75,6827.956989247312,6693.548387096775,6844.086021505376
2025,BUKIT PANJANG,5 ROOM,historical_non_mature,60,65,30,62.625,5450.819672131147,5133.196721311475,5634.4668744072615
2025,BUKIT PANJANG,5 ROOM,historical_non_mature,70,75,67,72.41666666666667,6446.280991735537,5691.629476584022,7115.702479338843
2025,BUKIT PANJANG,5 ROOM,historical_non_mature,75,80,77,76.16666666666667,6254.545454545455,5545.454545454545,6681.818181818182
2025,BUKIT PANJANG,5 ROOM,historical_non_mature,85,90,24,89.33333333333333,6579.646017699115,6427.623261694058,6762.5309734513285
2025,BUKIT PANJANG,5 ROOM,historical_non_mature,90,95,11,90.41666666666667,7017.699115044248,6814.159292035398,7123.8938053097345
2025,BUKIT PANJANG,EXECUTIVE,historical_non_mature,60,65,39,62.333333333333336,5897.260273972603,5694.444444444444,6079.290334855403
2025,BUKIT PANJANG,EXECUTIVE,historical_non_mature,70,75,20,72.875,6714.285714285714,6037.074993971546,7042.2535211267605
2025,BUKIT PANJANG,EXECUTIVE,historical_non_mature,75,80,21,75.83333333333333,5884.615384615385,5424.0,6923.076923076923
2025,BUKIT TIMAH,3 ROOM,historical_mature,45,50,7,48.166666666666664,7076.923076923077,6815.068493150685,7708.632311372037
2025,BUKIT TIMAH,3 ROOM,historical_mature,50,55,1,50.25,7059.815384615385,7059.815384615385,7059.815384615385
2025,BUKIT TIMAH,3 ROOM,historical_mature,60,65,2,62.66666666666667,9397.5625,9386.28125,9408.84375
2025,BUKIT TIMAH,4 ROOM,historical_mature,45,50,5,47.666666666666664,7010.989010989011,6868.131868131868,7362.6373626373625
2025,BUKIT TIMAH,4 ROOM,historical_mature,60,65,12,62.5,8980.76923076923,8817.307692307691,9232.903846153846
2025,BUKIT TIMAH,5 ROOM,historical_mature,45,50,5,48.083333333333336,8048.780487804878,7720.0,8130.081300813008
2025,BUKIT TIMAH,5 ROOM,historical_mature,60,65,13,62.5,9754.098360655738,9531.25,10081.967213114754
2025,BUKIT TIMAH,EXECUTIVE,historical_mature,60,65,9,62.333333333333336,9453.333333333334,8972.602739726028,9750.357142857143
2025,CENTRAL AREA,2 ROOM,historical_mature,40,45,2,44.75,5981.8308874912655,5953.878406708595,6009.783368273935
2025,CENTRAL AREA,2 ROOM,historical_mature,45,50,3,47.416666666666664,8222.222222222223,7119.488469601678,8222.222222222223
2025,CENTRAL AREA,2 ROOM,historical_mature,55,60,5,56.5,7536.307692307692,7500.0,7564.096153846154
2025,CENTRAL AREA,3 ROOM,historical_mature,45,50,15,48.0,7384.615384615385,7159.151193633952,7639.217704580546
2025,CENTRAL AREA,3 ROOM,historical_mature,50,55,38,51.0,8835.366101694915,8326.271186440677,9274.949152542373
2025,CENTRAL AREA,3 ROOM,historical_mature,55,60,19,58.0,7972.972972972973,7362.030303030303,8547.727272727272
2025,CENTRAL AREA,3 ROOM,historical_mature,60,65,2,60.375,9235.29411764706,9161.764705882353,9308.823529411766
2025,CENTRAL AREA,4 ROOM,historical_mature,45,50,1,47.916666666666664,7116.883116883117,7116.883116883117,7116.883116883117
2025,CENTRAL AREA,4 ROOM,historical_mature,50,55,10,54.25,9643.903614457831,9498.530708198648,9984.756097560974
2025,CENTRAL AREA,4 ROOM,historical_mature,55,60,14,57.5,7167.871789337362,6701.101112952877,7660.1051037677025
2025,CENTRAL AREA,4 ROOM,historical_mature,75,80,5,76.58333333333333,8294.117647058823,8000.0,9040.0
2025,CENTRAL AREA,4 ROOM,historical_mature,80,85,32,84.5,14666.666666666668,14054.099462365592,14960.526315789473
2025,CENTRAL AREA,4 ROOM,historical_mature,85,90,6,85.08333333333333,14084.994400895856,13768.42105263158,14827.556623198352
2025,CENTRAL AREA,5 ROOM,historical_mature,55,60,4,58.08333333333333,7688.533844457281,7407.955174322081,8056.042173560421
2025,CENTRAL AREA,5 ROOM,historical_mature,75,80,2,75.83333333333333,7695.238095238095,7600.0,7790.47619047619
2025,CENTRAL AREA,5 ROOM,historical_mature,80,85,13,84.5,14603.77358490566,13925.233644859813,14859.81308411215
2025,CENTRAL AREA,5 ROOM,historical_mature,85,90,1,85.0,14622.641509433963,14622.641509433963,14622.641509433963
2025,CHOA CHU KANG,2 ROOM,historical_non_mature,80,85,1,84.83333333333333,7391.304347826087,7391.304347826087,7391.304347826087
2025,CHOA CHU KANG,2 ROOM,historical_non_mature,85,90,9,88.83333333333333,7500.0,7404.255319148936,7606.382978723404
2025,CHOA CHU KANG,2 ROOM,historical_non_mature,90,95,3,91.16666666666667,7446.808510638298,7425.531914893617,7553.191489361702
2025,CHOA CHU KANG,3 ROOM,historical_non_mature,50,55,5,52.75,5378.378378378378,5337.8378378378375,5447.761194029851
2025,CHOA CHU KANG,3 ROOM,historical_non_mature,55,60,8,58.29166666666667,5634.378378378378,5591.216216216217,5692.5675675675675
2025,CHOA CHU KANG,3 ROOM,historical_non_mature,60,65,6,63.20833333333333,5780.054794520548,5753.424657534247,5848.931506849315
2025,CHOA CHU KANG,3 ROOM,historical_non_mature,85,90,14,88.5,7355.386303775242,7066.505706760316,7522.972344161545
2025,CHOA CHU KANG,3 ROOM,historical_non_mature,90,95,27,91.08333333333333,7426.470588235294,7133.5601404741,7582.089552238806
2025,CHOA CHU KANG,4 ROOM,historical_non_mature,50,55,12,52.58333333333333,4907.608695652174,4672.101449275363,5081.521739130436
2025,CHOA CHU KANG,4 ROOM,historical_non_mature,55,60,6,56.79166666666667,4850.26138909634,4840.570719602978,4898.374841705361
2025,CHOA CHU KANG,4 ROOM,historical_non_mature,60,65,38,63.5,5240.384615384615,4857.12285287528,5480.776442307692
2025,CHOA CHU KANG,4 ROOM,historical_non_mature,65,70,118,67.20833333333334,5296.854138851802,5104.166666666666,5475.067385444743
2025,CHOA CHU KANG,4 ROOM,historical_non_mature,70,75,144,72.58333333333333,5377.559633027523,5165.072575218686,5586.229487069335
2025,CHOA CHU KANG,4 ROOM,historical_non_mature,75,80,44,76.5,5714.285714285715,5555.555555555556,5894.133333333333
2025,CHOA CHU KANG,4 ROOM,historical_non_mature,85,90,21,89.58333333333333,6304.347826086957,6141.304347826087,6591.397849462365
2025,CHOA CHU KANG,4 ROOM,historical_non_mature,90,95,98,91.08333333333333,6459.502103786816,6290.322580645161,6769.363487611034
2025,CHOA CHU KANG,5 ROOM,historical_non_mature,50,55,8,52.416666666666664,4794.117647058823,4653.361344537815,5055.9701492537315
2025,CHOA CHU KANG,5 ROOM,historical_non_mature,60,65,21,63.0,5123.966942148761,5081.9672131147545,5368.852459016393
2025,CHOA CHU KANG,5 ROOM,historical_non_mature,65,70,91,68.08333333333333,5373.134328358209,5173.208089027163,5603.171234537958
2025,CHOA CHU KANG,5 ROOM,historical_non_mature,70,75,97,72.91666666666667,5333.333333333333,5142.857142857143,5614.754098360656
2025,CHOA CHU KANG,5 ROOM,historical_non_mature,75,80,69,76.5,5272.727272727273,5136.363636363636,5409.090909090909
2025,CHOA CHU KANG,5 ROOM,historical_non_mature,85,90,6,89.58333333333333,6268.920353982301,6245.327433628319,6280.725663716814
2025,CHOA CHU KANG,5 ROOM,historical_non_mature,90,95,84,91.04166666666666,6349.557522123894,6094.389380530974,6507.782869785082
2025,CHOA CHU KANG,EXECUTIVE,historical_non_mature,60,65,20,63.0,5774.891973889859,5476.027397260274,5870.996527107853
2025,CHOA CHU KANG,EXECUTIVE,historical_non_mature,65,70,45,67.25,5691.275167785235,5454.545454545455,5921.0526315789475
2025,CHOA CHU KANG,EXECUTIVE,historical_non_mature,70,75,31,72.41666666666667,5567.375886524823,5240.92970521542,5950.773430391265
2025,CHOA CHU KANG,EXECUTIVE,historical_non_mature,75,80,1,76.83333333333333,6040.0,6040.0,6040.0
2025,CLEMENTI,2 ROOM,historical_mature,85,90,5,87.16666666666667,9300.0,8632.65306122449,9693.877551020409
2025,CLEMENTI,3 ROOM,historical_mature,50,55,185,53.333333333333336,6102.941176470588,5731.707317073171,6524.390243902439
2025,CLEMENTI,3 ROOM,historical_mature,55,60,35,57.333333333333336,5852.941176470588,5588.235294117647,6101.351351351352
2025,CLEMENTI,3 ROOM,historical_mature,85,90,18,87.75,9890.765765765766,9775.342465753425,11037.5
2025,CLEMENTI,3 ROOM,historical_mature,90,95,5,91.08333333333333,10144.927536231884,9782.608695652174,10289.855072463768
2025,CLEMENTI,4 ROOM,historical_mature,50,55,76,52.70833333333333,6283.7528604119,5778.927068723703,6721.716947648625
2025,CLEMENTI,4 ROOM,historical_mature,55,60,16,56.70833333333333,6032.967032967033,5466.446175184039,6601.767797419971
2025,CLEMENTI,4 ROOM,historical_mature,75,80,4,76.875,9511.11111111111,9461.111111111111,9583.333333333332
2025,CLEMENTI,4 ROOM,historical_mature,80,85,4,80.625,9733.333333333332,9402.777777777777,10072.222222222223
2025,CLEMENTI,4 ROOM,historical_mature,85,90,55,87.66666666666667,10314.0,9479.166666666668,11899.3
2025,CLEMENTI,4 ROOM,historical_mature,90,95,53,92.75,12068.965517241379,11268.817204301075,12977.290322580646
2025,CLEMENTI,4 ROOM,historical_mature,95,100,1,95.0,12688.172043010753,12688.172043010753,12688.172043010753
2025,CLEMENTI,5 ROOM,historical_mature,50,55,27,52.25,6495.726495726496,5860.52836052836,7055.411908353084
2025,CLEMENTI,5 ROOM,historical_mature,55,60,10,58.375,6905.697775986025,6268.595041322314,7371.900826446282
2025,CLEMENTI,5 ROOM,historical_mature,60,65,1,60.333333333333336,7851.239669421488,7851.239669421488,7851.239669421488
2025,CLEMENTI,5 ROOM,historical_mature,75,80,4,76.45833333333333,9295.454545454544,9052.272727272726,9534.09090909091
2025,CLEMENTI,5 ROOM,historical_mature,80,85,1,80.0,8080.808,8080.808,8080.808
2025,CLEMENTI,5 ROOM,historical_mature,85,90,14,87.58333333333334,10002.925473561034,9482.300884955752,10566.296685165744
2025,CLEMENTI,5 ROOM,historical_mature,90,95,27,94.5,11946.902654867257,11026.548672566372,12424.107142857143
2025,CLEMENTI,EXECUTIVE,historical_mature,50,55,1,51.5,7042.944785276074,7042.944785276074,7042.944785276074
2025,CLEMENTI,EXECUTIVE,historical_mature,55,60,10,58.666666666666664,6936.559042263741,6714.246575342466,7218.215664644236
2025,GEYLANG,2 ROOM,historical_mature,40,45,15,44.083333333333336,6904.761904761905,6500.0,7156.4047619047615
2025,GEYLANG,2 ROOM,historical_mature,45,50,2,46.95833333333333,6445.652173913044,6353.260869565217,6538.04347826087
2025,GEYLANG,2 ROOM,historical_mature,55,60,3,59.5,7177.777777777777,7086.666666666666,7444.444444444444
2025,GEYLANG,3 ROOM,historical_mature,40,45,131,42.333333333333336,5762.71186440678,5470.074350907901,6021.4389071591195
2025,GEYLANG,3 ROOM,historical_mature,45,50,23,47.25,6034.482758620689,5869.63097398669,6165.158371040724
2025,GEYLANG,3 ROOM,historical_mature,50,55,54,51.166666666666664,6177.016949152543,5947.225930680359,6534.3410068302555
2025,GEYLANG,3 ROOM,historical_mature,55,60,48,57.29166666666667,7365.494978479197,6885.020613834173,7560.1560319042865
2025,GEYLANG,3 ROOM,historical_mature,70,75,6,73.625,7578.125,7554.6875,7578.125
2025,GEYLANG,3 ROOM,historical_mature,80,85,11,80.83333333333333,10833.333333333334,10625.0,11083.333333333332
2025,GEYLANG,3 ROOM,historical_mature,90,95,32,92.45833333333334,11170.324846356452,10757.462686567165,11470.588235294117
2025,GEYLANG,4 ROOM,historical_mature,40,45,2,42.375,5901.031799930895,5688.18136326268,6113.882236599111
2025,GEYLANG,4 ROOM,historical_mature,45,50,9,49.416666666666664,5681.818181818182,5318.181818181818,6880.434782608696
2025,GEYLANG,4 ROOM,historical_mature,50,55,42,52.125,6402.173913043478,6070.891065456283,6794.672718585762
2025,GEYLANG,4 ROOM,historical_mature,55,60,67,59.083333333333336,6726.190476190476,6420.478021978022,6995.947315096251
2025,GEYLANG,4 ROOM,historical_mature,60,65,4,62.125,6562.728937728938,6379.807692307692,6708.333333333333
2025,GEYLANG,4 ROOM,historical_mature,65,70,2,68.08333333333334,8127.43772893773,8000.680402930403,8254.195054945056
2025,GEYLANG,4 ROOM,historical_mature,70,75,21,71.83333333333333,8333.333333333334,7883.21568627451,9313.725490196079
2025,GEYLANG,4 ROOM,historical_mature,75,80,4,78.66666666666666,10305.755850727386,9853.795066413662,10858.633776091081
2025,GEYLANG,4 ROOM,historical_mature,80,85,9,80.66666666666667,10647.058823529413,10500.0,10777.777777777777
2025,GEYLANG,4 ROOM,historical_mature,85,90,7,85.5,10000.0,9805.263157894737,10073.094736842104
2025,GEYLANG,4 ROOM,historical_mature,90,95,60,93.75,10761.177419354837,10521.570564516129,11133.232526881722
2025,GEYLANG,5 ROOM,historical_mature,45,50,3,49.75,6483.050847457627,6432.203389830509,6546.610169491525
2025,GEYLANG,5 ROOM,historical_mature,50,55,18,51.20833333333333,6405.276848755109,6133.387028995658,6730.3165290453435
2025,GEYLANG,5 ROOM,historical_mature,55,60,17,57.833333333333336,6776.859504132231,6188.524590163935,7183.098591549296
2025,GEYLANG,5 ROOM,historical_mature,60,65,10,62.875,5995.83553675304,5830.248545742992,6328.381147540984
2025,GEYLANG,5 ROOM,historical_mature,65,70,4,65.91666666666666,6893.9890710382515,6516.393442622951,7166.652572074619
2025,GEYLANG,5 ROOM,historical_mature,70,75,15,73.5,10090.09009009009,8158.457855795735,10958.333333333332
2025,GEYLANG,5 ROOM,historical_mature,75,80,4,78.66666666666666,8909.090909090908,8608.836363636365,9200.450450450451
2025,GEYLANG,EXECUTIVE,historical_mature,55,60,3,59.75,6424.657534246576,6008.381398702235,6842.465753424658
2025,GEYLANG,EXECUTIVE,historical_mature,60,65,13,60.833333333333336,7291.666666666667,6861.111111111111,7842.465753424657
2025,HOUGANG,2 ROOM,historical_non_mature,85,90,10,86.41666666666667,7750.0,7595.744680851064,7962.765957446809
2025,HOUGANG,2 ROOM,historical_non_mature,90,95,55,94.0,8212.765957446809,7978.723404255319,8617.021276595744
2025,HOUGANG,3 ROOM,historical_non_mature,45,50,17,49.083333333333336,5932.203389830508,5559.322033898305,6101.6949152542375
2025,HOUGANG,3 ROOM,historical_non_mature,50,55,24,51.95833333333333,5821.917808219178,5667.808219178082,6031.741975056225
2025,HOUGANG,3 ROOM,historical_non_mature,55,60,136,57.25,6418.28855721393,6079.04961678096,6764.705882352941
2025,HOUGANG,3 ROOM,historical_non_mature,60,65,73,61.25,6562.5,6324.324324324324,6750.0
2025,HOUGANG,3 ROOM,historical_non_mature,65,70,8,67.04166666666666,7220.338983050848,7016.474576271186,7457.627118644068
2025,HOUGANG,3 ROOM,historical_non_mature,85,90,24,88.45833333333334,7696.121212121212,7616.220368744513,8506.090869183496
2025,HOUGANG,3 ROOM,historical_non_mature,90,95,44,93.16666666666667,7794.117647058823,7500.0,8054.667519181586
2025,HOUGANG,4 ROOM,historical_non_mature,45,50,5,49.25,5707.317073170731,5634.1463414634145,5731.707317073171
2025,HOUGANG,4 ROOM,historical_non_mature,50,55,10,52.08333333333333,5224.489795918367,5121.591836734694,5434.782608695652
2025,HOUGANG,4 ROOM,historical_non_mature,55,60,96,58.833333333333336,5985.32380952381,5726.404966392831,6251.179245283019
2025,HOUGANG,4 ROOM,historical_non_mature,60,65,122,61.333333333333336,6285.714285714285,5953.049759229534,6492.870612397311
2025,HOUGANG,4 ROOM,historical_non_mature,65,70,38,66.5,6111.370425690814,5836.936519790888,6452.887537993921
2025,HOUGANG,4 ROOM,historical_non_mature,70,75,87,71.91666666666667,6105.88,5831.683168316831,6437.525106382978
2025,HOUGANG,4 ROOM,historical_non_mature,75,80,24,77.33333333333333,6514.7058823529405,6261.764705882353,6610.613071895425
2025,HOUGANG,4 ROOM,historical_non_mature,85,90,68,89.125,7585.739130434782,7220.430107526882,8260.869565217392
2025,HOUGANG,4 ROOM,historical_non_mature,90,95,144,93.16666666666667,7189.223936418887,6949.631837307154,7445.941258094356
2025,HOUGANG,4 ROOM,historical_non_mature,95,100,3,95.0,7204.301075268817,7150.537634408602,7241.333333333333
2025,HOUGANG,5 ROOM,historical_non_mature,45,50,2,49.5,5772.74011299435,5544.703389830509,6000.776836158192
2025,HOUGANG,5 ROOM,historical_non_mature,55,60,43,58.166666666666664,5826.446280991736,5454.545454545454,6761.429231124452
2025,HOUGANG,5 ROOM,historical_non_mature,60,65,41,61.416666666666664,6033.05785123967,5754.098360655737,6446.280991735537
2025,HOUGANG,5 ROOM,historical_non_mature,65,70,10,66.45833333333334,6619.180327868853,6368.360655737705,6710.403225806452
2025,HOUGANG,5 ROOM,historical_non_mature,70,75,77,72.41666666666667,6528.925619834711,6196.581196581196,6782.4
2025,HOUGANG,5 ROOM,historical_non_mature,75,80,14,77.625,5920.454545454546,5704.545454545454,6090.909090909091
2025,HOUGANG,5 ROOM,historical_non_mature,85,90,18,88.66666666666666,7976.818479685452,7618.797408343869,8692.660550458717
2025,HOUGANG,5 ROOM,historical_non_mature,90,95,26,92.16666666666667,7118.973451327433,6825.221238938053,7238.938053097345
2025,HOUGANG,EXECUTIVE,historical_non_mature,55,60,18,58.45833333333333,6526.694927804518,6222.847682119205,6787.1621621621625
2025,HOUGANG,EXECUTIVE,historical_non_mature,60,65,35,61.5,6712.328767123287,6582.199749418292,6955.591798695246
2025,HOUGANG,EXECUTIVE,historical_non_mature,65,70,20,66.375,7016.130163170163,6655.405405405405,7147.945205479452
2025,HOUGANG,EXECUTIVE,historical_non_mature,70,75,21,72.0,6408.759124087591,6204.379562043796,7000.0
2025,JURONG EAST,2 ROOM,historical_non_mature,85,90,12,87.41666666666667,7860.510638297872,7710.227272727272,7937.5
2025,JURONG EAST,3 ROOM,historical_non_mature,40,45,1,40.416666666666664,5373.134328358209,5373.134328358209,5373.134328358209
2025,JURONG EAST,3 ROOM,historical_non_mature,50,55,29,51.5,4864.864864864865,4729.72972972973,5093.023255813953
2025,JURONG EAST,3 ROOM,historical_non_mature,55,60,121,57.0,5925.373134328358,5654.761904761905,6238.805970149254
2025,JURONG EAST,3 ROOM,historical_non_mature,60,65,1,60.333333333333336,5675.675675675676,5675.675675675676,5675.675675675676
2025,JURONG EAST,3 ROOM,historical_non_mature,85,90,21,87.33333333333333,7187.5,6805.555555555556,7430.555555555556
2025,JURONG EAST,3 ROOM,historical_non_mature,90,95,8,90.33333333333334,7104.477611940299,7014.925373134329,7722.20895522388
2025,JURONG EAST,4 ROOM,historical_non_mature,50,55,13,52.916666666666664,4896.907216494846,4701.030927835051,5103.092783505154
2025,JURONG EAST,4 ROOM,historical_non_mature,55,60,62,57.25,5323.036006546645,5096.153846153846,5702.355744199209
2025,JURONG EAST,4 ROOM,historical_non_mature,60,65,6,60.875,5888.381110649494,5609.8532059271565,6280.120481927711
2025,JURONG EAST,4 ROOM,historical_non_mature,65,70,6,67.125,5350.467289719626,5035.046728971963,5446.049277824979
2025,JURONG EAST,4 ROOM,historical_non_mature,70,75,33,72.58333333333333,6415.841584158416,5940.59405940594,6683.168316831683
2025,JURONG EAST,4 ROOM,historical_non_mature,75,80,5,77.16666666666667,6111.111111111111,5698.7555555555555,6352.941176470588
2025,JURONG EAST,4 ROOM,historical_non_mature,85,90,15,87.16666666666667,6998.782608695652,6751.999000499751,7445.652173913043
2025,JURONG EAST,4 ROOM,historical_non_mature,90,95,4,90.54166666666667,6440.217391304348,6317.934782608696,6807.065217391304
2025,JURONG EAST,5 ROOM,historical_non_mature,50,55,9,53.0,4903.846153846154,4471.153846153846,5025.641025641025
2025,JURONG EAST,5 ROOM,historical_non_mature,55,60,57,56.833333333333336,5413.2231404958675,5121.951219512195,5833.333333333333
2025,JURONG EAST,5 ROOM,historical_non_mature,60,65,5,61.25,4793.388429752066,4752.06611570248,5696.7213114754095
2025,JURONG EAST,5 ROOM,historical_non_mature,65,70,1,66.91666666666667,5333.333333333333,5333.333333333333,5333.333333333333
2025,JURONG EAST,5 ROOM,historical_non_mature,70,75,26,72.54166666666666,6611.570247933884,6446.280991735537,6858.337776592908
2025,JURONG EAST,5 ROOM,historical_non_mature,75,80,4,77.08333333333334,6295.652173913044,6228.260869565217,6338.735177865613
2025,JURONG EAST,EXECUTIVE,historical_non_mature,55,60,11,58.833333333333336,5704.697986577181,5448.9980484554235,5804.993288590604
2025,JURONG EAST,EXECUTIVE,historical_non_mature,60,65,7,60.5,5342.465753424657,5201.671232876713,5396.689497716895
2025,JURONG EAST,EXECUTIVE,historical_non_mature,65,70,1,66.91666666666667,5774.56647398844,5774.56647398844,5774.56647398844
2025,JURONG EAST,EXECUTIVE,historical_non_mature,70,75,23,72.58333333333333,7159.722222222223,6871.138888888889,7500.992063492064
2025,JURONG WEST,2 ROOM,historical_non_mature,40,45,1,44.416666666666664,4736.8421052631575,4736.8421052631575,4736.8421052631575
2025,JURONG WEST,2 ROOM,historical_non_mature,80,85,5,82.16666666666667,6000.0,5966.666666666667,7083.333333333333
2025,JURONG WEST,2 ROOM,historical_non_mature,85,90,5,88.0,7340.425531914893,6914.893617021276,7404.255319148936
2025,JURONG WEST,2 ROOM,historical_non_mature,90,95,19,92.83333333333333,7872.340425531915,7542.553191489362,8138.297872340426
2025,JURONG WEST,3 ROOM,historical_non_mature,40,45,8,44.5,4850.746268656716,4553.986068111455,5073.529411764706
2025,JURONG WEST,3 ROOM,historical_non_mature,45,50,74,48.58333333333333,5182.464146023469,4874.119402985075,5401.639344262296
2025,JURONG WEST,3 ROOM,historical_non_mature,50,55,67,51.75,5389.830508474576,5198.529411764706,5538.461538461538
2025,JURONG WEST,3 ROOM,historical_non_mature,55,60,105,58.166666666666664,5918.918918918919,5671.641791044776,6089.55223880597
2025,JURONG WEST,3 ROOM,historical_non_mature,60,65,29,62.5,5479.45205479452,5273.972602739726,5726.027397260274
2025,JURONG WEST,3 ROOM,historical_non_mature,80,85,2,84.04166666666667,7604.082661290322,7575.478830645161,7632.686491935484
2025,JURONG WEST,3 ROOM,historical_non_mature,85,90,31,88.0,7296.835820895522,7059.262510974539,8156.7164179104475
2025,JURONG WEST,3 ROOM,historical_non_mature,90,95,37,91.83333333333333,7500.0,7176.470588235294,7867.64705882353
2025,JURONG WEST,4 ROOM,historical_non_mature,40,45,1,44.25,3777.777777777778,3777.777777777778,3777.777777777778
2025,JURONG WEST,4 ROOM,historical_non_mature,55,60,109,58.5,5217.391304347826,4929.245283018868,5528.846153846154
2025,JURONG WEST,4 ROOM,historical_non_mature,60,65,108,63.20833333333333,4875.641025641025,4707.196703296704,5076.923076923077
2025,JURONG WEST,4 ROOM,historical_non_mature,65,70,57,69.0,5000.0,4814.814814814815,5137.614678899083
2025,JURONG WEST,4 ROOM,historical_non_mature,70,75,130,73.66666666666667,5878.75484496124,5607.7084680025855,6263.458763458763
2025,JURONG WEST,4 ROOM,historical_non_mature,75,80,68,75.66666666666667,6005.494505494506,5714.285714285715,6308.5053140096625
2025,JURONG WEST,4 ROOM,historical_non_mature,80,85,32,82.375,6322.580645161291,5889.135058489897,6552.893617021276
2025,JURONG WEST,4 ROOM,historical_non_mature,85,90,51,88.41666666666667,6826.086956521739,6615.625525946704,7236.809965803615
2025,JURONG WEST,4 ROOM,historical_non_mature,90,95,53,92.25,6787.234042553191,6559.139784946236,7180.851063829788
2025,JURONG WEST,5 ROOM,historical_non_mature,45,50,4,49.75,4637.5,4386.065573770492,4885.096153846154
2025,JURONG WEST,5 ROOM,historical_non_mature,50,55,4,50.666666666666664,4665.664009625507,4579.668032786885,4752.255667601789
2025,JURONG WEST,5 ROOM,historical_non_mature,55,60,49,58.75,4851.851851851852,4661.654135338345,5082.644628099173
2025,JURONG WEST,5 ROOM,historical_non_mature,60,65,39,63.0,4793.388429752066,4694.214876033057,4918.0327868852455
2025,JURONG WEST,5 ROOM,historical_non_mature,65,70,40,68.58333333333334,4902.665051483949,4715.5567956349205,5217.919829222012
2025,JURONG WEST,5 ROOM,historical_non_mature,70,75,136,74.0,5679.892141756549,5323.700221238938,6076.284584980238
2025,JURONG WEST,5 ROOM,historical_non_mature,75,80,106,75.91666666666667,5618.181818181818,5271.311793611793,5955.4505229284
2025,JURONG WEST,5 ROOM,historical_non_mature,80,85,41,82.0,5641.857142857143,5454.545454545455,5789.473684210527
2025,JURONG WEST,5 ROOM,historical_non_mature,85,90,19,88.5,6869.55652173913,6577.907711757269,7822.751322751323
2025,JURONG WEST,5 ROOM,historical_non_mature,90,95,22,92.16666666666667,6576.0906691507535,6162.2807017543855,6747.20540288775
2025,JURONG WEST,EXECUTIVE,historical_non_mature,55,60,20,59.20833333333333,5282.3399558498895,4996.666666666667,5787.302428256071
2025,JURONG WEST,EXECUTIVE,historical_non_mature,60,65,9,62.416666666666664,5202.7027027027025,4862.068965517241,5325.92
2025,JURONG WEST,EXECUTIVE,historical_non_mature,65,70,20,67.625,5299.628561914276,5143.923643923643,5506.691603698315
2025,JURONG WEST,EXECUTIVE,historical_non_mature,70,75,55,73.66666666666667,6138.461538461538,5758.656773211567,6323.741007194245
2025,JURONG WEST,EXECUTIVE,historical_non_mature,75,80,35,75.41666666666667,5900.666666666667,5396.825396825397,6097.692307692308
2025,KALLANG/WHAMPOA,2 ROOM,historical_mature,40,45,11,44.166666666666664,6145.833333333333,6020.0,6424.744897959184
2025,KALLANG/WHAMPOA,2 ROOM,historical_mature,50,55,2,53.416666666666664,7559.523809523809,7351.190476190476,7767.857142857143
2025,KALLANG/WHAMPOA,2 ROOM,historical_mature,55,60,3,55.25,7727.272727272727,7696.969696969697,7840.909090909091
2025,KALLANG/WHAMPOA,2 ROOM,historical_mature,60,65,1,60.0,7955.555555555556,7955.555555555556,7955.555555555556
2025,KALLANG/WHAMPOA,3 ROOM,historical_mature,40,45,34,43.916666666666664,5714.285714285715,5570.361635220125,5901.785714285714
2025,KALLANG/WHAMPOA,3 ROOM,historical_mature,45,50,117,47.666666666666664,6215.384615384615,5882.35294117647,6615.384615384615
2025,KALLANG/WHAMPOA,3 ROOM,historical_mature,50,55,65,53.083333333333336,6846.153846153846,6294.117647058823,7270.27027027027
2025,KALLANG/WHAMPOA,3 ROOM,historical_mature,55,60,33,58.0,7498.133333333333,7153.846153846154,8083.333333333333
2025,KALLANG/WHAMPOA,3 ROOM,historical_mature,60,65,9,60.166666666666664,7416.666666666667,7301.587301587301,7937.5
2025,KALLANG/WHAMPOA,3 ROOM,historical_mature,75,80,10,78.0,10629.032258064515,10487.451612903225,10772.838709677419
2025,KALLANG/WHAMPOA,3 ROOM,historical_mature,80,85,2,84.54166666666666,10391.596638655461,9901.680672268907,10881.512605042015
2025,KALLANG/WHAMPOA,3 ROOM,historical_mature,85,90,7,86.08333333333333,10268.65671641791,10063.083711875406,10644.927536231884
2025,KALLANG/WHAMPOA,3 ROOM,historical_mature,90,95,53,91.5,11102.941176470587,9701.492537313432,11941.176470588236
2025,KALLANG/WHAMPOA,4 ROOM,historical_mature,45,50,29,48.0,5965.909090909091,5692.307692307692,6931.818181818182
2025,KALLANG/WHAMPOA,4 ROOM,historical_mature,50,55,8,50.79166666666667,6983.456760630674,6649.8129530044425,7399.45652173913
2025,KALLANG/WHAMPOA,4 ROOM,historical_mature,55,60,34,57.79166666666667,6946.483542505328,6716.326530612246,7228.7012754531215
2025,KALLANG/WHAMPOA,4 ROOM,historical_mature,60,65,17,61.083333333333336,7384.615384615385,6714.285714285715,7666.666666666667
2025,KALLANG/WHAMPOA,4 ROOM,historical_mature,65,70,2,68.66666666666667,6971.468876741315,6910.033503791219,7032.904249691413
2025,KALLANG/WHAMPOA,4 ROOM,historical_mature,70,75,26,71.375,8068.846153846154,7893.162393162393,8516.339869281046
2025,KALLANG/WHAMPOA,4 ROOM,historical_mature,75,80,35,77.75,9644.444444444445,7966.666666666667,10331.140350877195
2025,KALLANG/WHAMPOA,4 ROOM,historical_mature,80,85,26,80.58333333333333,10656.862745098038,10286.111111111111,10979.411764705883
2025,KALLANG/WHAMPOA,4 ROOM,historical_mature,85,90,14,86.04166666666666,10260.869565217392,9918.478260869564,10623.539036933145
2025,KALLANG/WHAMPOA,4 ROOM,historical_mature,90,95,126,91.75,11344.086021505376,9946.236559139785,12173.91304347826
2025,KALLANG/WHAMPOA,5 ROOM,historical_mature,45,50,16,48.166666666666664,6325.494871794872,5851.950354609929,6880.467571644042
2025,KALLANG/WHAMPOA,5 ROOM,historical_mature,50,55,8,50.41666666666667,5997.936016511868,5711.152882205514,6954.495614035089
2025,KALLANG/WHAMPOA,5 ROOM,historical_mature,55,60,22,57.625,7372.881355932203,6987.28813559322,7619.563789252398
2025,KALLANG/WHAMPOA,5 ROOM,historical_mature,60,65,5,61.25,7685.9504132231405,6923.076923076923,8264.462809917355
2025,KALLANG/WHAMPOA,5 ROOM,historical_mature,65,70,5,68.66666666666667,6919.354838709677,6793.893129770992,7330.827067669173
2025,KALLANG/WHAMPOA,5 ROOM,historical_mature,70,75,20,72.375,8041.666666666666,7805.436974789916,8448.5
2025,KALLANG/WHAMPOA,5 ROOM,historical_mature,75,80,11,77.91666666666667,8227.272727272728,8190.476190476191,10168.067226890755
2025,KALLANG/WHAMPOA,5 ROOM,historical_mature,80,85,23,84.41666666666667,11869.158878504673,10837.154150197628,12460.88027005674
2025,KALLANG/WHAMPOA,5 ROOM,historical_mature,85,90,5,85.08333333333333,11221.238938053097,11028.03738317757,12056.074766355141
2025,KALLANG/WHAMPOA,5 ROOM,historical_mature,90,95,2,90.75,11929.339817270851,11697.42852932508,12161.251105216623
2025,KALLANG/WHAMPOA,EXECUTIVE,historical_mature,55,60,8,58.291666666666664,6316.017316017316,6233.333333333333,7076.241134751773
2025,KALLANG/WHAMPOA,EXECUTIVE,historical_mature,60,65,5,61.75,7468.354430379747,7468.354430379747,7833.333333333333
2025,MARINE PARADE,2 ROOM,historical_mature,45,50,2,48.5,7063.059033989266,6896.914132379248,7229.203935599285
2025,MARINE PARADE,3 ROOM,historical_mature,45,50,77,48.916666666666664,7076.923076923077,6776.315789473684,7430.7692307692305
2025,MARINE PARADE,3 ROOM,historical_mature,50,55,9,50.083333333333336,7302.631578947368,7153.846153846154,7507.692307692308
2025,MARINE PARADE,4 ROOM,historical_mature,45,50,26,49.20833333333333,7642.389402859546,7284.148641588297,7835.120549481357
2025,MARINE PARADE,4 ROOM,historical_mature,50,55,7,50.083333333333336,7829.268292682927,7747.126436781609,8128.048780487805
2025,MARINE PARADE,5 ROOM,historical_mature,45,50,23,48.666666666666664,7521.3675213675215,7041.666666666666,8164.529914529914
2025,MARINE PARADE,5 ROOM,historical_mature,50,55,18,50.54166666666667,8430.327868852459,7718.75,9073.770491803278
2025,PASIR RIS,2 ROOM,historical_mature,65,70,4,67.83333333333334,6181.818181818182,5977.272727272727,6386.363636363637
2025,PASIR RIS,2 ROOM,historical_mature,85,90,11,89.0,8893.617021276596,8617.021276595744,8936.170212765957
2025,PASIR RIS,3 ROOM,historical_mature,50,55,4,54.25,5075.757575757576,4810.60606060606,5339.21302578019
2025,PASIR RIS,3 ROOM,historical_mature,55,60,3,55.333333333333336,5763.1578947368425,5570.972886762361,6226.173541963016
2025,PASIR RIS,3 ROOM,historical_mature,85,90,16,88.91666666666667,8875.0,8636.029411764706,8936.264705882353
2025,PASIR RIS,4 ROOM,historical_mature,60,65,76,63.25,5952.467343976778,5763.003569607343,6118.660194174757
2025,PASIR RIS,4 ROOM,historical_mature,65,70,99,68.08333333333333,5904.761904761905,5707.610146862484,6120.192307692308
2025,PASIR RIS,4 ROOM,historical_mature,70,75,34,70.20833333333334,5957.195203667783,5775.217181467181,6124.980413297394
2025,PASIR RIS,4 ROOM,historical_mature,85,90,39,88.91666666666667,8310.623655913978,8064.5161290322585,8837.20930232558
2025,PASIR RIS,5 ROOM,historical_mature,50,55,1,54.666666666666664,5606.060606060606,5606.060606060606,5606.060606060606
2025,PASIR RIS,5 ROOM,historical_mature,60,65,27,63.25,5803.2786885245905,5553.27868852459,5896.373221544715
2025,PASIR RIS,5 ROOM,historical_mature,65,70,123,67.5,5806.451612903225,5591.571886847478,6032.657957877899
2025,PASIR RIS,5 ROOM,historical_mature,70,75,45,70.33333333333333,5784.0,5595.238095238095,5924.694214876033
2025,PASIR RIS,5 ROOM,historical_mature,85,90,8,89.08333333333334,8097.345132743363,7823.008849557522,8539.823008849558
2025,PASIR RIS,EXECUTIVE,historical_mature,60,65,20,62.875,6376.712328767124,6284.468955701832,6587.328767123287
2025,PASIR RIS,EXECUTIVE,historical_mature,65,70,119,67.5,6198.630136986301,5828.200283419934,6570.495495495496
2025,PASIR RIS,EXECUTIVE,historical_mature,70,75,5,70.25,6713.286713286713,6363.636363636364,6909.090909090909
2025,PUNGGOL,2 ROOM,historical_non_mature,85,90,31,88.41666666666667,8363.636363636364,8055.830039525692,8516.682785299807
2025,PUNGGOL,2 ROOM,historical_non_mature,90,95,44,92.79166666666666,8531.91489361702,8191.489361702128,9042.553191489362
2025,PUNGGOL,2 ROOM,historical_non_mature,95,100,1,95.0,8297.872340425532,8297.872340425532,8297.872340425532
2025,PUNGGOL,3 ROOM,historical_non_mature,85,90,93,88.66666666666667,7942.028985507246,7744.5970149253735,8276.923076923076
2025,PUNGGOL,3 ROOM,historical_non_mature,90,95,109,92.25,7983.64705882353,7689.529411764706,8323.529411764706
2025,PUNGGOL,3 ROOM,historical_non_mature,95,100,1,95.0,8208.955223880597,8208.955223880597,8208.955223880597
2025,PUNGGOL,4 ROOM,historical_non_mature,75,80,78,77.41666666666667,6529.824561403509,6315.789473684211,6747.222222222223
2025,PUNGGOL,4 ROOM,historical_non_mature,80,85,53,82.58333333333333,7088.888888888889,6902.173913043478,7612.903225806452
2025,PUNGGOL,4 ROOM,historical_non_mature,85,90,400,87.66666666666667,7500.0,7156.464530892448,7849.862731640356
2025,PUNGGOL,4 ROOM,historical_non_mature,90,95,240,92.16666666666667,7378.447872837774,6989.247311827957,7860.81961147086
2025,PUNGGOL,4 ROOM,historical_non_mature,95,100,4,95.0,7585.574468085106,7300.531914893617,7814.531914893617
2025,PUNGGOL,5 ROOM,historical_non_mature,75,80,216,77.41666666666667,6000.0,5818.781818181818,6252.0687960687965
2025,PUNGGOL,5 ROOM,historical_non_mature,85,90,82,88.875,7779.402338811631,7372.3796583850935,8159.08691062632
2025,PUNGGOL,5 ROOM,historical_non_mature,90,95,158,91.91666666666667,7327.433628318584,6963.7793931731985,7684.105667060212
2025,PUNGGOL,EXECUTIVE,historical_non_mature,75,80,28,77.29166666666666,6288.461538461538,6179.086538461539,6531.03125
2025,QUEENSTOWN,2 ROOM,historical_mature,40,45,12,40.625,6445.652173913044,6195.652173913043,6565.217391304348
2025,QUEENSTOWN,2 ROOM,historical_mature,50,55,2,50.666666666666664,6722.222222222223,6694.444444444444,6750.0
2025,QUEENSTOWN,2 ROOM,historical_mature,85,90,5,86.75,10851.063829787234,10212.765957446809,11063.829787234043
2025,QUEENSTOWN,2 ROOM,historical_mature,90,95,1,94.91666666666667,11489.36170212766,11489.36170212766,11489.36170212766
2025,QUEENSTOWN,3 ROOM,historical_mature,40,45,86,43.75,6038.074712643678,5833.333333333333,6333.333333333333
2025,QUEENSTOWN,3 ROOM,historical_mature,45,50,64,48.416666666666664,6860.676923076922,6153.846153846154,7711.538461538462
2025,QUEENSTOWN,3 ROOM,historical_mature,50,55,35,50.583333333333336,6153.846153846154,5837.6,6584.615384615385
2025,QUEENSTOWN,3 ROOM,historical_mature,80,85,12,82.20833333333334,11958.333333333332,11554.166666666666,12520.833333333334
2025,QUEENSTOWN,3 ROOM,historical_mature,85,90,31,87.25,11194.029850746268,10659.977703455965,12016.361416361417
2025,QUEENSTOWN,3 ROOM,historical_mature,90,95,36,92.5,12096.774193548386,11356.617647058823,12669.044665012407
2025,QUEENSTOWN,4 ROOM,historical_mature,40,45,6,44.20833333333333,6528.094117647059,6300.550625289486,6849.670588235294
2025,QUEENSTOWN,4 ROOM,historical_mature,45,50,10,47.95833333333333,6977.272727272727,5658.507223113965,7283.958773784355
2025,QUEENSTOWN,4 ROOM,historical_mature,50,55,5,50.25,5909.090909090909,5909.090909090909,7073.170731707317
2025,QUEENSTOWN,4 ROOM,historical_mature,65,70,3,69.16666666666667,8146.788990825688,7989.282345880134,8656.727828746178
2025,QUEENSTOWN,4 ROOM,historical_mature,70,75,22,72.66666666666666,9291.956305858987,8961.6576819407,9870.701058201059
2025,QUEENSTOWN,4 ROOM,historical_mature,75,80,19,77.41666666666667,9184.782608695652,8657.894736842107,9576.726342710997
2025,QUEENSTOWN,4 ROOM,historical_mature,80,85,42,81.0,10694.444444444445,10282.027210884353,11263.888888888887
2025,QUEENSTOWN,4 ROOM,historical_mature,85,90,76,86.625,10875.0,10225.045372050818,12078.31325301205
2025,QUEENSTOWN,4 ROOM,historical_mature,90,95,66,91.95833333333334,12197.825024437927,11459.67741935484,12969.744910677191
2025,QUEENSTOWN,4 ROOM,historical_mature,95,100,1,95.0,12784.09090909091,12784.09090909091,12784.09090909091
2025,QUEENSTOWN,5 ROOM,historical_mature,45,50,5,48.833333333333336,8418.803418803418,8333.333333333334,8421.052631578947
2025,QUEENSTOWN,5 ROOM,historical_mature,50,55,8,51.291666666666664,6957.430894308944,6612.894736842105,7450.067476383267
2025,QUEENSTOWN,5 ROOM,historical_mature,65,70,4,67.91666666666666,9103.146853146853,8983.53614889048,9292.918626827717
2025,QUEENSTOWN,5 ROOM,historical_mature,70,75,13,72.41666666666667,9424.0,9099.0990990991,10727.272727272728
2025,QUEENSTOWN,5 ROOM,historical_mature,75,80,1,79.75,10454.545454545454,10454.545454545454,10454.545454545454
2025,QUEENSTOWN,5 ROOM,historical_mature,80,85,8,81.29166666666666,10917.636363636364,10443.181818181818,11467.41818181818
2025,QUEENSTOWN,5 ROOM,historical_mature,85,90,13,85.75,11327.433628318584,10161.290322580646,12212.389380530973
2025,QUEENSTOWN,5 ROOM,historical_mature,90,95,13,94.66666666666667,13084.11214953271,12500.0,13598.130841121496
2025,QUEENSTOWN,EXECUTIVE,historical_mature,65,70,6,69.45833333333334,9304.820301117048,9074.823943661971,10033.065658951346
2025,SEMBAWANG,2 ROOM,historical_non_mature,80,85,1,84.66666666666667,8322.2,8322.2,8322.2
2025,SEMBAWANG,2 ROOM,historical_non_mature,85,90,17,88.75,7936.170212765957,7872.340425531915,8127.659574468085
2025,SEMBAWANG,2 ROOM,historical_non_mature,90,95,105,94.25,8489.36170212766,8020.833333333333,9210.526315789473
2025,SEMBAWANG,2 ROOM,historical_non_mature,95,100,8,95.0,8384.658454647257,7716.297872340426,9019.736842105263
2025,SEMBAWANG,3 ROOM,historical_non_mature,85,90,19,88.91666666666667,7279.411764705882,7132.35294117647,7426.470588235294
2025,SEMBAWANG,3 ROOM,historical_non_mature,90,95,91,92.83333333333333,7794.117647058823,7473.166812993854,8235.29411764706
2025,SEMBAWANG,3 ROOM,historical_non_mature,95,100,3,95.0,7809.971014492754,7600.63768115942,7882.434782608696
2025,SEMBAWANG,4 ROOM,historical_non_mature,70,75,83,74.0,5800.0,5635.0,6021.515326778484
2025,SEMBAWANG,4 ROOM,historical_non_mature,75,80,85,76.16666666666667,5888.888888888889,5686.274509803921,6088.888888888889
2025,SEMBAWANG,4 ROOM,historical_non_mature,80,85,8,84.25,6021.276595744681,5925.400265957447,6088.553191489362
2025,SEMBAWANG,4 ROOM,historical_non_mature,85,90,31,88.91666666666667,6358.695652173913,6187.569892473119,6537.569892473119
2025,SEMBAWANG,4 ROOM,historical_non_mature,90,95,327,94.16666666666667,7096.774193548387,6827.956989247312,7526.881720430108
2025,SEMBAWANG,4 ROOM,historical_non_mature,95,100,11,95.0,6989.247311827957,6811.225806451613,7139.784946236559
2025,SEMBAWANG,5 ROOM,historical_non_mature,70,75,89,74.33333333333333,5500.0,5272.727272727273,5669.421487603306
2025,SEMBAWANG,5 ROOM,historical_non_mature,75,80,104,75.58333333333333,5592.064714946071,5359.400705052879,5865.200000000001
2025,SEMBAWANG,5 ROOM,historical_non_mature,80,85,1,80.16666666666667,5527.272727272727,5527.272727272727,5527.272727272727
2025,SEMBAWANG,5 ROOM,historical_non_mature,90,95,124,94.33333333333333,6982.758620689655,6756.846963686299,7224.137931034483
2025,SEMBAWANG,5 ROOM,historical_non_mature,95,100,7,95.0,6879.310344827586,6853.448275862069,7042.620689655172
2025,SEMBAWANG,EXECUTIVE,historical_non_mature,70,75,30,74.33333333333333,5633.17572892041,5232.429441062534,5769.2307692307695
2025,SEMBAWANG,EXECUTIVE,historical_non_mature,75,80,47,75.41666666666667,5769.2307692307695,5593.80504991192,5992.307692307692
2025,SENGKANG,2 ROOM,historical_non_mature,85,90,25,88.0,7960.0,7765.95744680851,8086.95652173913
2025,SENGKANG,2 ROOM,historical_non_mature,90,95,56,94.25,8437.5,8177.859042553191,8941.710992907801
2025,SENGKANG,2 ROOM,historical_non_mature,95,100,9,95.08333333333333,8340.425531914894,8085.106382978724,9473.684210526315
2025,SENGKANG,3 ROOM,historical_non_mature,80,85,7,81.66666666666667,6385.542168674699,6102.409638554217,7431.159420289855
2025,SENGKANG,3 ROOM,historical_non_mature,85,90,70,88.875,8133.340649692713,7802.109974424552,8507.462686567163
2025,SENGKANG,3 ROOM,historical_non_mature,90,95,68,92.0,7889.705882352941,7647.058823529412,8165.029411764706
2025,SENGKANG,3 ROOM,historical_non_mature,95,100,8,95.16666666666667,8235.29411764706,7915.441176470588,8278.176470588236
2025,SENGKANG,4 ROOM,historical_non_mature,70,75,152,73.58333333333333,6112.8608187134505,5940.59405940594,6430.339462517681
2025,SENGKANG,4 ROOM,historical_non_mature,75,80,176,76.70833333333333,6349.198566308243,6196.7032967032965,6555.555555555556
2025,SENGKANG,4 ROOM,historical_non_mature,80,85,115,83.08333333333333,8602.150537634408,7626.811594202898,9111.111111111111
2025,SENGKANG,4 ROOM,historical_non_mature,85,90,274,88.83333333333333,7161.558204768584,6916.844125809435,7478.260869565217
2025,SENGKANG,4 ROOM,historical_non_mature,90,95,203,91.83333333333333,7236.559139784947,6884.408602150537,7580.645161290323
2025,SENGKANG,4 ROOM,historical_non_mature,95,100,20,95.08333333333333,7500.0,7093.784946236559,7642.47311827957
2025,SENGKANG,5 ROOM,historical_non_mature,70,75,181,74.08333333333333,5826.086956521739,5573.770491803279,6077.586206896552
2025,SENGKANG,5 ROOM,historical_non_mature,75,80,227,76.5,6000.0,5760.155610155611,6242.856247551899
2025,SENGKANG,5 ROOM,historical_non_mature,80,85,4,80.0,7237.837837837838,7077.202457002457,7390.663390663391
2025,SENGKANG,5 ROOM,historical_non_mature,85,90,92,89.16666666666667,7199.115044247787,6902.654867256637,7591.267857142858
2025,SENGKANG,5 ROOM,historical_non_mature,90,95,135,91.58333333333333,7246.796460176991,6791.044247787611,7668.141592920354
2025,SENGKANG,5 ROOM,historical_non_mature,95,100,3,95.0,7681.41592920354,7358.407079646018,7734.513274336283
2025,SENGKANG,EXECUTIVE,historical_non_mature,70,75,42,74.16666666666667,6176.349857549858,5961.945151258129,6479.007633587786
2025,SENGKANG,EXECUTIVE,historical_non_mature,75,80,38,75.625,6568.625,6352.611940298508,6829.6150211992735
2025,SERANGOON,2 ROOM,historical_mature,50,55,1,51.75,6590.909090909091,6590.909090909091,6590.909090909091
2025,SERANGOON,3 ROOM,historical_mature,50,55,12,51.95833333333333,6770.42294520548,6375.0,7187.5
2025,SERANGOON,3 ROOM,historical_mature,55,60,63,58.666666666666664,7231.466666666666,6708.333333333333,7555.9701492537315
2025,SERANGOON,3 ROOM,historical_mature,60,65,19,62.0,7109.375,6820.3125,7851.5625
2025,SERANGOON,4 ROOM,historical_mature,50,55,2,51.75,6545.918367346939,6410.714285714285,6681.122448979591
2025,SERANGOON,4 ROOM,historical_mature,55,60,106,59.25,7142.857142857143,6602.663640707119,7687.815779246016
2025,SERANGOON,4 ROOM,historical_mature,60,65,36,62.375,7926.2972972972975,7500.0,8354.16451912174
2025,SERANGOON,4 ROOM,historical_mature,65,70,20,66.125,6019.370799103809,5677.184466019418,6175.792382374906
2025,SERANGOON,4 ROOM,historical_mature,70,75,22,71.75,6384.4400000000005,6112.5,7777.777777777777
2025,SERANGOON,5 ROOM,historical_mature,55,60,14,59.54166666666667,6216.528925619835,5917.208633093525,6611.570247933884
2025,SERANGOON,5 ROOM,historical_mature,60,65,17,62.75,6793.893129770992,6147.540983606557,8140.495867768595
2025,SERANGOON,5 ROOM,historical_mature,65,70,15,66.41666666666667,6459.016393442623,6320.861977789529,6618.225806451613
2025,SERANGOON,5 ROOM,historical_mature,70,75,19,71.33333333333333,7049.4789915966385,6511.667476908118,8130.434782608696
2025,SERANGOON,EXECUTIVE,historical_mature,55,60,16,59.29166666666667,7919.463087248322,7143.835616438356,8140.816326530612
2025,SERANGOON,EXECUTIVE,historical_mature,60,65,7,62.583333333333336,7527.397260273972,6899.144591611479,8067.941527994852
2025,SERANGOON,EXECUTIVE,historical_mature,65,70,26,66.58333333333333,7033.632653061224,6815.890131395025,7299.400165471594
2025,SERANGOON,EXECUTIVE,historical_mature,70,75,7,71.58333333333333,7142.857142857143,7071.428571428572,7521.028571428571
2025,TAMPINES,2 ROOM,historical_mature,80,85,1,82.58333333333333,8700.0,8700.0,8700.0
2025,TAMPINES,2 ROOM,historical_mature,85,90,12,88.75,8946.345975948196,8457.971014492752,9069.148936170213
2025,TAMPINES,3 ROOM,historical_mature,55,60,193,58.416666666666664,6575.342465753424,6369.86301369863,6835.6164383561645
2025,TAMPINES,3 ROOM,historical_mature,60,65,63,61.416666666666664,6675.675675675676,6418.918918918919,7029.138513513513
2025,TAMPINES,3 ROOM,historical_mature,85,90,30,88.91666666666667,8953.709712308024,8137.0719929762945,10417.309099548587
2025,TAMPINES,3 ROOM,historical_mature,90,95,66,94.0,8840.579710144928,8438.597453906936,9054.507672634272
2025,TAMPINES,4 ROOM,historical_mature,55,60,211,58.5,6179.885714285714,5919.498381877023,6504.854368932039
2025,TAMPINES,4 ROOM,historical_mature,60,65,177,62.0,6388.349514563107,6142.307692307692,6712.964285714285
2025,TAMPINES,4 ROOM,historical_mature,65,70,64,69.25,5783.426775399253,5667.932242990654,6038.372630605641
2025,TAMPINES,4 ROOM,historical_mature,70,75,104,70.83333333333333,6359.051650485437,6079.607843137255,6650.121359223301
2025,TAMPINES,4 ROOM,historical_mature,80,85,8,84.75,9175.531914893618,8993.787234042553,9290.310360777057
2025,TAMPINES,4 ROOM,historical_mature,85,90,72,89.0,8602.150537634408,8253.330995792427,9111.751152073732
2025,TAMPINES,4 ROOM,historical_mature,90,95,255,94.25,8258.064516129032,8010.752688172043,8452.856474988312
2025,TAMPINES,4 ROOM,historical_mature,95,100,1,95.0,8494.623655913978,8494.623655913978,8494.623655913978
2025,TAMPINES,5 ROOM,historical_mature,55,60,76,58.875,5877.75482093664,5634.281985956628,6151.306144208983
2025,TAMPINES,5 ROOM,historical_mature,60,65,81,62.416666666666664,6157.48031496063,5974.491803278688,6352.459016393443
2025,TAMPINES,5 ROOM,historical_mature,65,70,80,68.04166666666667,6040.150972863929,5791.532258064516,6318.3444656488555
2025,TAMPINES,5 ROOM,historical_mature,70,75,64,70.66666666666667,6331.493112947658,5821.080645161291,6667.428861788619
2025,TAMPINES,5 ROOM,historical_mature,80,85,27,82.91666666666667,8800.0,8482.81910228813,9056.074766355141
2025,TAMPINES,5 ROOM,historical_mature,85,90,23,88.66666666666667,8672.566371681416,8442.477876106193,9017.903965912816
2025,TAMPINES,5 ROOM,historical_mature,90,95,158,94.41666666666667,7973.528955131191,7717.435180872535,8218.757269279391
2025,TAMPINES,EXECUTIVE,historical_mature,55,60,48,59.25,6368.918918918918,6155.405405405405,6630.067567567568
2025,TAMPINES,EXECUTIVE,historical_mature,60,65,56,62.29166666666667,6917.808219178082,6582.6755837035635,7200.342465753424
2025,TAMPINES,EXECUTIVE,historical_mature,65,70,36,69.04166666666666,6416.410399776349,6252.319109461967,6550.048266985382
2025,TAMPINES,EXECUTIVE,historical_mature,70,75,14,71.08333333333334,6762.471655328798,6490.546453546454,6966.113475177305
2025,TAMPINES,MULTI-GENERATION,historical_mature,60,65,1,61.416666666666664,7048.192771084337,7048.192771084337,7048.192771084337
2025,TOA PAYOH,2 ROOM,historical_mature,40,45,13,41.583333333333336,6860.46511627907,6395.3488372093025,7125.0
2025,TOA PAYOH,2 ROOM,historical_mature,45,50,5,45.666666666666664,7300.0,7250.0,7317.073170731707
2025,TOA PAYOH,2 ROOM,historical_mature,55,60,7,57.25,6900.0,6600.0,7088.372093023256
2025,TOA PAYOH,3 ROOM,historical_mature,40,45,166,43.416666666666664,5666.703248463565,5438.419117647059,5966.228070175439
2025,TOA PAYOH,3 ROOM,historical_mature,45,50,87,46.333333333333336,5769.2307692307695,5507.692307692308,6099.857685009488
2025,TOA PAYOH,3 ROOM,historical_mature,50,55,14,50.416666666666664,5753.846153846154,5538.461538461538,5846.153846153846
2025,TOA PAYOH,3 ROOM,historical_mature,55,60,74,58.0,7183.440903590157,6418.3711074258335,7993.243243243243
2025,TOA PAYOH,3 ROOM,historical_mature,70,75,4,72.04166666666666,9843.75,9738.28125,10078.125
2025,TOA PAYOH,3 ROOM,historical_mature,85,90,3,86.16666666666667,11142.857142857143,10642.857142857143,11327.771428571428
2025,TOA PAYOH,3 ROOM,historical_mature,90,95,69,94.08333333333333,11735.29411764706,11176.470588235294,12132.35294117647
2025,TOA PAYOH,3 ROOM,historical_mature,95,100,7,95.08333333333333,12058.823529411764,11657.000828500415,12227.941176470587
2025,TOA PAYOH,4 ROOM,historical_mature,45,50,41,47.916666666666664,5975.609756097561,5670.731707317073,6256.09756097561
2025,TOA PAYOH,4 ROOM,historical_mature,50,55,17,50.25,5914.634146341464,5731.707317073171,5975.609756097561
2025,TOA PAYOH,4 ROOM,historical_mature,55,60,23,58.083333333333336,6200.0,6006.270226537217,7129.947477253929
2025,TOA PAYOH,4 ROOM,historical_mature,60,65,17,62.333333333333336,6456.310679611651,6333.333333333333,6601.941747572816
2025,TOA PAYOH,4 ROOM,historical_mature,65,70,8,69.5,7757.972913936217,7445.238095238095,8069.449653259362
2025,TOA PAYOH,4 ROOM,historical_mature,70,75,39,72.08333333333333,8480.76923076923,7557.692307692308,8907.058447780262
2025,TOA PAYOH,4 ROOM,historical_mature,75,80,27,79.33333333333333,10439.560439560439,9464.796479647965,10923.076923076922
2025,TOA PAYOH,4 ROOM,historical_mature,80,85,41,82.75,11000.0,10361.406593406593,11421.052631578947
2025,TOA PAYOH,4 ROOM,historical_mature,85,90,21,85.75,11758.241758241758,11406.593406593407,12395.604395604396
2025,TOA PAYOH,4 ROOM,historical_mature,90,95,170,94.08333333333333,11682.79569892473,10922.347855004988,12255.075268817205
2025,TOA PAYOH,4 ROOM,historical_mature,95,100,19,95.08333333333333,11827.956989247312,11525.88404833167,12311.827956989247
2025,TOA PAYOH,5 ROOM,historical_mature,45,50,9,49.333333333333336,6239.316239316239,5991.228070175439,6386.55462184874
2025,TOA PAYOH,5 ROOM,historical_mature,50,55,9,50.25,6035.087719298245,5811.965811965812,6134.453781512605
2025,TOA PAYOH,5 ROOM,historical_mature,55,60,16,57.833333333333336,6794.2107643600175,6223.484848484848,8036.423841059603
2025,TOA PAYOH,5 ROOM,historical_mature,60,65,17,62.416666666666664,6641.625,6528.9504132231405,7007.8740157480315
2025,TOA PAYOH,5 ROOM,historical_mature,65,70,22,66.95833333333334,7221.006695361071,7089.430894308944,7870.310616929698
2025,TOA PAYOH,5 ROOM,historical_mature,70,75,37,71.91666666666667,8330.578512396694,7983.333333333333,9081.967213114754
2025,TOA PAYOH,5 ROOM,historical_mature,75,80,14,76.08333333333334,10339.016600790514,9877.886002886004,10600.0
2025,TOA PAYOH,5 ROOM,historical_mature,80,85,2,81.54166666666666,11363.636363636364,11318.181818181818,11409.090909090908
2025,TOA PAYOH,5 ROOM,historical_mature,85,90,26,85.95833333333334,12645.615446500402,11404.888012872085,13023.504273504275
2025,TOA PAYOH,5 ROOM,historical_mature,90,95,20,94.20833333333334,11902.965378046887,11489.520260829064,12109.920819748488
2025,TOA PAYOH,EXECUTIVE,historical_mature,55,60,3,57.666666666666664,7826.086956521739,7826.086956521739,7826.086956521739
2025,TOA PAYOH,EXECUTIVE,historical_mature,60,65,14,62.583333333333336,6944.578744739905,6506.8493150684935,7488.013698630137
2025,TOA PAYOH,EXECUTIVE,historical_mature,65,70,2,66.83333333333334,8660.96743295019,8651.17337164751,8670.761494252873
2025,WOODLANDS,2 ROOM,historical_non_mature,55,60,2,58.375,6587.644444444444,6548.133333333334,6627.155555555555
2025,WOODLANDS,2 ROOM,historical_non_mature,85,90,16,89.16666666666667,7585.106382978724,7372.340425531915,7718.08510638298
2025,WOODLANDS,2 ROOM,historical_non_mature,90,95,23,92.5,8085.106382978724,7925.531914893617,8840.425531914894
2025,WOODLANDS,3 ROOM,historical_non_mature,45,50,29,49.333333333333336,5230.7692307692305,5000.0,5307.692307692308
2025,WOODLANDS,3 ROOM,historical_non_mature,50,55,27,51.083333333333336,5243.90243902439,4897.445820433437,5522.502870264065
2025,WOODLANDS,3 ROOM,historical_non_mature,55,60,30,58.416666666666664,5788.961683541791,5382.941176470588,6085.616438356164
2025,WOODLANDS,3 ROOM,historical_non_mature,60,65,15,63.666666666666664,6027.397260273972,5821.917808219178,6208.333333333333
2025,WOODLANDS,3 ROOM,historical_non_mature,65,70,25,67.33333333333333,6232.876712328767,6095.890410958904,6423.123287671233
2025,WOODLANDS,3 ROOM,historical_non_mature,85,90,29,88.83333333333333,7475.940298507463,7313.432835820896,7727.272727272727
2025,WOODLANDS,3 ROOM,historical_non_mature,90,95,46,92.5,7565.35294117647,7275.735294117647,7786.764705882352
2025,WOODLANDS,4 ROOM,historical_non_mature,45,50,8,49.20833333333333,4545.454545454545,4477.588383838384,4569.444444444445
2025,WOODLANDS,4 ROOM,historical_non_mature,50,55,25,53.083333333333336,4869.565217391304,4654.709677419355,5000.0
2025,WOODLANDS,4 ROOM,historical_non_mature,55,60,37,59.083333333333336,5439.655913978495,5255.102040816327,5521.739130434783
2025,WOODLANDS,4 ROOM,historical_non_mature,60,65,29,62.75,5535.714285714285,5388.349514563107,5833.333333333333
2025,WOODLANDS,4 ROOM,historical_non_mature,65,70,68,68.625,5417.071197411004,5232.919254658385,5773.809523809524
2025,WOODLANDS,4 ROOM,historical_non_mature,70,75,441,71.58333333333333,5601.941747572816,5428.571428571428,5833.333333333333
2025,WOODLANDS,4 ROOM,historical_non_mature,75,80,42,77.45833333333334,5971.6,5744.939271255061,6111.111111111111
2025,WOODLANDS,4 ROOM,historical_non_mature,85,90,60,88.83333333333333,6467.391304347826,6250.0,6912.739130434782
2025,WOODLANDS,4 ROOM,historical_non_mature,90,95,126,92.16666666666667,6956.387096774193,6666.666666666667,7311.8279569892475
2025,WOODLANDS,5 ROOM,historical_non_mature,45,50,4,49.58333333333333,4310.9166403868385,3961.1775157486672,4525.116144018583
2025,WOODLANDS,5 ROOM,historical_non_mature,50,55,6,51.58333333333333,4410.8387096774195,4372.095407326407,4670.678619034924
2025,WOODLANDS,5 ROOM,historical_non_mature,55,60,10,59.416666666666664,5000.0,4845.0413223140495,5119.834710743802
2025,WOODLANDS,5 ROOM,historical_non_mature,60,65,12,61.83333333333333,5267.578918845686,5202.231404958678,5371.900826446281
2025,WOODLANDS,5 ROOM,historical_non_mature,65,70,47,69.33333333333333,5330.578512396694,5112.669602461241,5555.555555555556
2025,WOODLANDS,5 ROOM,historical_non_mature,70,75,310,72.08333333333333,5546.920821114369,5372.67561983471,5780.609631147541
2025,WOODLANDS,5 ROOM,historical_non_mature,75,80,60,77.16666666666667,5549.49090909091,5359.683794466404,5659.330143540669
2025,WOODLANDS,5 ROOM,historical_non_mature,85,90,17,88.75,6160.714285714285,5964.285714285715,6500.0
2025,WOODLANDS,5 ROOM,historical_non_mature,90,95,49,92.41666666666667,6796.460176991151,6283.185840707964,7079.646017699115
2025,WOODLANDS,EXECUTIVE,historical_non_mature,55,60,1,59.083333333333336,5961.538461538462,5961.538461538462,5961.538461538462
2025,WOODLANDS,EXECUTIVE,historical_non_mature,60,65,9,62.583333333333336,5880.794701986755,5671.232876712329,6061.643835616438
2025,WOODLANDS,EXECUTIVE,historical_non_mature,65,70,67,68.83333333333333,5880.681818181818,5662.071078431372,6064.173063604884
2025,WOODLANDS,EXECUTIVE,historical_non_mature,70,75,74,72.33333333333333,6203.531323877069,5943.748178373652,6310.431442080378
2025,WOODLANDS,EXECUTIVE,historical_non_mature,75,80,4,75.41666666666667,5973.282442748092,5801.526717557252,6173.664122137405
2025,YISHUN,2 ROOM,historical_non_mature,70,75,1,73.91666666666667,7950.0,7950.0,7950.0
2025,YISHUN,2 ROOM,historical_non_mature,85,90,16,87.54166666666666,7239.583333333334,7010.749113475177,7446.808510638298
2025,YISHUN,2 ROOM,historical_non_mature,90,95,54,93.08333333333333,7946.808510638298,7627.659574468085,8297.872340425532
2025,YISHUN,3 ROOM,historical_non_mature,55,60,223,58.666666666666664,6250.0,5962.316176470588,6492.537313432836
2025,YISHUN,3 ROOM,historical_non_mature,60,65,125,61.75,6164.3835616438355,5878.378378378378,6531.25
2025,YISHUN,3 ROOM,historical_non_mature,65,70,4,66.41666666666667,6406.25,6308.59375,6425.78125
2025,YISHUN,3 ROOM,historical_non_mature,70,75,1,73.41666666666667,7666.666666666667,7666.666666666667,7666.666666666667
2025,YISHUN,3 ROOM,historical_non_mature,85,90,48,89.33333333333333,7246.268656716418,7123.134328358208,7457.583406496928
2025,YISHUN,3 ROOM,historical_non_mature,90,95,71,92.08333333333333,7352.941176470588,7080.717295873574,7644.424934152766
2025,YISHUN,4 ROOM,historical_non_mature,55,60,175,59.0,5659.340659340659,5378.3894343151005,5930.245421245421
2025,YISHUN,4 ROOM,historical_non_mature,60,65,260,61.666666666666664,5673.076923076923,5380.952380952381,5942.307692307692
2025,YISHUN,4 ROOM,historical_non_mature,65,70,20,66.5,5714.285714285715,5479.791718323828,5995.879120879121
2025,YISHUN,4 ROOM,historical_non_mature,70,75,3,74.66666666666667,6236.559139784947,5934.94623655914,6284.94623655914
2025,YISHUN,4 ROOM,historical_non_mature,75,80,2,75.08333333333334,6044.444444444444,6011.111111111111,6077.777777777778
2025,YISHUN,4 ROOM,historical_non_mature,85,90,194,89.08333333333333,6521.739130434783,6230.335437120149,6725.390135577372
2025,YISHUN,4 ROOM,historical_non_mature,90,95,166,92.625,6569.290322580646,6397.8494623655915,6790.322580645161
2025,YISHUN,4 ROOM,historical_non_mature,95,100,5,95.0,6505.376344086021,6451.612903225807,6612.903225806452
2025,YISHUN,5 ROOM,historical_non_mature,55,60,28,58.95833333333333,5430.976430976431,5228.850746268657,5682.369402985075
2025,YISHUN,5 ROOM,historical_non_mature,60,65,90,61.5,5617.294404552229,5313.295081967213,5942.622950819672
2025,YISHUN,5 ROOM,historical_non_mature,65,70,16,67.04166666666666,5754.619364375461,5505.9375345494755,5908.015873015873
2025,YISHUN,5 ROOM,historical_non_mature,70,75,3,74.5,5855.855855855856,5666.666666666667,5954.713642213643
2025,YISHUN,5 ROOM,historical_non_mature,75,80,1,75.0,6061.5,6061.5,6061.5
2025,YISHUN,5 ROOM,historical_non_mature,85,90,65,89.33333333333333,6437.5,6205.357142857143,6707.9646017699115
2025,YISHUN,5 ROOM,historical_non_mature,90,95,63,91.91666666666667,6600.778761061947,6419.642857142857,6843.75
2025,YISHUN,EXECUTIVE,historical_non_mature,55,60,2,58.791666666666664,6737.329434697856,6263.401559454192,7211.25730994152
2025,YISHUN,EXECUTIVE,historical_non_mature,60,65,56,61.833333333333336,6133.250311332503,5932.082945013979,6466.69815777043
2025,YISHUN,EXECUTIVE,historical_non_mature,65,70,9,65.91666666666667,6585.365853658536,6156.528301886792,7071.823204419889
2025,YISHUN,MULTI-GENERATION,historical_non_mature,60,65,2,61.5,6416.040100250626,6409.774436090225,6422.305764411028
2026,ANG MO KIO,2 ROOM,historical_mature,45,50,3,49.833333333333336,6562.5,6519.886363636364,6803.977272727272
2026,ANG MO KIO,2 ROOM,historical_mature,50,55,10,50.91666666666667,6806.818181818182,6590.909090909091,7261.363636363636
2026,ANG MO KIO,2 ROOM,historical_mature,55,60,5,58.583333333333336,7688.888888888889,7686.4,8000.0
2026,ANG MO KIO,2 ROOM,historical_mature,90,95,1,94.08333333333333,11021.27659574468,11021.27659574468,11021.27659574468
2026,ANG MO KIO,3 ROOM,historical_mature,45,50,25,49.333333333333336,5719.178082191781,5552.238805970149,5890.41095890411
2026,ANG MO KIO,3 ROOM,historical_mature,50,55,251,52.5,5972.972972972973,5711.150131694469,6197.014925373134
2026,ANG MO KIO,3 ROOM,historical_mature,55,60,21,57.916666666666664,6567.164179104478,6492.537313432836,6811.594202898551
2026,ANG MO KIO,3 ROOM,historical_mature,65,70,1,66.83333333333333,6303.030303030303,6303.030303030303,6303.030303030303
2026,ANG MO KIO,3 ROOM,historical_mature,85,90,8,85.66666666666667,9928.571428571428,9582.142857142857,10276.625159914713
2026,ANG MO KIO,3 ROOM,historical_mature,90,95,8,91.66666666666667,10609.470588235294,10404.411764705883,11742.647058823528
2026,ANG MO KIO,4 ROOM,historical_mature,45,50,14,49.666666666666664,5974.384599200504,5513.056531097768,6350.331369661267
2026,ANG MO KIO,4 ROOM,historical_mature,50,55,104,52.625,5916.172920781216,5616.104702750666,6243.818681318681
2026,ANG MO KIO,4 ROOM,historical_mature,55,60,4,55.75,5682.035355948399,5453.2967032967035,5945.652173913043
2026,ANG MO KIO,4 ROOM,historical_mature,65,70,8,65.91666666666667,6095.063025210084,5910.7935627081015,6451.181968114348
2026,ANG MO KIO,4 ROOM,historical_mature,70,75,8,74.375,8777.777777777777,8223.684210526317,8957.437426900584
2026,ANG MO KIO,4 ROOM,historical_mature,75,80,13,78.66666666666667,9053.714285714286,8557.894736842105,9320.987555555555
2026,ANG MO KIO,4 ROOM,historical_mature,80,85,6,84.41666666666667,11366.666666666666,10833.333333333332,11734.424908424908
2026,ANG MO KIO,4 ROOM,historical_mature,85,90,11,85.25,9957.446808510638,9604.423292273237,10316.735815602837
2026,ANG MO KIO,4 ROOM,historical_mature,90,95,64,94.33333333333333,11064.516129032258,10403.645833333334,11546.03494623656
2026,ANG MO KIO,5 ROOM,historical_mature,45,50,2,49.875,5930.8943089430895,5847.5609756097565,6014.2276422764235
2026,ANG MO KIO,5 ROOM,historical_mature,50,55,41,52.916666666666664,6326.789915966387,6150.0,6589.147286821705
2026,ANG MO KIO,5 ROOM,historical_mature,55,60,1,55.0,7629.62962962963,7629.62962962963,7629.62962962963
2026,ANG MO KIO,5 ROOM,historical_mature,65,70,8,68.83333333333333,7375.578703703704,6980.072463768116,7705.652573529412
2026,ANG MO KIO,5 ROOM,historical_mature,70,75,7,74.41666666666667,8818.181818181818,8595.454545454544,9090.90909090909
2026,ANG MO KIO,5 ROOM,historical_mature,75,80,9,79.0,9227.272727272728,9045.454545454546,10072.727272727272
2026,ANG MO KIO,5 ROOM,historical_mature,80,85,10,84.29166666666666,10645.833333333332,9874.255952380952,10874.065170940172
2026,ANG MO KIO,5 ROOM,historical_mature,85,90,5,85.41666666666667,10588.235294117647,10084.033613445377,10798.319327731093
2026,ANG MO KIO,5 ROOM,historical_mature,90,95,31,94.41666666666667,10619.469026548673,10243.362831858407,11314.159292035398
2026,ANG MO KIO,EXECUTIVE,historical_mature,45,50,1,49.083333333333336,7916.666666666667,7916.666666666667,7916.666666666667
2026,ANG MO KIO,EXECUTIVE,historical_mature,50,55,3,52.5,7266.666666666667,6874.074074074075,7425.468164794008
2026,ANG MO KIO,EXECUTIVE,historical_mature,65,70,3,69.25,8333.333333333334,7516.025641025641,8339.88888888889
2026,BEDOK,2 ROOM,historical_mature,50,55,7,51.083333333333336,7022.222222222223,6777.777777777777,7236.381818181818
2026,BEDOK,2 ROOM,historical_mature,55,60,8,58.75,7333.333333333333,7188.266666666666,7388.888888888889
2026,BEDOK,2 ROOM,historical_mature,90,95,2,94.45833333333334,10986.842105263157,10953.947368421052,11019.736842105263
2026,BEDOK,3 ROOM,historical_mature,40,45,3,44.916666666666664,5384.615384615385,5292.307692307692,5476.923076923077
2026,BEDOK,3 ROOM,historical_mature,45,50,39,48.416666666666664,5846.153846153846,5538.461538461538,5976.923076923076
2026,BEDOK,3 ROOM,historical_mature,50,55,233,51.916666666666664,5970.149253731343,5746.268656716418,6250.0
2026,BEDOK,3 ROOM,historical_mature,55,60,69,58.416666666666664,6304.347826086957,6052.631578947368,6544.117647058823
2026,BEDOK,3 ROOM,historical_mature,60,65,8,61.208333333333336,7132.8125,6992.1875,7281.301587301588
2026,BEDOK,3 ROOM,historical_mature,80,85,2,83.20833333333334,9724.63768115942,9659.420289855072,9789.855072463768
2026,BEDOK,3 ROOM,historical_mature,85,90,14,89.25,9117.64705882353,8768.382352941177,9851.339891451831
2026,BEDOK,3 ROOM,historical_mature,90,95,24,94.16666666666667,9241.176470588236,9117.64705882353,9558.823529411764
2026,BEDOK,4 ROOM,historical_mature,45,50,9,48.416666666666664,5609.756097560976,5243.90243902439,5731.707317073171
2026,BEDOK,4 ROOM,historical_mature,50,55,144,51.5,5672.619047619048,5489.130434782609,5978.260869565217
2026,BEDOK,4 ROOM,historical_mature,55,60,72,58.04166666666667,6136.747252747253,5761.133603238866,6538.690476190475
2026,BEDOK,4 ROOM,historical_mature,60,65,17,61.083333333333336,6904.761904761905,6726.190476190476,7230.7692307692305
2026,BEDOK,4 ROOM,historical_mature,65,70,13,69.33333333333333,6567.307692307692,6481.481481481482,6666.657142857143
2026,BEDOK,4 ROOM,historical_mature,70,75,37,73.58333333333333,7333.333333333333,6485.714285714285,7533.333333333333
2026,BEDOK,4 ROOM,historical_mature,75,80,18,78.66666666666667,8478.260869565218,7839.673913043478,8798.91304347826
2026,BEDOK,4 ROOM,historical_mature,80,85,8,83.04166666666666,10056.481684579952,9644.65891642904,10464.508437270726
2026,BEDOK,4 ROOM,historical_mature,85,90,23,89.25,8924.731182795698,8774.193548387098,9649.425287356322
2026,BEDOK,4 ROOM,historical_mature,90,95,87,94.41666666666667,10107.52688172043,9361.702127659575,10967.741935483871
2026,BEDOK,4 ROOM,historical_mature,95,100,2,95.0,11053.763440860213,10731.182795698924,11376.344086021505
2026,BEDOK,5 ROOM,historical_mature,45,50,9,48.833333333333336,6393.1623931623935,6315.789473684211,6473.684210526316
2026,BEDOK,5 ROOM,historical_mature,50,55,61,51.916666666666664,5661.764705882353,5294.117647058823,6033.6134453781515
2026,BEDOK,5 ROOM,historical_mature,55,60,16,57.125,5718.60693263571,5603.973777418752,6163.686040735221
2026,BEDOK,5 ROOM,historical_mature,60,65,11,61.583333333333336,8743.801652892562,7848.036389262605,9019.439475253428
2026,BEDOK,5 ROOM,historical_mature,65,70,31,68.91666666666667,6865.079365079365,6671.853518310211,6991.741885922796
2026,BEDOK,5 ROOM,historical_mature,70,75,26,73.58333333333333,7086.95652173913,6804.347826086956,7208.876811594203
2026,BEDOK,5 ROOM,historical_mature,75,80,2,78.625,8036.363636363636,8018.181818181818,8054.545454545455
2026,BEDOK,5 ROOM,historical_mature,80,85,2,82.70833333333334,9852.178571428572,9644.339285714286,10060.017857142857
2026,BEDOK,5 ROOM,historical_mature,85,90,6,87.45833333333333,10095.238095238095,9652.380952380952,10309.52380952381
2026,BEDOK,5 ROOM,historical_mature,90,95,9,94.66666666666667,12123.893805309735,11327.433628318584,12831.858407079646
2026,BEDOK,5 ROOM,historical_mature,95,100,1,95.0,12389.38053097345,12389.38053097345,12389.38053097345
2026,BEDOK,EXECUTIVE,historical_mature,45,50,1,49.916666666666664,6441.7177914110425,6441.7177914110425,6441.7177914110425
2026,BEDOK,EXECUTIVE,historical_mature,50,55,1,50.833333333333336,6167.03355704698,6167.03355704698,6167.03355704698
2026,BEDOK,EXECUTIVE,historical_mature,55,60,20,58.75,6674.125874125873,6489.853052353052,7323.054794520548
2026,BEDOK,EXECUTIVE,historical_mature,60,65,3,61.666666666666664,8133.333333333333,7962.770562770563,8176.255707762557
2026,BEDOK,EXECUTIVE,historical_mature,65,70,27,66.16666666666667,7202.797202797203,6722.208825657101,7458.421763457457
2026,BISHAN,3 ROOM,historical_mature,45,50,12,46.333333333333336,5411.764705882353,5139.7058823529405,5731.617647058824
2026,BISHAN,3 ROOM,historical_mature,55,60,28,58.291666666666664,7938.549440298508,7490.671641791045,8366.546175373134
2026,BISHAN,3 ROOM,historical_mature,60,65,7,60.916666666666664,8687.5,8523.4375,8874.125
2026,BISHAN,4 ROOM,historical_mature,45,50,3,47.166666666666664,5852.272727272727,5539.772727272727,5880.681818181818
2026,BISHAN,4 ROOM,historical_mature,55,60,38,58.75,8057.326007326007,7588.972431077694,8446.42857142857
2026,BISHAN,4 ROOM,historical_mature,60,65,64,61.625,7730.952380952382,7380.952380952381,8043.68932038835
2026,BISHAN,4 ROOM,historical_mature,65,70,47,65.25,7640.350877192983,7228.14039408867,8065.476190476191
2026,BISHAN,4 ROOM,historical_mature,70,75,8,71.0,9175.736531505805,8774.50980392157,9458.823529411766
2026,BISHAN,4 ROOM,historical_mature,80,85,6,84.29166666666666,13205.263157894737,12864.905263157896,13284.210526315788
2026,BISHAN,5 ROOM,historical_mature,55,60,25,59.5,7676.760330578512,7272.727272727273,8264.462809917355
2026,BISHAN,5 ROOM,historical_mature,60,65,49,60.833333333333336,7768.5950413223145,7307.692307692308,8233.333333333334
2026,BISHAN,5 ROOM,historical_mature,65,70,4,65.33333333333334,8219.881765482409,8192.07108680793,8266.539440203564
2026,BISHAN,5 ROOM,historical_mature,70,75,6,71.04166666666667,9214.9918699187,9000.0,9393.325404824296
2026,BISHAN,5 ROOM,historical_mature,80,85,8,84.33333333333334,13166.666666666666,12689.583333333334,13375.0
2026,BISHAN,EXECUTIVE,historical_mature,55,60,9,59.25,8576.15894039735,8082.191780821918,9337.74834437086
2026,BISHAN,EXECUTIVE,historical_mature,60,65,14,64.70833333333334,8840.78947368421,8287.671232876712,9215.637214137216
2026,BISHAN,EXECUTIVE,historical_mature,65,70,13,65.25,8571.42857142857,8000.0,8835.616438356165
2026,BUKIT BATOK,2 ROOM,historical_non_mature,90,95,76,92.91666666666667,8404.255319148937,7973.625886524823,8841.008771929824
2026,BUKIT BATOK,3 ROOM,historical_non_mature,55,60,119,58.0,5913.04347826087,5629.114700470252,6051.799824407375
2026,BUKIT BATOK,3 ROOM,historical_non_mature,60,65,66,60.5,5913.04347826087,5716.873706004141,6092.051630434782
2026,BUKIT BATOK,3 ROOM,historical_non_mature,85,90,2,89.91666666666667,8125.0,8106.617647058823,8143.382352941177
2026,BUKIT BATOK,3 ROOM,historical_non_mature,90,95,72,92.79166666666666,7784.282704126426,7352.941176470588,7941.176470588235
2026,BUKIT BATOK,4 ROOM,historical_non_mature,55,60,134,58.25,5376.344086021505,5116.3003663003665,5575.549450549451
2026,BUKIT BATOK,4 ROOM,historical_non_mature,60,65,34,60.5,5420.46680396195,5228.063135366507,5568.294072948329
2026,BUKIT BATOK,4 ROOM,historical_non_mature,65,70,2,69.79166666666666,6150.0,6075.0,6225.0
2026,BUKIT BATOK,4 ROOM,historical_non_mature,70,75,26,70.58333333333333,6152.31183312506,5933.966304968589,6334.975247524752
2026,BUKIT BATOK,4 ROOM,historical_non_mature,75,80,33,77.5,6304.347826086957,5978.260869565217,6611.111111111111
2026,BUKIT BATOK,4 ROOM,historical_non_mature,85,90,2,89.91666666666667,8573.798627002288,8523.7414187643,8623.855835240274
2026,BUKIT BATOK,4 ROOM,historical_non_mature,90,95,260,92.16666666666667,7359.612903225807,7096.774193548387,7651.141654978962
2026,BUKIT BATOK,5 ROOM,historical_non_mature,55,60,32,57.95833333333333,5383.631395926477,5078.376913697331,5792.062415196743
2026,BUKIT BATOK,5 ROOM,historical_non_mature,60,65,2,61.08333333333333,5783.091721988891,5637.447500338707,5928.7359436390725
2026,BUKIT BATOK,5 ROOM,historical_non_mature,65,70,1,68.83333333333333,5500.0,5500.0,5500.0
2026,BUKIT BATOK,5 ROOM,historical_non_mature,70,75,22,70.5,6255.735537190083,6084.710743801652,6463.110667996012
2026,BUKIT BATOK,5 ROOM,historical_non_mature,75,80,18,77.58333333333333,6305.0847457627115,5936.440677966101,6507.442888725129
2026,BUKIT BATOK,5 ROOM,historical_non_mature,90,95,181,92.08333333333333,7308.743362831859,7079.646017699115,7654.867256637168
2026,BUKIT BATOK,EXECUTIVE,historical_non_mature,55,60,34,58.5,5764.6551724137935,5487.140061504053,6122.068493150685
2026,BUKIT BATOK,EXECUTIVE,historical_non_mature,60,65,3,60.166666666666664,5513.698630136986,5462.328767123287,5660.95890410959
2026,BUKIT BATOK,EXECUTIVE,historical_non_mature,65,70,6,66.0,5802.618776671408,5583.867146367146,5916.512091038407
2026,BUKIT BATOK,EXECUTIVE,historical_non_mature,70,75,14,70.41666666666666,6695.035460992907,6276.669621749409,6994.604316546763
2026,BUKIT MERAH,1 ROOM,historical_mature,45,50,9,47.916666666666664,8548.387096774193,8225.806451612903,8774.193548387097
2026,BUKIT MERAH,2 ROOM,historical_mature,35,40,1,39.916666666666664,6021.276595744681,6021.276595744681,6021.276595744681
2026,BUKIT MERAH,2 ROOM,historical_mature,40,45,15,43.0,6083.333333333333,5591.538842157348,6655.015197568389
2026,BUKIT MERAH,2 ROOM,historical_mature,45,50,6,48.666666666666664,6855.555555555556,6481.481333333334,7061.111111111111
2026,BUKIT MERAH,2 ROOM,historical_mature,50,55,1,50.833333333333336,7159.090909090909,7159.090909090909,7159.090909090909
2026,BUKIT MERAH,2 ROOM,historical_mature,85,90,3,85.58333333333333,11063.829787234043,10478.72340425532,11382.978723404256
2026,BUKIT MERAH,3 ROOM,historical_mature,35,40,1,39.833333333333336,5416.666666666667,5416.666666666667,5416.666666666667
2026,BUKIT MERAH,3 ROOM,historical_mature,40,45,33,42.5,6129.032258064516,5714.285714285715,6358.490566037736
2026,BUKIT MERAH,3 ROOM,historical_mature,45,50,84,48.083333333333336,5865.079365079365,5384.615384615385,6437.949143173024
2026,BUKIT MERAH,3 ROOM,historical_mature,50,55,22,51.708333333333336,6671.641791044776,6390.027397260274,7414.904643449419
2026,BUKIT MERAH,3 ROOM,historical_mature,55,60,36,56.333333333333336,6376.255681818182,6117.424242424242,6906.666666666667
2026,BUKIT MERAH,3 ROOM,historical_mature,75,80,3,75.58333333333333,12250.0,12125.0,12416.666666666668
2026,BUKIT MERAH,3 ROOM,historical_mature,80,85,2,81.70833333333334,12187.5,12093.75,12281.25
2026,BUKIT MERAH,3 ROOM,historical_mature,85,90,28,86.08333333333333,11769.449715370018,11391.997016197784,12119.565217391304
2026,BUKIT MERAH,3 ROOM,historical_mature,90,95,27,91.58333333333333,10882.35294117647,10500.0,11227.941176470587
2026,BUKIT MERAH,4 ROOM,historical_mature,40,45,8,43.29166666666667,6452.027027027027,6243.75,6788.851351351352
2026,BUKIT MERAH,4 ROOM,historical_mature,45,50,19,49.083333333333336,6097.5609756097565,5855.991423210935,6477.906093906095
2026,BUKIT MERAH,4 ROOM,historical_mature,50,55,9,51.0,6448.9795918367345,6224.489795918367,6602.040816326531
2026,BUKIT MERAH,4 ROOM,historical_mature,55,60,36,57.45833333333333,6768.867924528302,6376.322245322244,7083.228938302536
2026,BUKIT MERAH,4 ROOM,historical_mature,65,70,11,69.83333333333333,8100.0,7705.495320174219,8456.43424903238
2026,BUKIT MERAH,4 ROOM,historical_mature,70,75,28,73.625,8361.936193619362,7775.0,9530.0
2026,BUKIT MERAH,4 ROOM,historical_mature,75,80,65,76.08333333333333,10666.666666666666,9510.869565217392,11333.333333333334
2026,BUKIT MERAH,4 ROOM,historical_mature,80,85,16,81.54166666666666,10841.176470588234,10540.733333333334,11152.777777777777
2026,BUKIT MERAH,4 ROOM,historical_mature,85,90,55,86.25,11702.127659574468,10983.305036785512,12528.08988764045
2026,BUKIT MERAH,4 ROOM,historical_mature,90,95,71,91.58333333333333,10430.10752688172,9935.483870967742,11331.325301204819
2026,BUKIT MERAH,5 ROOM,historical_mature,45,50,18,49.20833333333333,6602.946804439342,6267.543859649123,7076.923076923077
2026,BUKIT MERAH,5 ROOM,historical_mature,50,55,24,52.16666666666667,6789.0634665347025,6268.803418803419,7172.642329421989
2026,BUKIT MERAH,5 ROOM,historical_mature,55,60,19,57.333333333333336,8262.71186440678,6967.213114754099,8950.0
2026,BUKIT MERAH,5 ROOM,historical_mature,65,70,8,68.79166666666666,9393.939393939394,8157.496691245982,9657.89310515873
2026,BUKIT MERAH,5 ROOM,historical_mature,70,75,17,73.75,8956.521739130434,8130.434782608696,9521.739130434782
2026,BUKIT MERAH,5 ROOM,historical_mature,75,80,45,78.16666666666667,10389.89090909091,9818.181818181818,11033.808695652175
2026,BUKIT MERAH,5 ROOM,historical_mature,80,85,4,81.45833333333333,11045.454545454546,10784.09090909091,11227.272727272728
2026,BUKIT MERAH,5 ROOM,historical_mature,85,90,7,88.5,13222.214285714286,12415.942555503803,14057.535714285714
2026,BUKIT MERAH,5 ROOM,historical_mature,90,95,3,92.41666666666667,13539.823008849558,13088.495575221239,14415.929203539823
2026,BUKIT PANJANG,2 ROOM,historical_non_mature,85,90,7,87.41666666666667,7608.695652173913,7234.04255319149,8404.255319148935
2026,BUKIT PANJANG,3 ROOM,historical_non_mature,55,60,1,59.833333333333336,5616.438356164384,5616.438356164384,5616.438356164384
2026,BUKIT PANJANG,3 ROOM,historical_non_mature,60,65,35,61.5,5958.904109589041,5863.013698630137,6164.3835616438355
2026,BUKIT PANJANG,3 ROOM,historical_non_mature,85,90,37,88.41666666666667,7485.294117647059,7176.470588235294,7794.117647058823
2026,BUKIT PANJANG,3 ROOM,historical_non_mature,90,95,1,90.0,7397.058823529412,7397.058823529412,7397.058823529412
2026,BUKIT PANJANG,4 ROOM,historical_non_mature,55,60,4,59.875,5319.983818770226,5169.879574309186,5478.833333333333
2026,BUKIT PANJANG,4 ROOM,historical_non_mature,60,65,79,61.333333333333336,5192.307692307692,5048.543689320389,5559.523809523809
2026,BUKIT PANJANG,4 ROOM,historical_non_mature,70,75,82,71.33333333333333,5777.777777777777,5464.72,6728.580033003301
2026,BUKIT PANJANG,4 ROOM,historical_non_mature,75,80,39,76.41666666666667,6298.7555555555555,5742.047426257952,6768.8172043010745
2026,BUKIT PANJANG,4 ROOM,historical_non_mature,85,90,95,88.25,6774.193548387097,6513.557737260402,7091.74848059841
2026,BUKIT PANJANG,4 ROOM,historical_non_mature,90,95,1,90.0,7150.537634408603,7150.537634408603,7150.537634408603
2026,BUKIT PANJANG,5 ROOM,historical_non_mature,60,65,39,61.333333333333336,5245.901639344263,5081.9672131147545,5409.836065573771
2026,BUKIT PANJANG,5 ROOM,historical_non_mature,70,75,77,71.91666666666667,6270.491803278688,5578.512396694215,7090.163934426229
2026,BUKIT PANJANG,5 ROOM,historical_non_mature,75,80,25,75.66666666666667,5727.272727272727,5360.360360360361,6398.981818181818
2026,BUKIT PANJANG,5 ROOM,historical_non_mature,85,90,39,88.41666666666667,6607.142857142857,6346.5549936788875,6991.1899494311
2026,BUKIT PANJANG,5 ROOM,historical_non_mature,90,95,1,90.0,6671.575221238938,6671.575221238938,6671.575221238938
2026,BUKIT PANJANG,EXECUTIVE,historical_non_mature,60,65,17,61.333333333333336,5734.265734265734,5629.139072847682,6082.191780821918
2026,BUKIT PANJANG,EXECUTIVE,historical_non_mature,70,75,34,72.33333333333333,6517.241379310345,5875.1984126984125,6826.923076923077
2026,BUKIT PANJANG,EXECUTIVE,historical_non_mature,75,80,13,75.41666666666667,5560.0,5269.2307692307695,5840.0
2026,BUKIT TIMAH,3 ROOM,historical_mature,45,50,7,47.25,7000.0,6710.748155953635,7355.367585630744
2026,BUKIT TIMAH,4 ROOM,historical_mature,45,50,1,46.833333333333336,7640.449438202248,7640.449438202248,7640.449438202248
2026,BUKIT TIMAH,4 ROOM,historical_mature,60,65,12,61.5,9076.923076923078,8882.211538461539,9271.634615384617
2026,BUKIT TIMAH,5 ROOM,historical_mature,45,50,5,46.916666666666664,8455.28455284553,8292.682926829268,8495.934959349594
2026,BUKIT TIMAH,5 ROOM,historical_mature,60,65,14,61.83333333333333,9353.73975409836,9047.131147540984,10069.30101974958
2026,BUKIT TIMAH,EXECUTIVE,historical_mature,60,65,7,61.25,9589.04109589041,9178.082191780823,9753.424657534248
2026,CENTRAL AREA,2 ROOM,historical_mature,40,45,2,43.95833333333333,5452.830188679245,5367.924528301886,5537.735849056605
2026,CENTRAL AREA,2 ROOM,historical_mature,50,55,1,54.666666666666664,6181.818181818182,6181.818181818182,6181.818181818182
2026,CENTRAL AREA,2 ROOM,historical_mature,55,60,1,55.916666666666664,6923.076923076923,6923.076923076923,6923.076923076923
2026,CENTRAL AREA,3 ROOM,historical_mature,45,50,12,47.875,7485.189437428244,7328.357142857143,8313.861985472155
2026,CENTRAL AREA,3 ROOM,historical_mature,50,55,23,52.916666666666664,8677.966101694916,8141.446153846154,9080.882352941177
2026,CENTRAL AREA,3 ROOM,historical_mature,55,60,14,57.75,7834.094368340944,7554.617117117117,8805.459006338173
2026,CENTRAL AREA,4 ROOM,historical_mature,40,45,1,44.416666666666664,6438.205607476635,6438.205607476635,6438.205607476635
2026,CENTRAL AREA,4 ROOM,historical_mature,50,55,16,53.291666666666664,9473.185424625332,7235.6321839080465,9879.518072289156
2026,CENTRAL AREA,4 ROOM,historical_mature,55,60,16,57.0,7547.875656898548,7150.509062430074,8066.642043056141
2026,CENTRAL AREA,4 ROOM,historical_mature,75,80,4,75.33333333333334,8164.705882352941,7926.470588235294,8394.117647058825
2026,CENTRAL AREA,4 ROOM,historical_mature,80,85,31,83.75,14500.0,13085.45557441992,15337.870100783875
2026,CENTRAL AREA,5 ROOM,historical_mature,55,60,3,56.5,8273.381294964029,7697.841726618704,8444.382955174322
2026,CENTRAL AREA,5 ROOM,historical_mature,70,75,1,74.91666666666667,7619.047619047619,7619.047619047619,7619.047619047619
2026,CENTRAL AREA,5 ROOM,historical_mature,75,80,6,75.54166666666666,7557.142857142857,7445.238095238095,7726.190476190475
2026,CENTRAL AREA,5 ROOM,historical_mature,80,85,13,83.58333333333333,14370.361904761905,14095.238095238095,14716.981132075472
2026,CHOA CHU KANG,2 ROOM,historical_non_mature,80,85,2,84.41666666666667,7228.260869565218,7146.739130434783,7309.782608695652
2026,CHOA CHU KANG,2 ROOM,historical_non_mature,85,90,4,88.91666666666667,7509.446808510638,7340.425531914894,7583.31914893617
2026,CHOA CHU KANG,2 ROOM,historical_non_mature,90,95,6,94.16666666666667,9340.425531914894,9148.936170212766,10376.399776035832
2026,CHOA CHU KANG,3 ROOM,historical_non_mature,50,55,14,51.45833333333333,5480.637353771683,5373.134328358209,5582.896329164985
2026,CHOA CHU KANG,3 ROOM,historical_non_mature,55,60,8,57.375,5493.243243243243,5388.513513513513,5581.081081081082
2026,CHOA CHU KANG,3 ROOM,historical_non_mature,60,65,10,62.20833333333333,5828.767123287671,5660.958904109589,5883.561643835616
2026,CHOA CHU KANG,3 ROOM,historical_non_mature,80,85,3,84.33333333333333,6666.666666666667,6579.710144927536,6818.840579710145
2026,CHOA CHU KANG,3 ROOM,historical_non_mature,85,90,10,88.0,7171.202809482002,6913.9596136962255,7337.8125
2026,CHOA CHU KANG,3 ROOM,historical_non_mature,90,95,16,90.29166666666666,7291.044776119403,7106.7273924495175,7435.524582967515
2026,CHOA CHU KANG,4 ROOM,historical_non_mature,50,55,9,52.0,4836.95652173913,4725.274725274725,4891.304347826087
2026,CHOA CHU KANG,4 ROOM,historical_non_mature,55,60,3,57.333333333333336,4854.368932038835,4731.1060346468685,4941.747572815534
2026,CHOA CHU KANG,4 ROOM,historical_non_mature,60,65,46,62.75,5231.842793129201,4963.592233009708,5430.554518297237
2026,CHOA CHU KANG,4 ROOM,historical_non_mature,65,70,102,66.41666666666667,5192.307692307692,5000.0,5365.384615384615
2026,CHOA CHU KANG,4 ROOM,historical_non_mature,70,75,102,72.16666666666667,5246.311395845467,5000.92380952381,5523.653259361998
2026,CHOA CHU KANG,4 ROOM,historical_non_mature,75,80,28,75.54166666666666,5718.253968253968,5555.555555555556,5950.091575091575
2026,CHOA CHU KANG,4 ROOM,historical_non_mature,85,90,74,89.375,6424.731182795699,6252.717391304348,6580.645161290323
2026,CHOA CHU KANG,4 ROOM,historical_non_mature,90,95,55,90.33333333333333,6630.434782608696,6322.58064516129,6956.521739130435
2026,CHOA CHU KANG,5 ROOM,historical_non_mature,50,55,1,51.916666666666664,4537.81512605042,4537.81512605042,4537.81512605042
2026,CHOA CHU KANG,5 ROOM,historical_non_mature,55,60,3,57.083333333333336,4924.242424242424,4696.969696969697,4992.424242424242
2026,CHOA CHU KANG,5 ROOM,historical_non_mature,60,65,14,61.833333333333336,5081.9672131147545,4917.524725646932,5215.417965045387
2026,CHOA CHU KANG,5 ROOM,historical_non_mature,65,70,87,67.66666666666667,5269.573770491803,5069.295101553166,5491.836323321912
2026,CHOA CHU KANG,5 ROOM,historical_non_mature,70,75,62,72.0,5414.049862258953,4973.360655737704,5713.43652621596
2026,CHOA CHU KANG,5 ROOM,historical_non_mature,75,80,34,75.58333333333333,5094.945454545455,4965.909090909091,5359.090909090909
2026,CHOA CHU KANG,5 ROOM,historical_non_mature,85,90,32,89.375,6283.185840707964,6024.33628318584,6404.12389380531
2026,CHOA CHU KANG,5 ROOM,historical_non_mature,90,95,38,90.29166666666666,6287.6106194690265,6181.41592920354,6581.9670512010125
2026,CHOA CHU KANG,EXECUTIVE,historical_non_mature,60,65,13,62.25,5945.2054794520545,5684.931506849315,5993.1506849315065
2026,CHOA CHU KANG,EXECUTIVE,historical_non_mature,65,70,37,67.58333333333333,5754.461538461538,5430.463576158941,5878.378378378378
2026,CHOA CHU KANG,EXECUTIVE,historical_non_mature,70,75,19,72.33333333333333,5588.652482269504,5367.299647887324,5851.106639839034
2026,CHOA CHU KANG,EXECUTIVE,historical_non_mature,75,80,3,75.83333333333333,5624.0,5492.0,5686.664000000001
2026,CLEMENTI,2 ROOM,historical_mature,50,55,2,52.166666666666664,6988.636363636364,6960.227272727272,7017.045454545454
2026,CLEMENTI,2 ROOM,historical_mature,85,90,3,86.41666666666667,8500.0,8484.69387755102,8923.469387755102
2026,CLEMENTI,3 ROOM,historical_mature,50,55,126,52.04166666666667,6194.575900982891,5659.194029850747,6563.432835820895
2026,CLEMENTI,3 ROOM,historical_mature,55,60,13,56.416666666666664,5707.317073170731,5540.540540540541,6029.411764705882
2026,CLEMENTI,3 ROOM,historical_mature,75,80,1,75.83333333333333,8524.590163934427,8524.590163934427,8524.590163934427
2026,CLEMENTI,3 ROOM,historical_mature,85,90,17,87.41666666666667,11416.666666666666,9794.520547945205,11814.8
2026,CLEMENTI,3 ROOM,historical_mature,90,95,11,90.66666666666667,11304.347826086956,10506.434782608696,12014.492753623188
2026,CLEMENTI,3 ROOM,historical_mature,95,100,1,96.0,12619.718309859154,12619.718309859154,12619.718309859154
2026,CLEMENTI,4 ROOM,historical_mature,50,55,62,51.95833333333333,6382.68947547298,5824.175824175824,6784.669135212614
2026,CLEMENTI,4 ROOM,historical_mature,55,60,12,57.375,6995.192307692308,6393.963922294172,7283.653846153847
2026,CLEMENTI,4 ROOM,historical_mature,75,80,16,75.91666666666667,9772.222222222223,9195.93023255814,9884.036175710595
2026,CLEMENTI,4 ROOM,historical_mature,85,90,36,86.5,10598.375,9712.121212121212,12147.484756097561
2026,CLEMENTI,4 ROOM,historical_mature,90,95,35,91.25,12258.064516129032,11129.032258064517,13537.634408602149
2026,CLEMENTI,5 ROOM,historical_mature,50,55,17,52.25,6485.6134453781515,6254.237288135593,6789.915966386555
2026,CLEMENTI,5 ROOM,historical_mature,55,60,3,57.333333333333336,6971.830985915493,6792.064253288325,6977.978985021238
2026,CLEMENTI,5 ROOM,historical_mature,60,65,1,60.25,6842.975206611571,6842.975206611571,6842.975206611571
2026,CLEMENTI,5 ROOM,historical_mature,75,80,2,77.625,8818.18181818182,8772.727272727274,8863.636363636364
2026,CLEMENTI,5 ROOM,historical_mature,85,90,15,86.25,10690.265486725664,10033.898305084746,11568.422486235873
2026,CLEMENTI,5 ROOM,historical_mature,90,95,19,93.83333333333333,12920.353982300885,12079.646017699115,13467.130214917826
2026,CLEMENTI,EXECUTIVE,historical_mature,50,55,2,53.16666666666667,6646.59547072635,6574.8314776944635,6718.359463758237
2026,CLEMENTI,EXECUTIVE,historical_mature,55,60,6,57.5,7054.7945205479455,6981.089934484812,7235.396743344533
2026,GEYLANG,2 ROOM,historical_mature,40,45,9,41.833333333333336,6666.666666666667,6222.222222222223,7075.0
2026,GEYLANG,2 ROOM,historical_mature,50,55,3,51.75,6909.090909090909,6543.434343434343,7010.101010101011
2026,GEYLANG,2 ROOM,historical_mature,55,60,1,58.833333333333336,8222.222222222223,8222.222222222223,8222.222222222223
2026,GEYLANG,3 ROOM,historical_mature,35,40,23,39.666666666666664,5288.358208955224,5133.333333333334,5827.784503631961
2026,GEYLANG,3 ROOM,historical_mature,40,45,65,41.916666666666664,5704.918032786885,5533.333333333333,5892.857142857143
2026,GEYLANG,3 ROOM,historical_mature,45,50,44,48.375,5889.178617992176,5503.846153846153,6276.466753585398
2026,GEYLANG,3 ROOM,historical_mature,50,55,48,53.70833333333333,5940.65934065934,5657.894736842105,6552.1560319042865
2026,GEYLANG,3 ROOM,historical_mature,55,60,21,57.833333333333336,7457.627118644068,7027.027027027027,7733.333333333333
2026,GEYLANG,3 ROOM,historical_mature,70,75,5,72.91666666666667,7625.0,7421.875,8125.0
2026,GEYLANG,3 ROOM,historical_mature,75,80,8,79.45833333333334,11208.333333333332,10883.333333333334,11458.333333333334
2026,GEYLANG,3 ROOM,historical_mature,80,85,1,80.0,11700.0,11700.0,11700.0
2026,GEYLANG,3 ROOM,historical_mature,85,90,17,89.58333333333333,10821.882352941177,10588.235294117647,11343.283582089553
2026,GEYLANG,3 ROOM,historical_mature,90,95,19,92.75,11451.612903225807,11129.631878557873,11860.29411764706
2026,GEYLANG,4 ROOM,historical_mature,40,45,1,41.333333333333336,5882.142857142857,5882.142857142857,5882.142857142857
2026,GEYLANG,4 ROOM,historical_mature,45,50,13,49.166666666666664,6791.208791208791,6554.347826086957,6902.173913043478
2026,GEYLANG,4 ROOM,historical_mature,50,55,28,53.25,6628.105590062112,5933.053788316945,7025.789650537635
2026,GEYLANG,4 ROOM,historical_mature,55,60,49,58.166666666666664,6574.230088495575,6346.153846153846,7000.0
2026,GEYLANG,4 ROOM,historical_mature,60,65,8,62.833333333333336,6288.461538461539,6051.014957264957,6367.316678648454
2026,GEYLANG,4 ROOM,historical_mature,65,70,3,69.25,7800.0,7446.205607476635,7856.192307692308
2026,GEYLANG,4 ROOM,historical_mature,70,75,17,71.08333333333333,9000.0,8018.867924528302,9362.745098039215
2026,GEYLANG,4 ROOM,historical_mature,75,80,18,79.41666666666667,10571.8954248366,10044.528779253636,10883.333333333332
2026,GEYLANG,4 ROOM,historical_mature,80,85,16,84.58333333333334,10342.105263157893,10086.842105263158,10601.44312393888
2026,GEYLANG,4 ROOM,historical_mature,85,90,21,89.41666666666667,10591.397849462366,10344.086021505376,10860.21505376344
2026,GEYLANG,4 ROOM,historical_mature,90,95,17,92.91666666666667,11197.916666666666,11063.31182795699,11612.90322580645
2026,GEYLANG,5 ROOM,historical_mature,45,50,6,49.29166666666667,6976.904347826086,6654.936170212766,7098.195763656633
2026,GEYLANG,5 ROOM,historical_mature,50,55,5,53.083333333333336,6355.932203389831,6313.559322033899,6610.169491525424
2026,GEYLANG,5 ROOM,historical_mature,55,60,20,56.833333333333336,6956.145966709348,6644.628099173554,7426.785714285715
2026,GEYLANG,5 ROOM,historical_mature,60,65,1,62.916666666666664,6136.193548387097,6136.193548387097,6136.193548387097
2026,GEYLANG,5 ROOM,historical_mature,65,70,3,69.25,7602.739726027397,7421.369863013699,7706.479352064794
2026,GEYLANG,5 ROOM,historical_mature,70,75,17,70.91666666666667,8924.590163934427,7561.98347107438,11981.818181818182
2026,GEYLANG,5 ROOM,historical_mature,75,80,2,78.75,9971.071580671582,9830.481244881244,10111.661916461917
2026,GEYLANG,EXECUTIVE,historical_mature,55,60,11,59.083333333333336,7315.436241610738,6635.492323250896,7520.54794520548
2026,HOUGANG,2 ROOM,historical_non_mature,80,85,1,84.91666666666667,8297.872340425532,8297.872340425532,8297.872340425532
2026,HOUGANG,2 ROOM,historical_non_mature,85,90,9,87.75,7872.340425531915,7765.95744680851,8106.382978723404
2026,HOUGANG,2 ROOM,historical_non_mature,90,95,22,92.54166666666666,8436.17021276596,8194.148936170212,8717.489361702128
2026,HOUGANG,3 ROOM,historical_non_mature,45,50,1,48.166666666666664,5257.142857142857,5257.142857142857,5257.142857142857
2026,HOUGANG,3 ROOM,historical_non_mature,50,55,28,51.416666666666664,5821.917808219178,5611.394248270841,6016.51744365545
2026,HOUGANG,3 ROOM,historical_non_mature,55,60,86,57.91666666666667,6417.410714285714,6194.0298507462685,6681.592039800995
2026,HOUGANG,3 ROOM,historical_non_mature,60,65,28,60.75,6524.493243243243,6273.648648648649,6726.5625
2026,HOUGANG,3 ROOM,historical_non_mature,65,70,9,66.0,7203.389830508475,6764.705882352941,7457.627118644068
2026,HOUGANG,3 ROOM,historical_non_mature,80,85,1,84.91666666666667,7388.059701492537,7388.059701492537,7388.059701492537
2026,HOUGANG,3 ROOM,historical_non_mature,85,90,26,87.66666666666667,8268.65671641791,7738.805970149254,8791.9776119403
2026,HOUGANG,3 ROOM,historical_non_mature,90,95,23,91.16666666666667,8017.391304347826,7735.294117647059,9111.940298507463
2026,HOUGANG,4 ROOM,historical_non_mature,45,50,7,48.416666666666664,5036.585365853659,4908.536585365853,5182.926829268293
2026,HOUGANG,4 ROOM,historical_non_mature,50,55,3,54.0,5306.122448979592,5218.995290423862,5664.050235478808
2026,HOUGANG,4 ROOM,historical_non_mature,55,60,114,58.333333333333336,5847.074559848754,5526.352288488211,6181.318681318682
2026,HOUGANG,4 ROOM,historical_non_mature,60,65,65,61.416666666666664,6018.348623853211,5745.762711864407,6304.347826086957
2026,HOUGANG,4 ROOM,historical_non_mature,65,70,27,65.66666666666667,6009.652173913043,5810.146164515097,6228.234265734266
2026,HOUGANG,4 ROOM,historical_non_mature,70,75,79,71.0,6176.470588235294,5980.196078431372,6468.085106382979
2026,HOUGANG,4 ROOM,historical_non_mature,75,80,14,76.33333333333334,6457.516339869281,6281.862745098038,6652.941176470588
2026,HOUGANG,4 ROOM,historical_non_mature,85,90,68,87.91666666666667,7648.726040205704,7065.217391304348,8474.82837528604
2026,HOUGANG,4 ROOM,historical_non_mature,90,95,89,92.33333333333333,7311.8279569892475,7000.0,7826.086956521739
2026,HOUGANG,5 ROOM,historical_non_mature,45,50,1,48.833333333333336,5350.0,5350.0,5350.0
2026,HOUGANG,5 ROOM,historical_non_mature,55,60,42,57.79166666666667,5812.270012668154,5547.520661157025,6422.131147540983
2026,HOUGANG,5 ROOM,historical_non_mature,60,65,29,60.75,5916.666666666667,5702.479338842975,6322.3140495867765
2026,HOUGANG,5 ROOM,historical_non_mature,65,70,25,65.58333333333333,6495.726495726496,6229.508196721312,7073.170731707317
2026,HOUGANG,5 ROOM,historical_non_mature,70,75,42,71.20833333333334,6501.962809917355,6159.716666666666,6789.959016393443
2026,HOUGANG,5 ROOM,historical_non_mature,75,80,16,76.75,5858.581818181818,5725.0,6186.363636363636
2026,HOUGANG,5 ROOM,historical_non_mature,85,90,24,88.25,8009.161490683229,7749.25,8582.587053571428
2026,HOUGANG,5 ROOM,historical_non_mature,90,95,17,94.0,9113.052631578947,7423.787610619469,9420.070175438597
2026,HOUGANG,EXECUTIVE,historical_non_mature,55,60,36,57.91666666666667,6398.666910554234,6116.666666666667,6605.183203337566
2026,HOUGANG,EXECUTIVE,historical_non_mature,60,65,24,60.95833333333333,6750.792171481827,6380.541871921182,7128.378378378379
2026,HOUGANG,EXECUTIVE,historical_non_mature,65,70,23,65.41666666666667,6802.721088435374,6548.611111111111,7923.195308237861
2026,HOUGANG,EXECUTIVE,historical_non_mature,70,75,22,72.33333333333333,6428.462048900004,6295.620437956204,6555.386965589155
2026,JURONG EAST,2 ROOM,historical_non_mature,85,90,8,86.58333333333334,7790.697674418605,7526.595744680851,8097.647991543341
2026,JURONG EAST,3 ROOM,historical_non_mature,35,40,3,39.75,4776.119402985075,4752.89552238806,4776.119402985075
2026,JURONG EAST,3 ROOM,historical_non_mature,50,55,25,52.416666666666664,5369.86301369863,5041.095890410959,5955.882352941177
2026,JURONG EAST,3 ROOM,historical_non_mature,55,60,95,56.0,5735.294117647059,5522.388059701492,6111.172080772607
2026,JURONG EAST,3 ROOM,historical_non_mature,60,65,1,61.916666666666664,6029.411764705882,6029.411764705882,6029.411764705882
2026,JURONG EAST,3 ROOM,historical_non_mature,85,90,21,86.58333333333333,7345.666666666667,7152.777777777777,7781.25
2026,JURONG EAST,3 ROOM,historical_non_mature,90,95,2,92.95833333333334,8125.0,8033.088235294117,8216.911764705883
2026,JURONG EAST,4 ROOM,historical_non_mature,50,55,6,53.875,4945.961255239606,4606.763511402687,5313.186813186813
2026,JURONG EAST,4 ROOM,historical_non_mature,55,60,45,57.0,5329.0097087378645,5060.240963855422,5600.0
2026,JURONG EAST,4 ROOM,historical_non_mature,65,70,5,66.25,5777.777777777777,4848.484848484848,6133.333333333333
2026,JURONG EAST,4 ROOM,historical_non_mature,70,75,29,71.5,6311.111111111111,5940.59405940594,6534.653465346535
2026,JURONG EAST,4 ROOM,historical_non_mature,75,80,7,76.33333333333333,5888.888888888889,5704.584595959595,6117.64705882353
2026,JURONG EAST,4 ROOM,historical_non_mature,85,90,19,86.58333333333333,7119.565217391304,6657.608695652174,7434.782608695652
2026,JURONG EAST,5 ROOM,historical_non_mature,50,55,13,52.25,5019.2307692307695,4903.846153846154,5375.0
2026,JURONG EAST,5 ROOM,historical_non_mature,55,60,29,56.0,5266.666666666667,4958.677685950413,5762.295081967213
2026,JURONG EAST,5 ROOM,historical_non_mature,60,65,3,61.75,6730.158730158731,5803.095894004985,7073.412698412699
2026,JURONG EAST,5 ROOM,historical_non_mature,65,70,2,66.41666666666667,5455.555555555556,5405.555555555556,5505.555555555556
2026,JURONG EAST,5 ROOM,historical_non_mature,70,75,37,71.83333333333333,6470.148760330579,6041.666666666667,6829.268292682927
2026,JURONG EAST,5 ROOM,historical_non_mature,75,80,5,76.08333333333333,5982.608695652174,5739.130434782609,6342.105263157895
2026,JURONG EAST,5 ROOM,historical_non_mature,85,90,3,86.25,6101.6949152542375,6016.949152542373,6474.576271186441
2026,JURONG EAST,EXECUTIVE,historical_non_mature,55,60,11,58.166666666666664,5369.127516778523,5141.612960973864,5627.659574468085
2026,JURONG EAST,EXECUTIVE,historical_non_mature,70,75,21,71.5,7020.689655172414,6597.222222222223,7255.172413793103
2026,JURONG WEST,2 ROOM,historical_non_mature,50,55,1,51.416666666666664,6382.978723404255,6382.978723404255,6382.978723404255
2026,JURONG WEST,2 ROOM,historical_non_mature,80,85,2,81.25,6731.570512820513,6711.9391025641025,6751.201923076923
2026,JURONG WEST,2 ROOM,historical_non_mature,85,90,7,87.0,7659.574468085107,7595.744680851064,7882.978723404255
2026,JURONG WEST,2 ROOM,historical_non_mature,90,95,11,91.83333333333333,7765.95744680851,7594.553191489362,8042.553191489362
2026,JURONG WEST,3 ROOM,historical_non_mature,40,45,8,44.04166666666667,4514.925373134329,4457.4736611062335,4852.941176470588
2026,JURONG WEST,3 ROOM,historical_non_mature,45,50,53,48.666666666666664,5045.454545454545,4756.756756756757,5254.237288135593
2026,JURONG WEST,3 ROOM,historical_non_mature,50,55,20,51.083333333333336,5254.237288135593,5082.790091264668,5356.3050847457625
2026,JURONG WEST,3 ROOM,historical_non_mature,55,60,81,57.5,5675.675675675676,5479.45205479452,5937.5
2026,JURONG WEST,3 ROOM,historical_non_mature,60,65,21,61.583333333333336,5479.45205479452,5273.972602739726,5547.945205479452
2026,JURONG WEST,3 ROOM,historical_non_mature,80,85,4,83.91666666666666,7143.773320895522,6863.659981343284,7517.480876865671
2026,JURONG WEST,3 ROOM,historical_non_mature,85,90,20,87.08333333333333,7548.237815126051,7121.652765583845,7838.125548726953
2026,JURONG WEST,3 ROOM,historical_non_mature,90,95,24,91.41666666666666,7500.0,7125.0,7665.441176470588
2026,JURONG WEST,4 ROOM,historical_non_mature,55,60,86,57.583333333333336,5000.0,4712.899129172714,5383.403361344537
2026,JURONG WEST,4 ROOM,historical_non_mature,60,65,83,62.25,4757.281553398058,4615.384615384615,4894.2307692307695
2026,JURONG WEST,4 ROOM,historical_non_mature,65,70,60,68.66666666666667,4873.868778280543,4762.8397496356,5179.888507718697
2026,JURONG WEST,4 ROOM,historical_non_mature,70,75,127,73.25,5934.065934065934,5611.111111111111,6215.506715506715
2026,JURONG WEST,4 ROOM,historical_non_mature,75,80,19,75.58333333333333,5824.175824175824,5566.47711927982,6010.989010989011
2026,JURONG WEST,4 ROOM,historical_non_mature,80,85,31,81.58333333333333,6107.5268817204305,5729.604955586723,6929.561517113783
2026,JURONG WEST,4 ROOM,historical_non_mature,85,90,37,87.58333333333333,6727.04347826087,6576.086956521739,7204.301075268817
2026,JURONG WEST,4 ROOM,historical_non_mature,90,95,36,91.25,6898.340425531915,6769.474948524365,7021.276595744681
2026,JURONG WEST,5 ROOM,historical_non_mature,45,50,3,49.5,4375.0,4062.5,4451.962809917355
2026,JURONG WEST,5 ROOM,historical_non_mature,50,55,2,51.33333333333333,4633.766393694969,4514.8697740286925,4752.663013361246
2026,JURONG WEST,5 ROOM,historical_non_mature,55,60,36,57.5,4924.812030075187,4661.4789002557545,5052.966101694915
2026,JURONG WEST,5 ROOM,historical_non_mature,60,65,18,62.29166666666667,4711.929277875626,4454.918032786885,4907.532854626744
2026,JURONG WEST,5 ROOM,historical_non_mature,65,70,59,68.16666666666667,4746.0317460317465,4565.210598675166,5039.526309211349
2026,JURONG WEST,5 ROOM,historical_non_mature,70,75,133,73.5,5669.642857142857,5326.086956521739,5966.3865546218485
2026,JURONG WEST,5 ROOM,historical_non_mature,75,80,36,75.70833333333334,5547.420147420147,5078.828828828829,5772.727272727272
2026,JURONG WEST,5 ROOM,historical_non_mature,80,85,22,81.20833333333334,5609.090909090909,5497.727272727272,5727.272727272727
2026,JURONG WEST,5 ROOM,historical_non_mature,85,90,21,87.83333333333333,6902.654867256637,6645.026548672567,7300.884955752213
2026,JURONG WEST,5 ROOM,historical_non_mature,90,95,20,91.41666666666667,6517.699115044248,6172.70284117373,6818.836360813539
2026,JURONG WEST,EXECUTIVE,historical_non_mature,55,60,23,58.25,4966.666666666667,4825.9765711995005,5503.355704697987
2026,JURONG WEST,EXECUTIVE,historical_non_mature,60,65,9,61.833333333333336,4929.577464788732,4897.260273972603,4986.301369863014
2026,JURONG WEST,EXECUTIVE,historical_non_mature,65,70,32,68.20833333333334,5494.63711963712,5138.678888678889,5736.5101115101115
2026,JURONG WEST,EXECUTIVE,historical_non_mature,70,75,33,73.91666666666667,5871.212121212121,5681.818181818182,6029.2307692307695
2026,JURONG WEST,EXECUTIVE,historical_non_mature,75,80,6,75.29166666666666,6027.552,5580.0,6061.776
2026,KALLANG/WHAMPOA,2 ROOM,historical_mature,40,45,4,43.041666666666664,6488.333333333334,6362.5,6560.625
2026,KALLANG/WHAMPOA,2 ROOM,historical_mature,50,55,5,54.0,7857.142857142857,7840.909090909091,7954.545454545455
2026,KALLANG/WHAMPOA,2 ROOM,historical_mature,55,60,1,59.333333333333336,8000.0,8000.0,8000.0
2026,KALLANG/WHAMPOA,3 ROOM,historical_mature,40,45,29,44.416666666666664,5909.090909090909,5357.142857142857,6323.529411764706
2026,KALLANG/WHAMPOA,3 ROOM,historical_mature,45,50,73,47.166666666666664,6153.815384615385,5762.71186440678,6584.615384615385
2026,KALLANG/WHAMPOA,3 ROOM,historical_mature,50,55,52,53.5,6691.742081447964,6195.587517934003,7209.558823529413
2026,KALLANG/WHAMPOA,3 ROOM,historical_mature,55,60,27,57.5,7936.507936507936,7021.624595469256,8432.66369047619
2026,KALLANG/WHAMPOA,3 ROOM,historical_mature,60,65,4,60.0,7601.5625,7316.40625,7726.125
2026,KALLANG/WHAMPOA,3 ROOM,historical_mature,75,80,6,77.25,10612.90322580645,10338.709677419356,10850.806451612903
2026,KALLANG/WHAMPOA,3 ROOM,historical_mature,80,85,5,84.83333333333333,10724.63768115942,10230.260869565218,11159.420289855072
2026,KALLANG/WHAMPOA,3 ROOM,historical_mature,85,90,4,85.33333333333334,11237.970149253732,10625.611940298506,11767.057569296376
2026,KALLANG/WHAMPOA,3 ROOM,historical_mature,90,95,34,90.58333333333333,10621.378402107111,9977.611940298506,12002.100840336134
2026,KALLANG/WHAMPOA,4 ROOM,historical_mature,45,50,23,46.833333333333336,6043.956043956044,5494.505494505494,6632.981638805151
2026,KALLANG/WHAMPOA,4 ROOM,historical_mature,50,55,12,53.66666666666667,6355.023501762633,6109.774193548387,6793.776875298615
2026,KALLANG/WHAMPOA,4 ROOM,historical_mature,55,60,27,57.416666666666664,7028.571428571428,6700.705039297272,7608.304297328688
2026,KALLANG/WHAMPOA,4 ROOM,historical_mature,60,65,13,60.25,7307.692307692308,7211.538461538462,7440.476190476191
2026,KALLANG/WHAMPOA,4 ROOM,historical_mature,65,70,10,69.66666666666666,8254.62962962963,7422.057502246182,8569.444444444445
2026,KALLANG/WHAMPOA,4 ROOM,historical_mature,70,75,13,71.33333333333333,8098.0392156862745,7635.294117647059,8712.871287128713
2026,KALLANG/WHAMPOA,4 ROOM,historical_mature,75,80,33,77.33333333333333,10210.526315789473,9722.222222222223,10666.666666666666
2026,KALLANG/WHAMPOA,4 ROOM,historical_mature,80,85,14,84.04166666666666,11063.829787234043,9858.606741573034,11855.263157894737
2026,KALLANG/WHAMPOA,4 ROOM,historical_mature,85,90,8,85.20833333333333,10728.016431074062,10004.051538837322,11538.815117466802
2026,KALLANG/WHAMPOA,4 ROOM,historical_mature,90,95,90,90.83333333333333,11595.925297113752,10528.666666666666,12255.744039270689
2026,KALLANG/WHAMPOA,5 ROOM,historical_mature,45,50,15,47.083333333333336,5921.0526315789475,5693.882141250562,6438.0341880341875
2026,KALLANG/WHAMPOA,5 ROOM,historical_mature,50,55,9,54.416666666666664,7084.745762711865,6991.525423728814,7606.55737704918
2026,KALLANG/WHAMPOA,5 ROOM,historical_mature,55,60,13,58.416666666666664,7400.0,7259.259259259259,7858.2677165354335
2026,KALLANG/WHAMPOA,5 ROOM,historical_mature,60,65,6,60.20833333333333,7319.00826446281,6441.393442622951,7630.988507231405
2026,KALLANG/WHAMPOA,5 ROOM,historical_mature,65,70,7,69.16666666666667,7903.225806451613,7127.777777777777,9267.583289264938
2026,KALLANG/WHAMPOA,5 ROOM,historical_mature,70,75,18,71.375,8049.031271525004,7768.954918032787,8318.789284286286
2026,KALLANG/WHAMPOA,5 ROOM,historical_mature,75,80,16,77.75,9561.026432391138,8836.899082568807,10126.050420168067
2026,KALLANG/WHAMPOA,5 ROOM,historical_mature,80,85,8,83.79166666666666,12310.9243697479,12149.532710280373,12587.579986122888
2026,KALLANG/WHAMPOA,5 ROOM,historical_mature,85,90,1,89.83333333333333,13697.310344827587,13697.310344827587,13697.310344827587
2026,KALLANG/WHAMPOA,5 ROOM,historical_mature,90,95,1,90.08333333333333,11465.51724137931,11465.51724137931,11465.51724137931
2026,KALLANG/WHAMPOA,EXECUTIVE,historical_mature,55,60,9,57.333333333333336,6453.333333333333,5866.666666666667,6666.666666666667
2026,KALLANG/WHAMPOA,EXECUTIVE,historical_mature,60,65,2,60.41666666666667,8202.380952380952,8017.857142857143,8386.904761904761
2026,KALLANG/WHAMPOA,EXECUTIVE,historical_mature,65,70,3,67.41666666666667,8888.888888888889,8194.444444444445,9347.222222222223
2026,MARINE PARADE,3 ROOM,historical_mature,45,50,45,48.166666666666664,6915.254237288135,6644.736842105263,7230.7692307692305
2026,MARINE PARADE,4 ROOM,historical_mature,45,50,32,48.125,7624.7228381374725,6707.317073170731,7876.401738155312
2026,MARINE PARADE,5 ROOM,historical_mature,45,50,22,47.916666666666664,8750.0,7598.076923076923,9069.864241803278
2026,MARINE PARADE,5 ROOM,historical_mature,50,55,2,50.04166666666667,8750.0,8416.666666666666,9083.333333333334
2026,PASIR RIS,2 ROOM,historical_mature,85,90,6,88.25,8904.255319148935,8750.0,9058.510638297872
2026,PASIR RIS,3 ROOM,historical_mature,50,55,4,53.70833333333333,5105.495251017639,4957.0610583446405,5178.030303030303
2026,PASIR RIS,3 ROOM,historical_mature,85,90,12,88.25,9301.470588235294,9117.64705882353,9470.871040723981
2026,PASIR RIS,4 ROOM,historical_mature,60,65,70,62.416666666666664,5972.183607642048,5829.109029985394,6156.882591093117
2026,PASIR RIS,4 ROOM,historical_mature,65,70,135,68.08333333333333,5913.461538461538,5714.285714285715,6103.174603174603
2026,PASIR RIS,4 ROOM,historical_mature,85,90,45,88.16666666666667,8365.591397849463,8118.279569892473,9244.186046511628
2026,PASIR RIS,5 ROOM,historical_mature,60,65,21,62.416666666666664,5801.526717557252,5691.056910569106,5975.609756097561
2026,PASIR RIS,5 ROOM,historical_mature,65,70,153,67.0,5785.123966942148,5610.236220472441,6071.428571428572
2026,PASIR RIS,5 ROOM,historical_mature,85,90,11,88.16666666666667,8761.904761904761,8287.610619469026,9109.52380952381
2026,PASIR RIS,EXECUTIVE,historical_mature,60,65,25,61.75,6375.838926174497,6208.053691275168,6643.835616438356
2026,PASIR RIS,EXECUTIVE,historical_mature,65,70,139,66.41666666666667,6256.0,5921.212121212121,6551.724137931034
2026,PUNGGOL,2 ROOM,historical_non_mature,85,90,26,87.29166666666666,8230.396854764107,7939.723320158103,8717.391304347826
2026,PUNGGOL,2 ROOM,historical_non_mature,90,95,79,94.0,9106.382978723404,8669.021276595744,9680.851063829787
2026,PUNGGOL,3 ROOM,historical_non_mature,85,90,92,88.58333333333334,7984.594456289979,7763.827919227393,8321.169885864794
2026,PUNGGOL,3 ROOM,historical_non_mature,90,95,59,91.83333333333333,8264.70588235294,7794.117647058823,8661.764705882353
2026,PUNGGOL,4 ROOM,historical_non_mature,75,80,64,76.41666666666667,6405.555555555556,6188.485448916408,6599.440089585666
2026,PUNGGOL,4 ROOM,historical_non_mature,80,85,41,82.83333333333333,7020.977777777778,6703.2967032967035,7765.95744680851
2026,PUNGGOL,4 ROOM,historical_non_mature,85,90,361,87.16666666666667,7419.354838709677,7033.333333333333,7826.086956521739
2026,PUNGGOL,4 ROOM,historical_non_mature,90,95,227,92.58333333333333,7483.031578947369,6984.206989247312,7903.225806451613
2026,PUNGGOL,5 ROOM,historical_non_mature,75,80,153,76.66666666666667,5909.090909090909,5636.363636363636,6181.818181818182
2026,PUNGGOL,5 ROOM,historical_non_mature,85,90,109,88.83333333333333,7668.642857142857,7363.636363636364,8103.448275862069
2026,PUNGGOL,5 ROOM,historical_non_mature,90,95,116,93.41666666666666,7589.285714285715,7123.8938053097345,8264.848602484471
2026,PUNGGOL,EXECUTIVE,historical_non_mature,75,80,21,76.5,6430.7692307692305,6078.125,6580.527131782946
2026,QUEENSTOWN,2 ROOM,historical_mature,35,40,2,39.541666666666664,6250.0,6146.739130434783,6353.260869565217
2026,QUEENSTOWN,2 ROOM,historical_mature,40,45,2,42.5,5851.063829787234,5797.8723404255325,5904.255319148936
2026,QUEENSTOWN,2 ROOM,historical_mature,50,55,1,50.083333333333336,6666.666666666667,6666.666666666667,6666.666666666667
2026,QUEENSTOWN,2 ROOM,historical_mature,85,90,4,87.58333333333334,11170.212765957447,11037.234042553191,11356.382978723404
2026,QUEENSTOWN,2 ROOM,historical_mature,90,95,6,94.45833333333333,12755.31914893617,11537.234042553193,14547.872340425532
2026,QUEENSTOWN,3 ROOM,historical_mature,35,40,24,39.583333333333336,5250.0,5131.933333333333,5666.666666666667
2026,QUEENSTOWN,3 ROOM,historical_mature,40,45,61,43.0,5580.417910447762,5294.117647058823,6000.0
2026,QUEENSTOWN,3 ROOM,historical_mature,45,50,77,47.833333333333336,6384.615384615385,5846.153846153846,7538.461538461538
2026,QUEENSTOWN,3 ROOM,historical_mature,50,55,7,50.333333333333336,5876.923076923077,5800.0,6318.6234817813765
2026,QUEENSTOWN,3 ROOM,historical_mature,80,85,6,81.41666666666667,10791.666666666668,10178.561904761906,12187.5
2026,QUEENSTOWN,3 ROOM,historical_mature,85,90,31,88.08333333333333,12153.846153846154,11351.526251526251,12432.125088841507
2026,QUEENSTOWN,3 ROOM,historical_mature,90,95,84,94.41666666666667,13095.238095238095,12391.52380952381,13563.492063492064
2026,QUEENSTOWN,4 ROOM,historical_mature,40,45,1,43.416666666666664,6823.529411764706,6823.529411764706,6823.529411764706
2026,QUEENSTOWN,4 ROOM,historical_mature,45,50,15,47.416666666666664,6865.8536585365855,6296.266233766233,7264.412416851441
2026,QUEENSTOWN,4 ROOM,historical_mature,50,55,1,52.75,6489.36170212766,6489.36170212766,6489.36170212766
2026,QUEENSTOWN,4 ROOM,historical_mature,65,70,9,69.16666666666667,8317.757009345794,7824.074074074074,9134.615384615385
2026,QUEENSTOWN,4 ROOM,historical_mature,70,75,16,71.54166666666666,9689.136904761905,9240.727894931557,10070.713391739675
2026,QUEENSTOWN,4 ROOM,historical_mature,75,80,17,79.33333333333333,9866.666666666666,9080.459770114943,10666.666666666666
2026,QUEENSTOWN,4 ROOM,historical_mature,80,85,22,81.5,10907.198566308243,10165.242630385488,11666.666666666666
2026,QUEENSTOWN,4 ROOM,historical_mature,85,90,95,89.0,12272.727272727272,11260.476689366162,13333.333333333334
2026,QUEENSTOWN,4 ROOM,historical_mature,90,95,66,93.5,12669.387226324652,11928.737677984665,13102.409638554218
2026,QUEENSTOWN,5 ROOM,historical_mature,45,50,13,48.0,8421.052631578947,7692.307692307692,8717.948717948719
2026,QUEENSTOWN,5 ROOM,historical_mature,50,55,5,50.5,7264.957264957265,6829.268292682927,7714.285714285715
2026,QUEENSTOWN,5 ROOM,historical_mature,65,70,11,69.25,9308.333333333334,8825.827205882353,9763.154605674292
2026,QUEENSTOWN,5 ROOM,historical_mature,70,75,5,73.16666666666667,10737.372727272726,10224.0,11000.0
2026,QUEENSTOWN,5 ROOM,historical_mature,75,80,9,79.41666666666667,11181.818181818182,10360.36036036036,11436.363636363636
2026,QUEENSTOWN,5 ROOM,historical_mature,80,85,6,84.41666666666667,11191.148775894539,10580.197132616488,12145.069337442219
2026,QUEENSTOWN,5 ROOM,historical_mature,85,90,15,88.58333333333333,13504.273504273504,12826.938053097345,14883.449883449885
2026,QUEENSTOWN,5 ROOM,historical_mature,90,95,6,94.25,13339.99653859467,12962.962962962964,13776.479750778815
2026,QUEENSTOWN,EXECUTIVE,historical_mature,65,70,6,68.20833333333334,9422.988505747126,8394.827586206897,9507.077625570775
2026,SEMBAWANG,2 ROOM,historical_non_mature,80,85,3,83.91666666666667,8450.0,8225.0,8475.0
2026,SEMBAWANG,2 ROOM,historical_non_mature,85,90,9,88.08333333333333,7872.340425531915,7765.95744680851,8300.0
2026,SEMBAWANG,2 ROOM,historical_non_mature,90,95,58,93.08333333333333,8936.170212765957,8095.079787234043,9493.421052631578
2026,SEMBAWANG,3 ROOM,historical_non_mature,85,90,19,88.08333333333333,7426.470588235294,7096.246707638279,7487.872695346796
2026,SEMBAWANG,3 ROOM,historical_non_mature,90,95,56,91.91666666666666,7725.965759438104,7492.64705882353,8166.09964881475
2026,SEMBAWANG,4 ROOM,historical_non_mature,70,75,88,73.95833333333334,5722.222222222223,5448.8861386138615,5930.847953216375
2026,SEMBAWANG,4 ROOM,historical_non_mature,75,80,26,77.375,5961.111111111111,5743.279569892473,6108.584131326949
2026,SEMBAWANG,4 ROOM,historical_non_mature,80,85,11,83.16666666666667,6052.0,6015.735815602837,6110.3723404255325
2026,SEMBAWANG,4 ROOM,historical_non_mature,85,90,23,88.0,6548.913043478261,6297.335203366059,6639.182795698925
2026,SEMBAWANG,4 ROOM,historical_non_mature,90,95,154,92.08333333333333,7182.795698924731,6774.193548387097,7550.1720430107525
2026,SEMBAWANG,5 ROOM,historical_non_mature,70,75,114,73.83333333333333,5517.830578512397,5291.266473084655,5727.272727272727
2026,SEMBAWANG,5 ROOM,historical_non_mature,75,80,23,76.75,5363.636363636364,5227.272727272728,5590.90909090909
2026,SEMBAWANG,5 ROOM,historical_non_mature,90,95,45,91.25,7079.646017699115,6914.938053097345,7300.884955752213
2026,SEMBAWANG,EXECUTIVE,historical_non_mature,70,75,46,74.0,5622.656804134158,5243.6340335432105,6057.692307692308
2026,SENGKANG,2 ROOM,historical_non_mature,75,80,1,79.91666666666667,8636.363636363636,8636.363636363636,8636.363636363636
2026,SENGKANG,2 ROOM,historical_non_mature,80,85,1,80.0,8444.444444444445,8444.444444444445,8444.444444444445
2026,SENGKANG,2 ROOM,historical_non_mature,85,90,18,87.54166666666666,8061.702127659575,7827.012025901942,8275.347826086956
2026,SENGKANG,2 ROOM,historical_non_mature,90,95,40,93.29166666666666,8541.666666666666,8333.333333333334,9096.444568868981
2026,SENGKANG,3 ROOM,historical_non_mature,80,85,15,83.33333333333333,7698.4,7373.706004140787,8252.8115942029
2026,SENGKANG,3 ROOM,historical_non_mature,85,90,61,88.33333333333333,8000.0,7720.588235294118,8283.58208955224
2026,SENGKANG,3 ROOM,historical_non_mature,90,95,35,91.16666666666667,8014.705882352941,7800.592625109746,8213.235294117647
2026,SENGKANG,4 ROOM,historical_non_mature,70,75,138,73.45833333333334,6118.055555555556,5880.588235294117,6365.989702517162
2026,SENGKANG,4 ROOM,historical_non_mature,75,80,88,76.5,6346.014492753623,6150.679117147707,6555.555555555556
2026,SENGKANG,4 ROOM,historical_non_mature,80,85,95,82.5,8248.782608695652,7156.289893617021,8929.146953405017
2026,SENGKANG,4 ROOM,historical_non_mature,85,90,272,88.08333333333333,7031.41447368421,6720.430107526881,7392.940626460962
2026,SENGKANG,4 ROOM,historical_non_mature,90,95,88,90.91666666666667,7367.578307620383,7043.010752688172,7621.415356151711
2026,SENGKANG,5 ROOM,historical_non_mature,70,75,192,73.5,5806.631892697466,5525.367472735894,6132.378932484977
2026,SENGKANG,5 ROOM,historical_non_mature,75,80,108,76.125,5927.518427518427,5727.272727272727,6181.818181818182
2026,SENGKANG,5 ROOM,historical_non_mature,85,90,91,88.41666666666667,7168.141592920354,6889.380530973451,7687.0
2026,SENGKANG,5 ROOM,historical_non_mature,90,95,65,90.83333333333333,7433.628318584071,6902.654867256637,8427.57142857143
2026,SENGKANG,EXECUTIVE,historical_non_mature,70,75,84,73.08333333333333,6314.151497357604,6130.829554517489,6537.6004592422505
2026,SENGKANG,EXECUTIVE,historical_non_mature,75,80,14,75.70833333333334,6613.333333333334,6434.6875,6746.587301587302
2026,SERANGOON,3 ROOM,historical_mature,50,55,8,50.875,6568.921232876712,6503.90625,6611.96875
2026,SERANGOON,3 ROOM,historical_mature,55,60,62,57.875,7031.25,6648.0099502487565,7753.731343283582
2026,SERANGOON,3 ROOM,historical_mature,60,65,2,61.416666666666664,7515.024038461539,7234.0745192307695,7795.973557692308
2026,SERANGOON,4 ROOM,historical_mature,50,55,1,50.75,6408.163265306122,6408.163265306122,6408.163265306122
2026,SERANGOON,4 ROOM,historical_mature,55,60,75,58.333333333333336,7136.363636363636,6456.575682382134,7965.623327982878
2026,SERANGOON,4 ROOM,historical_mature,60,65,26,61.75,8074.16772018542,7522.5453013063625,8245.364517488411
2026,SERANGOON,4 ROOM,historical_mature,65,70,15,65.41666666666667,6163.636363636364,5960.626587005228,6523.5
2026,SERANGOON,4 ROOM,historical_mature,70,75,13,70.58333333333333,6578.88,6430.0,6708.0
2026,SERANGOON,5 ROOM,historical_mature,55,60,15,58.666666666666664,7090.909090909091,5995.4049586776855,7633.496003251592
2026,SERANGOON,5 ROOM,historical_mature,60,65,17,62.0,7739.837398373984,6557.377049180328,8099.173553719008
2026,SERANGOON,5 ROOM,historical_mature,65,70,13,65.5,6250.0,5960.0,6803.2786885245905
2026,SERANGOON,5 ROOM,historical_mature,70,75,14,70.66666666666666,7070.247933884298,6668.0672268907565,8652.173913043478
2026,SERANGOON,EXECUTIVE,historical_mature,55,60,10,58.66666666666667,7184.931506849314,6194.956140350878,8113.013698630137
2026,SERANGOON,EXECUTIVE,historical_mature,60,65,3,61.75,7945.2054794520545,7534.246575342466,8100.119518249518
2026,SERANGOON,EXECUTIVE,historical_mature,65,70,20,65.41666666666667,7384.924439574487,6947.2789115646265,7698.354325641262
2026,SERANGOON,EXECUTIVE,historical_mature,70,75,7,70.91666666666667,8368.794326241135,8181.692198581561,8587.841945288754
2026,TAMPINES,2 ROOM,historical_mature,80,85,1,81.5,9000.0,9000.0,9000.0
2026,TAMPINES,2 ROOM,historical_mature,85,90,7,87.08333333333333,9078.0,8870.259019426456,9404.055504162812
2026,TAMPINES,3 ROOM,historical_mature,50,55,2,54.833333333333336,5966.244725738397,5816.455696202532,6116.033755274262
2026,TAMPINES,3 ROOM,historical_mature,55,60,199,57.5,6575.342465753424,6278.878193261755,6950.863609291245
2026,TAMPINES,3 ROOM,historical_mature,60,65,26,60.833333333333336,6756.756756756757,6563.810810810811,6864.864864864865
2026,TAMPINES,3 ROOM,historical_mature,65,70,6,66.08333333333333,7216.216216216217,6851.351351351352,7398.648648648648
2026,TAMPINES,3 ROOM,historical_mature,85,90,22,88.125,9179.10447761194,8715.768981181052,10288.631136044882
2026,TAMPINES,3 ROOM,historical_mature,90,95,52,93.16666666666667,8978.047740835464,8634.977287475665,9191.176470588236
2026,TAMPINES,4 ROOM,historical_mature,55,60,193,57.5,6095.238095238095,5825.242718446602,6428.571428571428
2026,TAMPINES,4 ROOM,historical_mature,60,65,117,61.25,6333.333333333333,6057.692307692308,6607.142857142857
2026,TAMPINES,4 ROOM,historical_mature,65,70,81,68.83333333333333,6093.457943925234,5887.85046728972,6415.094339622641
2026,TAMPINES,4 ROOM,historical_mature,70,75,43,70.25,6494.949494949495,6300.0,6681.584158415842
2026,TAMPINES,4 ROOM,historical_mature,80,85,4,81.83333333333334,9211.95652173913,9171.195652173912,9397.432932469936
2026,TAMPINES,4 ROOM,historical_mature,85,90,64,88.16666666666667,8677.419354838708,8149.45652173913,9407.738095238095
2026,TAMPINES,4 ROOM,historical_mature,90,95,233,94.25,8279.569892473119,8043.010752688172,8602.150537634408
2026,TAMPINES,5 ROOM,historical_mature,55,60,74,57.666666666666664,5864.661654135339,5619.834710743801,6177.717019822283
2026,TAMPINES,5 ROOM,historical_mature,60,65,69,61.25,6172.131147540984,5942.622950819672,6393.44262295082
2026,TAMPINES,5 ROOM,historical_mature,65,70,108,67.41666666666666,6086.875,5885.322580645161,6507.081038552321
2026,TAMPINES,5 ROOM,historical_mature,70,75,28,70.29166666666666,6503.7,6325.20325203252,6839.285714285714
2026,TAMPINES,5 ROOM,historical_mature,80,85,22,81.91666666666667,8922.076281889365,8704.849709522608,9368.953926873259
2026,TAMPINES,5 ROOM,historical_mature,85,90,23,88.25,8662.725663716814,8227.589314978695,8961.815798098985
2026,TAMPINES,5 ROOM,historical_mature,90,95,139,94.16666666666667,8125.0,7681.41592920354,8407.079646017699
2026,TAMPINES,EXECUTIVE,historical_mature,55,60,31,58.25,6551.724137931034,6148.172501360421,6910.704225352112
2026,TAMPINES,EXECUTIVE,historical_mature,60,65,46,61.375,6969.178082191781,6712.328767123287,7349.253562563206
2026,TAMPINES,EXECUTIVE,historical_mature,65,70,54,68.54166666666666,6457.959183673469,6301.369863013699,6856.143856143856
2026,TAMPINES,EXECUTIVE,historical_mature,70,75,10,70.29166666666666,6765.9894849675875,6525.124875124875,7034.547395600576
2026,TAMPINES,MULTI-GENERATION,historical_mature,55,60,1,59.916666666666664,8361.44578313253,8361.44578313253,8361.44578313253
2026,TAMPINES,MULTI-GENERATION,historical_mature,60,65,2,60.45833333333333,6731.9277108433735,6679.21686746988,6784.638554216867
2026,TOA PAYOH,2 ROOM,historical_mature,35,40,3,39.833333333333336,6346.232558139535,6127.661733615222,6428.930232558139
2026,TOA PAYOH,2 ROOM,historical_mature,40,45,12,41.25,6875.0,6585.029069767442,7055.792682926829
2026,TOA PAYOH,2 ROOM,historical_mature,55,60,4,55.875,6750.0,6375.0,7110.46511627907
2026,TOA PAYOH,3 ROOM,historical_mature,35,40,2,39.875,5500.0,5365.384615384615,5634.615384615385
2026,TOA PAYOH,3 ROOM,historical_mature,40,45,136,42.833333333333336,5373.134328358209,5074.352502194908,5636.220326936745
2026,TOA PAYOH,3 ROOM,historical_mature,45,50,69,46.083333333333336,5323.076923076923,5121.212121212121,5675.2
2026,TOA PAYOH,3 ROOM,historical_mature,50,55,5,54.666666666666664,5846.153846153846,5454.545454545455,5969.2307692307695
2026,TOA PAYOH,3 ROOM,historical_mature,55,60,29,57.25,6959.459459459459,6268.6567164179105,7837.8378378378375
2026,TOA PAYOH,3 ROOM,historical_mature,70,75,2,71.375,10375.0,10343.75,10406.25
2026,TOA PAYOH,3 ROOM,historical_mature,85,90,4,89.5,10294.117647058823,10257.35294117647,10459.55882352941
2026,TOA PAYOH,3 ROOM,historical_mature,90,95,72,93.83333333333333,11888.235294117647,11430.14705882353,12371.323529411764
2026,TOA PAYOH,4 ROOM,historical_mature,45,50,25,47.333333333333336,5862.068965517241,5365.8536585365855,6666.666666666667
2026,TOA PAYOH,4 ROOM,historical_mature,50,55,2,50.70833333333333,5365.8536585365855,5304.878048780488,5426.829268292683
2026,TOA PAYOH,4 ROOM,historical_mature,55,60,21,57.25,6770.833333333333,6301.88679245283,7795.454545454545
2026,TOA PAYOH,4 ROOM,historical_mature,60,65,9,61.833333333333336,6394.2307692307695,6250.0,6682.692307692308
2026,TOA PAYOH,4 ROOM,historical_mature,65,70,5,69.33333333333333,8557.692307692309,8085.461538461538,9134.615384615385
2026,TOA PAYOH,4 ROOM,historical_mature,70,75,25,71.58333333333333,8662.790697674418,7905.66037735849,9188.118811881188
2026,TOA PAYOH,4 ROOM,historical_mature,75,80,24,78.625,11104.651162790698,10247.710622710623,11351.744186046511
2026,TOA PAYOH,4 ROOM,historical_mature,80,85,24,82.125,11228.852515905148,10741.396761133603,11705.986986697513
2026,TOA PAYOH,4 ROOM,historical_mature,85,90,13,85.41666666666667,11538.461538461539,9892.47311827957,12197.802197802197
2026,TOA PAYOH,4 ROOM,historical_mature,90,95,169,94.08333333333333,11698.924731182795,11161.290322580646,12365.591397849463
2026,TOA PAYOH,5 ROOM,historical_mature,40,45,4,43.625,6172.949566989302,5954.187645687645,6472.397944054561
2026,TOA PAYOH,5 ROOM,historical_mature,45,50,10,49.166666666666664,5801.844354475934,5542.735042735042,5925.213675213675
2026,TOA PAYOH,5 ROOM,historical_mature,50,55,2,50.5,5487.179487179486,5410.25641025641,5564.1025641025635
2026,TOA PAYOH,5 ROOM,historical_mature,55,60,14,58.916666666666664,7284.349593495936,6645.833333333333,7588.333333333333
2026,TOA PAYOH,5 ROOM,historical_mature,60,65,9,61.5,6735.537190082645,6639.3442622950815,6833.333333333333
2026,TOA PAYOH,5 ROOM,historical_mature,65,70,22,68.0,8320.220298977183,7290.95574513463,8817.131824955968
2026,TOA PAYOH,5 ROOM,historical_mature,70,75,14,71.5,8602.150537634408,7970.357904558784,9362.370967741936
2026,TOA PAYOH,5 ROOM,historical_mature,75,80,4,77.125,10763.636363636364,10072.727272727274,11270.2
2026,TOA PAYOH,5 ROOM,historical_mature,80,85,10,84.75,12307.692307692309,11488.162771348612,13267.543859649122
2026,TOA PAYOH,5 ROOM,historical_mature,85,90,12,85.16666666666667,12564.102564102564,12081.002331002332,13269.23076923077
2026,TOA PAYOH,5 ROOM,historical_mature,90,95,14,93.91666666666666,12212.389380530973,12039.473684210527,12831.858407079646
2026,TOA PAYOH,EXECUTIVE,historical_mature,55,60,2,59.125,6678.082191780822,6660.958904109589,6695.2054794520545
2026,TOA PAYOH,EXECUTIVE,historical_mature,60,65,7,61.583333333333336,6712.328767123287,6585.6164383561645,6773.972602739726
2026,TOA PAYOH,EXECUTIVE,historical_mature,65,70,3,65.66666666666667,8448.275862068966,8362.068965517243,8815.974665728361
2026,WOODLANDS,2 ROOM,historical_non_mature,55,60,1,57.416666666666664,6286.4,6286.4,6286.4
2026,WOODLANDS,2 ROOM,historical_non_mature,85,90,9,88.25,8085.106382978724,7872.340425531915,8138.297872340426
2026,WOODLANDS,2 ROOM,historical_non_mature,90,95,13,91.41666666666667,8085.106382978724,7914.893617021276,8404.255319148937
2026,WOODLANDS,3 ROOM,historical_non_mature,45,50,35,48.75,5076.923076923077,4882.866396761134,5223.076923076923
2026,WOODLANDS,3 ROOM,historical_non_mature,50,55,22,53.70833333333333,5290.8944399677675,4902.985074626866,5433.823529411765
2026,WOODLANDS,3 ROOM,historical_non_mature,55,60,39,57.833333333333336,5769.2307692307695,5641.471571906354,5967.803921568628
2026,WOODLANDS,3 ROOM,historical_non_mature,60,65,4,62.95833333333333,5941.013698630137,5823.630136986301,6036.13698630137
2026,WOODLANDS,3 ROOM,historical_non_mature,65,70,16,66.45833333333333,6170.427074939565,6027.397260273972,6353.948428686544
2026,WOODLANDS,3 ROOM,historical_non_mature,85,90,28,88.16666666666667,7507.462686567164,7347.014925373134,7854.477611940299
2026,WOODLANDS,3 ROOM,historical_non_mature,90,95,24,91.29166666666666,7653.588235294117,7408.088235294117,7959.558823529412
2026,WOODLANDS,4 ROOM,historical_non_mature,45,50,14,48.54166666666667,4545.454545454545,4415.277777777778,4621.527777777777
2026,WOODLANDS,4 ROOM,historical_non_mature,50,55,22,52.041666666666664,4682.459677419354,4591.836734693878,4790.415769797213
2026,WOODLANDS,4 ROOM,historical_non_mature,55,60,44,58.45833333333333,5202.102245580507,5007.318681318681,5395.185258569447
2026,WOODLANDS,4 ROOM,historical_non_mature,60,65,15,62.083333333333336,5595.238095238095,5237.467802655043,5803.571428571428
2026,WOODLANDS,4 ROOM,historical_non_mature,65,70,127,69.25,5535.714285714285,5295.631067961165,5803.225806451613
2026,WOODLANDS,4 ROOM,historical_non_mature,70,75,321,71.0,5546.3917525773195,5322.431372549019,5769.2307692307695
2026,WOODLANDS,4 ROOM,historical_non_mature,75,80,21,76.58333333333333,5944.444444444444,5722.222222222223,6010.63829787234
2026,WOODLANDS,4 ROOM,historical_non_mature,85,90,48,87.83333333333333,6591.782608695652,6195.652173913043,6940.743338008415
2026,WOODLANDS,4 ROOM,historical_non_mature,90,95,83,91.25,6989.247311827957,6693.548387096775,7311.8279569892475
2026,WOODLANDS,5 ROOM,historical_non_mature,45,50,6,48.66666666666667,4251.321138211382,4005.62851782364,4283.035714285714
2026,WOODLANDS,5 ROOM,historical_non_mature,50,55,4,50.833333333333336,4276.792855238604,4139.417894358606,4485.6612903225805
2026,WOODLANDS,5 ROOM,historical_non_mature,55,60,22,58.79166666666667,4833.983739837398,4618.563254926891,5072.3140495867765
2026,WOODLANDS,5 ROOM,historical_non_mature,60,65,11,61.416666666666664,5163.934426229508,5114.754098360656,5289.256198347108
2026,WOODLANDS,5 ROOM,historical_non_mature,65,70,71,69.08333333333333,5416.666666666667,5207.469847623966,5672.512526843235
2026,WOODLANDS,5 ROOM,historical_non_mature,70,75,227,71.25,5409.836065573771,5202.512134330316,5661.157024793389
2026,WOODLANDS,5 ROOM,historical_non_mature,75,80,35,76.41666666666667,5363.636363636364,5124.703557312253,5620.015948963317
2026,WOODLANDS,5 ROOM,historical_non_mature,85,90,18,87.91666666666666,6250.0,6071.428571428572,6519.339285714285
2026,WOODLANDS,5 ROOM,historical_non_mature,90,95,38,91.45833333333334,6796.460176991151,6429.203539823008,7196.902654867256
2026,WOODLANDS,EXECUTIVE,historical_non_mature,55,60,1,58.416666666666664,4898.648648648648,4898.648648648648,4898.648648648648
2026,WOODLANDS,EXECUTIVE,historical_non_mature,60,65,6,61.5,5820.205479452055,5726.8835616438355,5982.876712328767
2026,WOODLANDS,EXECUTIVE,historical_non_mature,65,70,96,68.0,5969.065656565657,5600.95495618839,6253.477272727273
2026,WOODLANDS,EXECUTIVE,historical_non_mature,70,75,54,71.70833333333334,6034.869976359338,5916.193181818182,6223.562056264347
2026,YISHUN,2 ROOM,historical_non_mature,70,75,2,73.70833333333334,8275.0,8262.5,8287.5
2026,YISHUN,2 ROOM,historical_non_mature,85,90,20,86.58333333333334,7500.0,7277.260638297872,7639.849290780142
2026,YISHUN,2 ROOM,historical_non_mature,90,95,19,91.58333333333333,8042.553191489362,7819.148936170212,8212.765957446809
2026,YISHUN,3 ROOM,historical_non_mature,50,55,4,52.79166666666667,5791.044776119403,5526.119402985075,5917.8007023705
2026,YISHUN,3 ROOM,historical_non_mature,55,60,164,57.916666666666664,6162.971905179982,5876.608455882353,6417.910447761194
2026,YISHUN,3 ROOM,historical_non_mature,60,65,73,60.75,6125.0,5878.378378378378,6406.25
2026,YISHUN,3 ROOM,historical_non_mature,70,75,1,71.91666666666667,7343.75,7343.75,7343.75
2026,YISHUN,3 ROOM,historical_non_mature,85,90,50,88.45833333333334,7186.567164179105,6992.537313432835,7441.184811237928
2026,YISHUN,3 ROOM,historical_non_mature,90,95,35,91.25,7279.411764705882,7125.877963125548,7509.931518876207
2026,YISHUN,4 ROOM,historical_non_mature,50,55,1,51.166666666666664,5388.888888888889,5388.888888888889,5388.888888888889
2026,YISHUN,4 ROOM,historical_non_mature,55,60,185,58.416666666666664,5500.0,5238.0952380952385,5795.698924731183
2026,YISHUN,4 ROOM,historical_non_mature,60,65,162,60.916666666666664,5442.5366300366295,5096.153846153846,5722.457136237257
2026,YISHUN,4 ROOM,historical_non_mature,65,70,12,65.875,5239.010989010989,5080.912334352701,5587.6984126984125
2026,YISHUN,4 ROOM,historical_non_mature,70,75,3,73.41666666666667,6318.681318681319,6307.692307692308,6353.785103785103
2026,YISHUN,4 ROOM,historical_non_mature,80,85,1,84.91666666666667,6086.95652173913,6086.95652173913,6086.95652173913
2026,YISHUN,4 ROOM,historical_non_mature,85,90,145,88.33333333333333,6304.347826086957,6032.608695652174,6739.130434782609
2026,YISHUN,4 ROOM,historical_non_mature,90,95,122,91.33333333333333,6548.387096774193,6308.906030855541,6734.455352968677
2026,YISHUN,5 ROOM,historical_non_mature,55,60,55,58.583333333333336,5259.259259259259,5040.502426866064,5547.283565912478
2026,YISHUN,5 ROOM,historical_non_mature,60,65,45,60.583333333333336,5438.01652892562,5154.819672131148,5661.157024793389
2026,YISHUN,5 ROOM,historical_non_mature,65,70,12,65.875,5641.660970608339,5439.990670398507,5929.582712369598
2026,YISHUN,5 ROOM,historical_non_mature,70,75,7,73.33333333333333,5625.0,5580.357142857143,5708.293114543115
2026,YISHUN,5 ROOM,historical_non_mature,85,90,57,88.5,6428.571428571428,6071.428571428572,6696.428571428572
2026,YISHUN,5 ROOM,historical_non_mature,90,95,36,91.04166666666667,6836.283185840708,6424.107142857143,6986.607142857143
2026,YISHUN,EXECUTIVE,historical_non_mature,55,60,3,58.333333333333336,5945.2054794520545,5675.305442428729,6454.084221207509
2026,YISHUN,EXECUTIVE,historical_non_mature,60,65,48,60.833333333333336,6098.546798521626,5888.330696507814,6612.364194615021
2026,YISHUN,EXECUTIVE,historical_non_mature,65,70,4,65.25,6402.4390243902435,6111.742424242424,6645.718285013039
2026,YISHUN,MULTI-GENERATION,historical_non_mature,60,65,4,60.458333333333336,7094.751192910702,6873.9837398373975,7482.082639255679
