sale_year,town,flat_type,historical_group,n,lease_min_years,lease_max_years,n_months,median_price_per_sqm,mean_price_per_sqm,sd_price_per_sqm
2017,ANG MO KIO,2 ROOM,historical_mature,23,58.833333333333336,67.91666666666667,10,5272.727272727273,5273.254281949933,351.23848785000115
2017,ANG MO KIO,3 ROOM,historical_mature,521,57.583333333333336,94.66666666666667,12,4397.260273972603,4451.443399253157,523.1283563271253
2017,ANG MO KIO,4 ROOM,historical_mature,250,57.5,94.5,12,4947.315882874889,5331.361146803107,1128.495095398967
2017,ANG MO KIO,5 ROOM,historical_mature,139,58.75,94.66666666666667,12,5661.016949152542,5921.49747516113,1082.4914054439969
2017,ANG MO KIO,EXECUTIVE,historical_mature,9,58.666666666666664,78.33333333333333,8,5310.5590062111805,5358.957203670411,360.4350263864061
2017,BEDOK,2 ROOM,historical_mature,9,59.75,68.58333333333333,6,5288.888888888889,5234.567901234568,227.19739367503723
2017,BEDOK,3 ROOM,historical_mature,489,53.583333333333336,92.25,12,4455.882352941177,4511.754097987272,425.9885189596545
2017,BEDOK,4 ROOM,historical_mature,389,56.5,92.33333333333333,12,4518.0722891566265,4737.957660013184,759.2933528447628
2017,BEDOK,5 ROOM,historical_mature,204,54.5,92.33333333333333,12,4669.565217391304,4785.211985897559,835.8450159973363
2017,BEDOK,EXECUTIVE,historical_mature,57,59.333333333333336,78.75,12,4808.219178082192,4959.138238566112,496.3377582539078
2017,BISHAN,3 ROOM,historical_mature,43,54.916666666666664,70.83333333333333,12,5781.25,5606.468317742551,980.7534815442158
2017,BISHAN,4 ROOM,historical_mature,212,55.916666666666664,93.58333333333333,12,5821.275205377147,5962.350514512264,838.1880760680198
2017,BISHAN,5 ROOM,historical_mature,151,66.5,93.66666666666667,12,6198.347107438017,6470.886347440963,992.1273269688971
2017,BISHAN,EXECUTIVE,historical_mature,39,66.91666666666667,74.91666666666667,12,6082.191780821918,6097.623738365527,492.05024492248253
2017,BISHAN,MULTI-GENERATION,historical_mature,1,68.58333333333333,68.58333333333333,1,5384.615384615385,5384.615384615385,
2017,BUKIT BATOK,3 ROOM,historical_non_mature,315,64.83333333333333,80.0,12,3985.5072463768115,3990.871922722561,261.25854441381694
2017,BUKIT BATOK,4 ROOM,historical_non_mature,288,65.66666666666667,86.91666666666667,12,4027.2108843537417,4111.633585663326,469.61225786044594
2017,BUKIT BATOK,5 ROOM,historical_non_mature,80,66.33333333333333,86.75,12,4453.742937853107,4475.390080802963,699.0331168060206
2017,BUKIT BATOK,EXECUTIVE,historical_non_mature,53,66.25,79.91666666666667,12,4387.096774193548,4433.772864072621,490.69944645899983
2017,BUKIT MERAH,1 ROOM,historical_mature,9,56.416666666666664,57.0,6,6548.387096774193,6480.286738351255,451.16465209477946
2017,BUKIT MERAH,2 ROOM,historical_mature,22,51.333333333333336,94.25,10,5731.060606060606,5882.765065270535,959.5045866672809
2017,BUKIT MERAH,3 ROOM,historical_mature,315,48.583333333333336,95.58333333333333,12,5407.407407407408,6015.901781890049,1479.1269258160075
2017,BUKIT MERAH,4 ROOM,historical_mature,315,51.666666666666664,95.66666666666667,12,7242.105263157895,7026.899965261708,1255.6627324730302
2017,BUKIT MERAH,5 ROOM,historical_mature,168,56.416666666666664,95.25,12,6259.9190986085905,6416.998739641937,998.8392519103663
2017,BUKIT PANJANG,3 ROOM,historical_non_mature,73,68.41666666666667,95.75,12,3904.109589041096,3988.0301102938397,397.16727620821314
2017,BUKIT PANJANG,4 ROOM,historical_non_mature,322,68.5,95.66666666666667,12,3850.854700854701,4019.1094113519575,698.0834359206077
2017,BUKIT PANJANG,5 ROOM,historical_non_mature,210,69.08333333333333,86.91666666666667,12,4098.729877418402,4175.295315736361,679.1152174773222
2017,BUKIT PANJANG,EXECUTIVE,historical_non_mature,89,69.08333333333333,84.83333333333333,12,4097.222222222223,4271.606721193418,677.2275907838247
2017,BUKIT TIMAH,3 ROOM,historical_mature,12,55.583333333333336,69.75,8,6124.868282402529,6162.51274866429,398.60834046356547
2017,BUKIT TIMAH,4 ROOM,historical_mature,21,55.333333333333336,71.25,11,6538.461538461538,6457.1966534347475,524.3568201425533
2017,BUKIT TIMAH,5 ROOM,historical_mature,11,55.333333333333336,71.33333333333333,8,6663.934426229508,6711.151328862394,514.9976441177364
2017,BUKIT TIMAH,EXECUTIVE,historical_mature,13,69.83333333333333,71.58333333333333,8,6331.0344827586205,6363.697900587839,279.44502163661076
2017,CENTRAL AREA,2 ROOM,historical_mature,5,52.583333333333336,64.58333333333333,5,4537.037037037037,4762.434455830682,509.11445197196974
2017,CENTRAL AREA,3 ROOM,historical_mature,79,55.25,68.75,12,6440.677966101695,6522.508298615715,991.9790154893175
2017,CENTRAL AREA,4 ROOM,historical_mature,71,55.583333333333336,93.0,12,8610.526315789473,8174.029881879848,1635.2859693037906
2017,CENTRAL AREA,5 ROOM,historical_mature,27,60.5,93.0,10,8971.96261682243,8834.640163207714,1436.926590033732
2017,CHOA CHU KANG,2 ROOM,historical_non_mature,3,92.91666666666667,93.16666666666667,2,5434.782608695652,5362.31884057971,125.5109280847012
2017,CHOA CHU KANG,3 ROOM,historical_non_mature,58,59.416666666666664,95.33333333333333,12,3783.7837837837837,3910.2820236342573,425.2531671664155
2017,CHOA CHU KANG,4 ROOM,historical_non_mature,388,59.5,95.41666666666667,12,3388.8888888888887,3459.131497325409,354.01419248520597
2017,CHOA CHU KANG,5 ROOM,historical_non_mature,254,60.083333333333336,85.33333333333333,12,3433.8842975206608,3467.9708252611135,312.0136804167171
2017,CHOA CHU KANG,EXECUTIVE,historical_non_mature,101,70.5,84.83333333333333,12,3732.876712328767,3693.064000945163,258.78117336794156
2017,CLEMENTI,2 ROOM,historical_mature,1,94.75,94.75,1,6938.775510204082,6938.775510204082,
2017,CLEMENTI,3 ROOM,historical_mature,218,59.166666666666664,95.66666666666667,12,4925.373134328358,4958.854813194589,847.6766011477473
2017,CLEMENTI,4 ROOM,historical_mature,165,59.083333333333336,95.58333333333333,12,5879.120879120879,5988.797764604032,1297.8971836351725
2017,CLEMENTI,5 ROOM,historical_mature,40,59.416666666666664,95.5,11,6107.715813598166,6285.538747788291,1130.7965542221257
2017,CLEMENTI,EXECUTIVE,historical_mature,14,65.5,66.91666666666667,7,5573.1292517006805,5574.6039198331555,328.9215788781873
2017,GEYLANG,2 ROOM,historical_mature,22,48.5,67.66666666666667,8,4862.6984126984125,4807.856368628802,409.8354415801569
2017,GEYLANG,3 ROOM,historical_mature,275,48.083333333333336,89.0,12,4515.151515151515,4694.13969943894,755.2657272839455
2017,GEYLANG,4 ROOM,historical_mature,172,50.666666666666664,93.83333333333333,12,5141.522029372497,5477.173111674283,1236.4128606358413
2017,GEYLANG,5 ROOM,historical_mature,78,57.583333333333336,88.5,11,5267.682885793121,5520.578516934131,1165.535320273674
2017,GEYLANG,EXECUTIVE,historical_mature,20,66.75,69.08333333333333,9,5382.500482346131,5269.005824289991,672.2861960774611
2017,HOUGANG,2 ROOM,historical_non_mature,7,93.75,94.33333333333333,5,5425.531914893617,5319.148936170213,248.4295019593899
2017,HOUGANG,3 ROOM,historical_non_mature,200,56.666666666666664,94.33333333333333,12,4190.182829888712,4238.197822448854,321.5999422080315
2017,HOUGANG,4 ROOM,historical_non_mature,410,57.083333333333336,85.91666666666667,12,3980.740740740741,4004.365080750984,340.5125678434711
2017,HOUGANG,5 ROOM,historical_non_mature,246,57.083333333333336,86.41666666666667,12,3981.818181818182,4099.713310708068,499.40746704085245
2017,HOUGANG,EXECUTIVE,historical_non_mature,117,65.75,81.75,12,4416.058394160584,4564.875713817534,510.06638111123067
2017,JURONG EAST,2 ROOM,historical_non_mature,4,94.91666666666667,95.66666666666667,4,5000.0,5181.840672934191,602.0556967021629
2017,JURONG EAST,3 ROOM,historical_non_mature,178,48.0,95.5,12,4091.414944356121,4104.921795829876,450.0416305667023
2017,JURONG EAST,4 ROOM,historical_non_mature,138,59.833333333333336,95.75,12,4418.5579196217495,4425.498924938439,589.6405334212196
2017,JURONG EAST,5 ROOM,historical_non_mature,103,60.333333333333336,95.5,12,4297.520661157025,4428.682530704441,735.4394524551637
2017,JURONG EAST,EXECUTIVE,historical_non_mature,34,65.66666666666667,80.83333333333333,12,4700.037285607756,4791.010181423082,774.1928439624751
2017,JURONG WEST,2 ROOM,historical_non_mature,9,59.666666666666664,90.58333333333333,6,4545.454545454545,4726.9001019001025,519.6381097792987
2017,JURONG WEST,3 ROOM,historical_non_mature,309,51.333333333333336,95.5,12,3875.0,3936.283527843765,395.3811803234414
2017,JURONG WEST,4 ROOM,historical_non_mature,656,63.583333333333336,95.5,12,3723.404255319149,3810.4104152485465,601.3093643998909
2017,JURONG WEST,5 ROOM,historical_non_mature,491,57.666666666666664,94.0,12,4000.0,3951.828699366772,526.5458456806775
2017,JURONG WEST,EXECUTIVE,historical_non_mature,155,66.33333333333333,84.5,11,3979.591836734694,4053.1161731129887,532.5735587381927
2017,KALLANG/WHAMPOA,2 ROOM,historical_mature,11,51.666666666666664,67.83333333333333,10,5333.333333333333,5353.576404438474,471.63670015657993
2017,KALLANG/WHAMPOA,3 ROOM,historical_mature,298,50.166666666666664,94.33333333333333,12,4867.032967032967,5008.879711202289,952.6371037319941
2017,KALLANG/WHAMPOA,4 ROOM,historical_mature,219,53.083333333333336,94.33333333333333,12,5706.666666666667,6015.493216919757,1300.733307574508
2017,KALLANG/WHAMPOA,5 ROOM,historical_mature,147,55.666666666666664,93.91666666666667,12,5847.457627118644,6268.739168310087,1116.1965117718491
2017,KALLANG/WHAMPOA,EXECUTIVE,historical_mature,16,65.66666666666667,76.41666666666667,9,5438.063063063063,5475.4785677479495,370.150302718799
2017,MARINE PARADE,2 ROOM,historical_mature,1,57.0,57.0,1,5534.883720930233,5534.883720930233,
2017,MARINE PARADE,3 ROOM,historical_mature,58,56.166666666666664,58.166666666666664,12,5923.076923076923,5928.726559023793,417.61545012973426
2017,MARINE PARADE,4 ROOM,historical_mature,41,56.083333333333336,58.166666666666664,12,5977.0114942528735,6024.356288271958,653.7348772079531
2017,MARINE PARADE,5 ROOM,historical_mature,24,56.416666666666664,59.0,10,6712.007504690431,6810.8777029081675,513.2999580707459
2017,PASIR RIS,3 ROOM,historical_mature,6,62.083333333333336,63.5,6,4401.515151515152,4382.034632034632,347.7749484632031
2017,PASIR RIS,4 ROOM,historical_mature,242,70.25,78.83333333333333,12,3809.5238095238096,3840.6869482670945,245.44743599864736
2017,PASIR RIS,5 ROOM,historical_mature,213,70.25,78.91666666666667,12,3795.2755905511813,3794.2213521255694,235.8193268781679
2017,PASIR RIS,EXECUTIVE,historical_mature,165,69.91666666666667,78.5,12,4121.621621621622,4158.445508175832,484.89187581322426
2017,PUNGGOL,2 ROOM,historical_non_mature,11,93.58333333333333,95.5,5,5434.782608695652,5476.921200908249,384.9062753653659
2017,PUNGGOL,3 ROOM,historical_non_mature,58,93.83333333333333,95.83333333333333,10,5173.101449275362,5167.675422821041,304.6773124755781
2017,PUNGGOL,4 ROOM,historical_non_mature,776,84.08333333333333,95.83333333333333,12,4734.04255319149,4764.614490639579,486.689084185583
2017,PUNGGOL,5 ROOM,historical_non_mature,438,83.83333333333333,95.66666666666667,12,3989.490909090909,4211.719334568122,650.6723079366211
2017,PUNGGOL,EXECUTIVE,historical_non_mature,33,84.5,86.16666666666667,10,4281.25,4271.651791958041,191.92412119242195
2017,QUEENSTOWN,2 ROOM,historical_mature,16,48.083333333333336,96.58333333333333,10,4947.916666666666,5021.071613023996,783.0314604735592
2017,QUEENSTOWN,3 ROOM,historical_mature,241,48.083333333333336,96.66666666666667,12,5423.728813559322,5864.261340330686,1283.8507625156617
2017,QUEENSTOWN,4 ROOM,historical_mature,184,52.333333333333336,96.66666666666667,12,7537.651821862348,7432.257457934375,888.4255365637518
2017,QUEENSTOWN,5 ROOM,historical_mature,79,55.833333333333336,96.5,12,6891.891891891892,7019.643506124915,973.8871272839297
2017,QUEENSTOWN,EXECUTIVE,historical_mature,7,77.0,77.66666666666667,6,6245.1612903225805,6374.551849134002,553.4762443749594
2017,SEMBAWANG,2 ROOM,historical_non_mature,2,92.41666666666667,92.75,2,5625.0,5625.0,353.5533905932738
2017,SEMBAWANG,4 ROOM,historical_non_mature,248,79.91666666666667,92.58333333333333,12,3722.8132387706855,3754.6837540227834,295.99015765822486
2017,SEMBAWANG,5 ROOM,historical_non_mature,187,79.83333333333333,87.91666666666667,12,3636.3636363636365,3643.115272563189,313.89462303632416
2017,SEMBAWANG,EXECUTIVE,historical_non_mature,88,80.0,84.83333333333333,12,3605.343511450382,3595.8730290625404,276.1807898705615
2017,SENGKANG,2 ROOM,historical_non_mature,30,88.66666666666667,95.66666666666667,11,5556.595744680852,5595.6987570742895,242.62793775987114
2017,SENGKANG,3 ROOM,historical_non_mature,62,88.66666666666667,95.41666666666667,12,5168.829764222366,5102.512775383484,292.7552002701144
2017,SENGKANG,4 ROOM,historical_non_mature,779,79.91666666666667,95.83333333333333,12,4414.893617021276,4478.114474135778,630.5889282958424
2017,SENGKANG,5 ROOM,historical_non_mature,514,79.91666666666667,95.41666666666667,12,3909.090909090909,3948.037590996811,389.71001437485
2017,SENGKANG,EXECUTIVE,historical_non_mature,149,80.0,85.25,12,4183.104,4182.435211900047,363.66654890295683
2017,SERANGOON,3 ROOM,historical_mature,100,59.416666666666664,70.66666666666667,12,4776.119402985075,4894.510185924214,605.8182323679611
2017,SERANGOON,4 ROOM,historical_mature,193,59.75,80.91666666666667,12,4821.428571428572,4817.518083057873,865.0683595680754
2017,SERANGOON,5 ROOM,historical_mature,67,66.5,81.25,11,4297.520661157025,4656.619831027805,857.0432290632747
2017,SERANGOON,EXECUTIVE,historical_mature,70,66.5,80.25,12,4753.28947368421,4978.85627657692,747.1777622664096
2017,TAMPINES,2 ROOM,historical_mature,2,94.16666666666667,95.25,2,5495.169082125603,5495.169082125603,85.3993697085201
2017,TAMPINES,3 ROOM,historical_mature,270,63.75,95.25,12,4527.027027027027,4558.129162614189,318.15222456627777
2017,TAMPINES,4 ROOM,historical_mature,510,63.75,93.91666666666667,12,4283.633841886269,4348.782905122963,504.51942196654505
2017,TAMPINES,5 ROOM,historical_mature,363,64.25,93.91666666666667,12,4322.3140495867765,4571.060426671577,915.0136662716368
2017,TAMPINES,EXECUTIVE,historical_mature,153,65.75,79.58333333333333,12,4452.054794520548,4535.614264023974,422.8647502069151
2017,TAMPINES,MULTI-GENERATION,historical_mature,1,68.75,68.75,1,5533.333333333333,5533.333333333333,
2017,TOA PAYOH,2 ROOM,historical_mature,28,48.583333333333336,65.33333333333333,12,5081.395348837209,4997.663740674419,435.54424904085556
2017,TOA PAYOH,3 ROOM,historical_mature,315,48.5,93.83333333333333,12,4552.238805970149,4705.729884048425,893.3342760419597
2017,TOA PAYOH,4 ROOM,historical_mature,230,54.583333333333336,93.91666666666667,12,5865.704772475028,6201.303357521339,1544.9341715728808
2017,TOA PAYOH,5 ROOM,historical_mature,158,50.666666666666664,94.0,12,7286.88524590164,6735.192892020235,1477.845236986301
2017,TOA PAYOH,EXECUTIVE,historical_mature,18,65.66666666666667,76.41666666666667,10,5626.824066452144,5646.671226769942,610.5350721193524
2017,WOODLANDS,2 ROOM,historical_non_mature,1,66.33333333333333,66.33333333333333,1,4177.777777777777,4177.777777777777,
2017,WOODLANDS,3 ROOM,historical_non_mature,154,55.75,95.25,12,3846.153846153846,3861.047746914213,417.5195904687288
2017,WOODLANDS,4 ROOM,historical_non_mature,723,55.916666666666664,95.66666666666667,12,3564.3564356435645,3576.016426973634,338.4412247771641
2017,WOODLANDS,5 ROOM,historical_non_mature,496,57.833333333333336,95.41666666666667,12,3454.9727848973407,3482.9194322635535,297.5495199035924
2017,WOODLANDS,EXECUTIVE,historical_non_mature,157,67.0,83.58333333333333,12,3895.3488372093025,3884.6287691642997,245.80422891609226
2017,YISHUN,2 ROOM,historical_non_mature,12,81.83333333333333,95.25,8,5153.191489361702,5163.101359338062,224.08547080407328
2017,YISHUN,3 ROOM,historical_non_mature,400,59.5,95.58333333333333,12,4059.262510974539,4088.478203445501,374.5967747557676
2017,YISHUN,4 ROOM,historical_non_mature,662,63.5,95.58333333333333,12,3750.0,3799.7256944196697,402.8888413644914
2017,YISHUN,5 ROOM,historical_non_mature,114,66.25,83.41666666666667,12,3835.666465094403,3786.268304032817,373.61762982265805
2017,YISHUN,EXECUTIVE,historical_non_mature,67,64.16666666666667,74.41666666666667,12,4041.095890410959,3995.296935632818,350.3036647191341
2017,YISHUN,MULTI-GENERATION,historical_non_mature,2,69.08333333333333,69.25,2,4259.221576824892,4259.221576824892,532.5079925654732
2018,ANG MO KIO,2 ROOM,historical_mature,14,57.666666666666664,66.08333333333333,10,4772.727272727273,4821.969696969697,365.2203022578617
2018,ANG MO KIO,3 ROOM,historical_mature,549,56.333333333333336,93.58333333333333,12,4104.477611940299,4148.611505868071,505.62775141084444
2018,ANG MO KIO,4 ROOM,historical_mature,249,56.5,93.75,12,4728.260869565217,5327.280506426263,1349.4631042546498
2018,ANG MO KIO,5 ROOM,historical_mature,181,57.583333333333336,93.58333333333333,12,5651.851851851852,5963.071428855544,1183.4440872273922
2018,ANG MO KIO,EXECUTIVE,historical_mature,21,59.333333333333336,77.25,11,5327.16049382716,5298.561817154293,410.5386259962635
2018,BEDOK,2 ROOM,historical_mature,21,58.666666666666664,67.41666666666667,11,4954.545454545455,4952.429052429053,370.16955288635444
2018,BEDOK,3 ROOM,historical_mature,490,52.666666666666664,91.25,12,4268.292682926829,4337.260535684845,459.40964467859527
2018,BEDOK,4 ROOM,historical_mature,351,55.5,91.33333333333333,12,4402.173913043478,4652.561123185311,886.6031783488115
2018,BEDOK,5 ROOM,historical_mature,207,55.416666666666664,91.25,12,4712.230215827338,4831.7530377641615,813.1333225199427
2018,BEDOK,EXECUTIVE,historical_mature,69,58.833333333333336,77.91666666666667,12,4917.808219178082,4912.401995119899,607.9644037931743
2018,BISHAN,3 ROOM,historical_mature,37,54.083333333333336,70.0,10,5477.611940298508,5420.983713093019,996.5947129702266
2018,BISHAN,4 ROOM,historical_mature,200,55.333333333333336,92.58333333333333,12,5673.139158576052,5797.829625029857,892.1730516171984
2018,BISHAN,5 ROOM,historical_mature,126,54.083333333333336,92.66666666666667,12,6033.05785123967,6272.416267872925,969.060838528706
2018,BISHAN,EXECUTIVE,historical_mature,42,65.66666666666667,73.5,11,6081.636430951499,6052.873934381126,573.0798611829268
2018,BUKIT BATOK,3 ROOM,historical_non_mature,311,64.0,78.75,12,3808.219178082192,3812.3058368780185,283.9854848108566
2018,BUKIT BATOK,4 ROOM,historical_non_mature,330,63.916666666666664,85.91666666666667,12,3904.7619047619046,3956.5850907331856,515.7203155264802
2018,BUKIT BATOK,5 ROOM,historical_non_mature,128,65.33333333333333,86.0,12,4185.997596153846,4206.6327866348365,639.6702855187605
2018,BUKIT BATOK,EXECUTIVE,historical_non_mature,72,65.08333333333333,78.91666666666667,12,4064.698259903739,4147.2327687856405,484.34857025516203
2018,BUKIT MERAH,1 ROOM,historical_mature,9,55.333333333333336,56.083333333333336,5,5806.451612903225,5939.068100358422,618.9103841358348
2018,BUKIT MERAH,2 ROOM,historical_mature,34,48.083333333333336,94.0,11,5066.666666666667,5436.638104243312,1218.957182936871
2018,BUKIT MERAH,3 ROOM,historical_mature,289,47.666666666666664,94.66666666666667,12,5170.454545454545,5605.532933580684,1448.422629744011
2018,BUKIT MERAH,4 ROOM,historical_mature,343,50.583333333333336,96.41666666666667,12,7242.105263157895,7011.544880943024,1437.1580414401255
2018,BUKIT MERAH,5 ROOM,historical_mature,199,54.083333333333336,96.5,12,6636.363636363636,6660.730854681375,1136.7390411686376
2018,BUKIT PANJANG,2 ROOM,historical_non_mature,8,94.08333333333333,95.16666666666667,6,4765.95744680851,4757.978723404254,305.3633616569558
2018,BUKIT PANJANG,3 ROOM,historical_non_mature,69,68.16666666666667,95.0,12,3863.013698630137,3979.120136021663,430.41717968499785
2018,BUKIT PANJANG,4 ROOM,historical_non_mature,328,67.41666666666667,95.16666666666667,12,3788.4615384615386,3956.653288388668,667.741752707259
2018,BUKIT PANJANG,5 ROOM,historical_non_mature,261,68.08333333333333,86.0,12,4008.4033613445376,4155.533616628065,705.0170969887647
2018,BUKIT PANJANG,EXECUTIVE,historical_non_mature,87,67.83333333333333,84.33333333333333,12,4184.397163120568,4245.274415471402,661.2994184070753
2018,BUKIT TIMAH,3 ROOM,historical_mature,9,54.5,68.75,7,5958.904109589041,5899.212371392662,427.6477294949315
2018,BUKIT TIMAH,4 ROOM,historical_mature,21,54.5,70.16666666666667,8,6483.516483516483,6437.66188653508,380.5758372165695
2018,BUKIT TIMAH,5 ROOM,historical_mature,17,54.5,70.41666666666667,10,6704.918032786885,6606.46791585025,506.73999896195903
2018,BUKIT TIMAH,EXECUTIVE,historical_mature,14,68.66666666666667,70.41666666666667,10,6407.534246575343,6520.8909283127505,410.7849170056019
2018,CENTRAL AREA,2 ROOM,historical_mature,5,51.75,63.833333333333336,5,5121.951219512195,5328.369145810471,985.1287787827722
2018,CENTRAL AREA,3 ROOM,historical_mature,73,51.916666666666664,67.0,12,6428.571428571428,6349.866384456314,1044.1792116709312
2018,CENTRAL AREA,4 ROOM,historical_mature,69,55.25,92.0,12,9042.553191489362,8317.701398372112,1921.397387392124
2018,CENTRAL AREA,5 ROOM,historical_mature,30,82.58333333333333,92.0,11,9220.684182683832,8860.817528108757,1722.4359523614453
2018,CHOA CHU KANG,2 ROOM,historical_non_mature,5,91.75,92.83333333333333,4,4978.260869565217,4886.95652173913,227.69079952654187
2018,CHOA CHU KANG,3 ROOM,historical_non_mature,58,58.5,95.41666666666667,12,3775.453535727508,3957.473255794225,474.3003632463976
2018,CHOA CHU KANG,4 ROOM,historical_non_mature,448,58.75,95.41666666666667,12,3317.3076923076924,3365.3027977798224,370.26242843742995
2018,CHOA CHU KANG,5 ROOM,historical_non_mature,310,59.166666666666664,84.25,12,3363.2697947214074,3395.6922011805527,307.7691241081414
2018,CHOA CHU KANG,EXECUTIVE,historical_non_mature,112,69.16666666666667,83.75,12,3681.5068493150684,3629.1104042820402,355.052710338657
2018,CLEMENTI,2 ROOM,historical_mature,9,59.416666666666664,94.33333333333333,8,6734.693877551021,6486.837765409194,1038.5815856035565
2018,CLEMENTI,3 ROOM,historical_mature,239,58.083333333333336,94.66666666666667,12,4597.014925373134,4702.426174917432,842.854994324167
2018,CLEMENTI,4 ROOM,historical_mature,157,58.166666666666664,94.66666666666667,12,5961.538461538462,6143.223928128564,1430.1820607684951
2018,CLEMENTI,5 ROOM,historical_mature,60,58.583333333333336,94.5,12,5550.887021475257,5815.706903441122,1133.4027863578633
2018,CLEMENTI,EXECUTIVE,historical_mature,21,59.416666666666664,66.08333333333333,10,5483.870967741936,5557.140799159105,397.2998262558432
2018,GEYLANG,2 ROOM,historical_mature,18,47.166666666666664,66.83333333333333,9,4591.111111111111,4574.070748965569,439.62342398287285
2018,GEYLANG,3 ROOM,historical_mature,189,47.166666666666664,87.91666666666667,12,4500.0,4659.669874850218,873.8409289018082
2018,GEYLANG,4 ROOM,historical_mature,156,56.166666666666664,92.91666666666667,12,5171.7032967032965,5608.274867414143,1325.0102973169664
2018,GEYLANG,5 ROOM,historical_mature,66,56.0,87.5,12,5474.908797417273,5806.207555521014,1359.5998376712585
2018,GEYLANG,EXECUTIVE,historical_mature,22,66.08333333333333,68.25,11,5176.996065725527,5047.01931466562,645.3485595931096
2018,HOUGANG,2 ROOM,historical_non_mature,7,92.41666666666667,93.16666666666667,6,5148.936170212766,5167.173252279636,250.07274373345467
2018,HOUGANG,3 ROOM,historical_non_mature,191,55.583333333333336,95.83333333333333,12,4140.625,4154.207885143869,349.22193356787346
2018,HOUGANG,4 ROOM,historical_non_mature,444,56.416666666666664,95.91666666666667,12,3888.8888888888887,3954.989680172664,411.1569933369653
2018,HOUGANG,5 ROOM,historical_non_mature,236,55.916666666666664,85.08333333333333,12,4000.0,4131.190005471461,570.3168004523372
2018,HOUGANG,EXECUTIVE,historical_non_mature,157,64.75,81.0,12,4560.810810810811,4703.427810555697,545.8853911498741
2018,JURONG EAST,2 ROOM,historical_non_mature,10,94.0,95.0,6,5166.827852998065,5292.834330439476,492.81867889501984
2018,JURONG EAST,3 ROOM,historical_non_mature,162,47.166666666666664,95.0,12,4036.98419666374,4097.948984789022,551.1625727923432
2018,JURONG EAST,4 ROOM,historical_non_mature,135,59.0,94.75,12,4285.714285714285,4314.934607616151,562.6071875045195
2018,JURONG EAST,5 ROOM,historical_non_mature,131,59.333333333333336,94.58333333333333,12,4364.406779661017,4430.425740195295,692.8802965348682
2018,JURONG EAST,EXECUTIVE,historical_non_mature,51,65.16666666666667,79.75,12,4482.758620689655,4617.552266859437,775.7983552757748
2018,JURONG WEST,2 ROOM,historical_non_mature,15,51.25,95.33333333333333,10,4687.5,4577.993650660163,551.4166001074037
2018,JURONG WEST,3 ROOM,historical_non_mature,307,51.083333333333336,95.25,12,3644.0677966101694,3745.0703988457644,488.72845093920813
2018,JURONG WEST,4 ROOM,historical_non_mature,610,62.583333333333336,95.41666666666667,12,3628.3185840707965,3713.4169405932394,622.6339880182801
2018,JURONG WEST,5 ROOM,historical_non_mature,521,56.833333333333336,95.25,12,3760.3305785123966,3771.5421548386894,556.4564118265208
2018,JURONG WEST,EXECUTIVE,historical_non_mature,169,65.25,83.33333333333333,12,4028.776978417266,3980.8999335676785,474.40413523832586
2018,KALLANG/WHAMPOA,2 ROOM,historical_mature,9,50.5,67.41666666666667,6,5000.0,4964.043209876543,441.5577064913096
2018,KALLANG/WHAMPOA,3 ROOM,historical_mature,292,49.166666666666664,93.41666666666667,12,4633.249641319942,4848.32023967128,1011.6230730336137
2018,KALLANG/WHAMPOA,4 ROOM,historical_mature,202,52.666666666666664,93.16666666666667,12,5710.084033613446,6073.533939992221,1363.0666678023422
2018,KALLANG/WHAMPOA,5 ROOM,historical_mature,110,54.583333333333336,92.08333333333333,12,5902.640975129278,6407.226575804734,1488.4264490110315
2018,KALLANG/WHAMPOA,EXECUTIVE,historical_mature,13,64.91666666666667,75.91666666666667,8,5133.333333333333,5194.51942458205,568.682582224947
2018,MARINE PARADE,2 ROOM,historical_mature,1,55.916666666666664,55.916666666666664,1,4285.714285714285,4285.714285714285,
2018,MARINE PARADE,3 ROOM,historical_mature,65,55.166666666666664,57.083333333333336,12,5769.2307692307695,5805.343668172418,540.040706883012
2018,MARINE PARADE,4 ROOM,historical_mature,38,55.166666666666664,57.333333333333336,11,6022.727272727273,6076.847516374851,489.6055688294292
2018,MARINE PARADE,5 ROOM,historical_mature,36,55.416666666666664,57.916666666666664,10,6833.333333333333,6842.4573514599,642.9598228965875
2018,PASIR RIS,3 ROOM,historical_mature,7,60.666666666666664,62.5,5,4459.459459459459,4242.092451047675,423.88727205459503
2018,PASIR RIS,4 ROOM,historical_mature,226,68.91666666666667,77.83333333333333,12,3855.1769331585847,3847.020961657005,238.74440490040683
2018,PASIR RIS,5 ROOM,historical_mature,193,69.16666666666667,77.66666666666667,12,3786.8852459016393,3817.7241159074692,317.7827286166515
2018,PASIR RIS,EXECUTIVE,historical_mature,199,69.16666666666667,77.5,12,4195.804195804196,4247.297607582956,498.4828573633009
2018,PUNGGOL,2 ROOM,historical_non_mature,27,93.08333333333333,95.75,10,5531.914893617021,5561.698240997703,241.435720062379
2018,PUNGGOL,3 ROOM,historical_non_mature,125,92.58333333333333,95.66666666666667,12,5114.285714285715,5120.845711304382,343.5051232170611
2018,PUNGGOL,4 ROOM,historical_non_mature,858,82.91666666666667,95.83333333333333,12,4787.234042553191,4829.534449219467,518.1604299462308
2018,PUNGGOL,5 ROOM,historical_non_mature,477,82.83333333333333,95.83333333333333,12,3936.3636363636365,4252.0254761308315,733.6379361144676
2018,PUNGGOL,EXECUTIVE,historical_non_mature,50,83.5,85.33333333333333,11,4224.759615384615,4229.338940071556,233.47927347558866
2018,QUEENSTOWN,2 ROOM,historical_mature,16,47.166666666666664,95.58333333333333,9,4510.869565217392,5369.617011640456,1605.9766367285833
2018,QUEENSTOWN,3 ROOM,historical_mature,288,47.083333333333336,95.91666666666667,12,5230.7692307692305,5794.065475281573,1483.7811650299132
2018,QUEENSTOWN,4 ROOM,historical_mature,219,49.166666666666664,96.08333333333333,12,7768.421052631579,7521.847114370987,1182.7752738664735
2018,QUEENSTOWN,5 ROOM,historical_mature,88,50.916666666666664,95.91666666666667,12,7235.845295055821,7211.941286153964,1099.0793943733447
2018,QUEENSTOWN,EXECUTIVE,historical_mature,10,75.83333333333333,76.75,7,6732.876712328767,6774.823949360191,684.9710505339673
2018,SEMBAWANG,2 ROOM,historical_non_mature,4,91.41666666666667,95.41666666666667,3,5375.0,5335.597826086956,78.80434782608704
2018,SEMBAWANG,3 ROOM,historical_non_mature,5,95.41666666666667,95.66666666666667,3,4223.880597014925,4301.492537313433,161.23548389022562
2018,SEMBAWANG,4 ROOM,historical_non_mature,262,78.83333333333333,95.58333333333333,12,3567.892503536068,3606.5646864690243,303.2708941696289
2018,SEMBAWANG,5 ROOM,historical_non_mature,223,79.0,86.66666666666667,12,3454.5454545454545,3505.086702162482,298.6178653140502
2018,SEMBAWANG,EXECUTIVE,historical_non_mature,92,78.83333333333333,83.83333333333333,12,3576.923076923077,3611.6667765344464,297.38179740767055
2018,SENGKANG,2 ROOM,historical_non_mature,40,87.66666666666667,95.83333333333333,12,5212.765957446809,5196.059785762341,332.659358826709
2018,SENGKANG,3 ROOM,historical_non_mature,111,88.0,96.08333333333333,12,4926.470588235294,4904.567752608055,358.73654380818937
2018,SENGKANG,4 ROOM,historical_non_mature,780,79.16666666666667,96.0,12,4333.333333333333,4422.930173341241,633.4339949381475
2018,SENGKANG,5 ROOM,historical_non_mature,565,79.0,96.25,12,3900.900900900901,3973.602369738441,457.865499967596
2018,SENGKANG,EXECUTIVE,historical_non_mature,145,79.0,84.16666666666667,12,4224.0,4224.998328774952,343.88298078336186
2018,SERANGOON,2 ROOM,historical_mature,4,58.5,59.416666666666664,4,4816.681818181818,4851.522727272727,336.27380762030816
2018,SERANGOON,3 ROOM,historical_mature,88,58.416666666666664,69.58333333333333,12,4649.2756849315065,4711.308229671191,734.8932761001653
2018,SERANGOON,4 ROOM,historical_mature,189,58.5,80.25,12,4877.551020408163,4799.579492928877,965.953790309583
2018,SERANGOON,5 ROOM,historical_mature,94,65.66666666666667,80.33333333333333,12,4170.110192837466,4486.408001188054,859.1231845992909
2018,SERANGOON,EXECUTIVE,historical_mature,85,65.16666666666667,79.41666666666667,12,4659.863945578231,5016.546513930424,790.9462373647762
2018,TAMPINES,2 ROOM,historical_mature,13,92.33333333333333,94.83333333333333,6,5844.444444444444,5874.730583426236,133.16671200814193
2018,TAMPINES,3 ROOM,historical_mature,265,62.75,95.08333333333333,12,4567.5675675675675,4616.714912653667,358.9639873640639
2018,TAMPINES,4 ROOM,historical_mature,488,62.75,91.91666666666667,12,4283.090152565881,4312.725407880489,489.7027202837961
2018,TAMPINES,5 ROOM,historical_mature,406,62.916666666666664,92.16666666666667,12,4288.018433179723,4472.835121474453,797.188849609336
2018,TAMPINES,EXECUTIVE,historical_mature,190,64.5,78.33333333333333,12,4600.868725868726,4673.283677214951,469.4375211368113
2018,TAMPINES,MULTI-GENERATION,historical_mature,6,67.83333333333333,68.33333333333333,3,5226.907630522088,5403.340635268346,422.45259271772306
2018,TOA PAYOH,2 ROOM,historical_mature,15,47.666666666666664,64.5,9,4767.441860465116,4825.923893480987,482.57772593624924
2018,TOA PAYOH,3 ROOM,historical_mature,299,47.666666666666664,93.16666666666667,12,4123.076923076923,4281.455709118877,947.7609914269411
2018,TOA PAYOH,4 ROOM,historical_mature,229,53.583333333333336,93.33333333333333,12,6184.210526315789,6365.584210116486,1663.3261318373343
2018,TOA PAYOH,5 ROOM,historical_mature,171,53.333333333333336,93.41666666666667,12,7168.141592920354,6892.627032348604,1404.1446391091522
2018,TOA PAYOH,EXECUTIVE,historical_mature,15,64.58333333333333,75.58333333333333,10,5372.670807453416,5419.605304979605,539.1580187311607
2018,WOODLANDS,2 ROOM,historical_non_mature,3,65.66666666666667,66.58333333333333,3,4222.222222222223,4222.222222222223,222.2222222222225
2018,WOODLANDS,3 ROOM,historical_non_mature,206,54.583333333333336,95.91666666666667,12,3700.7462686567164,3842.5683117485855,565.1537585043762
2018,WOODLANDS,4 ROOM,historical_non_mature,809,54.583333333333336,95.75,12,3373.4939759036147,3462.2289877995995,452.1141534689392
2018,WOODLANDS,5 ROOM,historical_non_mature,471,56.333333333333336,94.83333333333333,12,3401.6393442622953,3401.7056988202,317.1253416241619
2018,WOODLANDS,EXECUTIVE,historical_non_mature,174,66.83333333333333,82.33333333333333,12,3813.6160714285716,3801.218299642685,283.4500879896924
2018,YISHUN,2 ROOM,historical_non_mature,8,81.41666666666667,94.33333333333333,6,4833.333333333334,4903.125,203.40296914534665
2018,YISHUN,3 ROOM,historical_non_mature,395,58.25,94.58333333333333,12,3835.6164383561645,3884.201972061877,381.83650810421136
2018,YISHUN,4 ROOM,historical_non_mature,628,59.083333333333336,96.16666666666667,12,3630.9523809523807,3673.4374423170702,461.8241596626754
2018,YISHUN,5 ROOM,historical_non_mature,180,63.416666666666664,96.08333333333333,12,3639.320029563932,3745.8294392075995,570.7298570910499
2018,YISHUN,EXECUTIVE,historical_non_mature,66,66.33333333333333,73.33333333333333,12,3824.70477090222,3895.9808753618186,359.9101030681759
2018,YISHUN,MULTI-GENERATION,historical_non_mature,9,68.08333333333333,68.66666666666667,7,4573.170731707317,4532.421740966612,230.22634879159696
2019,ANG MO KIO,2 ROOM,historical_mature,16,56.833333333333336,65.91666666666667,10,4325.757575757576,4410.321969696969,283.66272820274537
2019,ANG MO KIO,3 ROOM,historical_mature,523,55.333333333333336,95.0,12,3910.958904109589,3970.2666366625795,447.6962959046284
2019,ANG MO KIO,4 ROOM,historical_mature,271,55.5,92.66666666666667,12,4293.478260869565,4806.88932712283,1238.1520385506487
2019,ANG MO KIO,5 ROOM,historical_mature,138,56.666666666666664,92.58333333333333,12,5172.268907563025,5597.899361093501,1253.5522251425614
2019,ANG MO KIO,EXECUTIVE,historical_mature,6,56.333333333333336,76.25,3,4818.930258796981,4863.651043098291,419.635313121241
2019,BEDOK,2 ROOM,historical_mature,17,57.583333333333336,66.25,10,4666.666666666667,4691.717171717172,321.104341154673
2019,BEDOK,3 ROOM,historical_mature,512,51.583333333333336,93.83333333333333,12,4085.3658536585367,4156.575109311141,521.357316454293
2019,BEDOK,4 ROOM,historical_mature,366,54.416666666666664,93.83333333333333,12,4255.434782608696,4575.15365349308,1032.7875021789284
2019,BEDOK,5 ROOM,historical_mature,206,54.416666666666664,93.75,12,4547.256097560976,4654.9735548771,868.232035494636
2019,BEDOK,EXECUTIVE,historical_mature,46,58.916666666666664,76.83333333333333,12,4817.747835497836,4833.865734573243,575.145341249658
2019,BISHAN,3 ROOM,historical_mature,42,52.833333333333336,68.25,11,5859.375,5674.560952437805,771.3087595595234
2019,BISHAN,4 ROOM,historical_mature,202,53.583333333333336,91.66666666666667,12,5520.940906483075,5582.0304377603925,859.3340609053602
2019,BISHAN,5 ROOM,historical_mature,129,53.083333333333336,91.58333333333333,12,5939.849624060151,6094.260094323996,893.4901038248781
2019,BISHAN,EXECUTIVE,historical_mature,40,64.83333333333333,72.58333333333333,10,5922.146118721461,5924.405845942444,498.5805925077766
2019,BISHAN,MULTI-GENERATION,historical_mature,4,66.58333333333333,67.66666666666667,4,5675.324675324675,5671.726529880376,153.04765587018537
2019,BUKIT BATOK,3 ROOM,historical_non_mature,285,63.0,77.66666666666667,12,3671.2328767123286,3692.6423345076296,254.88390318599198
2019,BUKIT BATOK,4 ROOM,historical_non_mature,367,62.833333333333336,85.08333333333333,12,3681.3186813186812,3782.8444848275176,550.9253257503877
2019,BUKIT BATOK,5 ROOM,historical_non_mature,133,63.75,85.16666666666667,12,4214.876033057852,4179.520801612574,595.8663080539307
2019,BUKIT BATOK,EXECUTIVE,historical_non_mature,89,63.916666666666664,77.91666666666667,12,4143.835616438356,4170.512640238303,480.69176472423027
2019,BUKIT MERAH,1 ROOM,historical_mature,11,54.583333333333336,55.166666666666664,6,5589.290322580645,5672.340175953079,245.71057158215467
2019,BUKIT MERAH,2 ROOM,historical_mature,28,47.25,93.0,10,4944.444444444444,5326.055068797208,1360.7408372706152
2019,BUKIT MERAH,3 ROOM,historical_mature,303,46.833333333333336,95.08333333333333,12,4800.0,5408.283262479989,1626.7755398229172
2019,BUKIT MERAH,4 ROOM,historical_mature,324,49.75,95.83333333333333,12,7333.333333333333,6950.288728670687,1529.3921804165475
2019,BUKIT MERAH,5 ROOM,historical_mature,214,54.0,96.0,12,6599.2992116130645,6536.451637873022,1249.987882463477
2019,BUKIT PANJANG,2 ROOM,historical_non_mature,19,93.16666666666667,95.41666666666667,9,5063.829787234043,4973.097424412094,289.60338939405256
2019,BUKIT PANJANG,3 ROOM,historical_non_mature,114,66.75,95.58333333333333,12,4428.927129060579,4294.887712068925,497.5409576255598
2019,BUKIT PANJANG,4 ROOM,historical_non_mature,415,66.16666666666667,95.41666666666667,12,4139.784946236559,4119.190693588005,702.0364616736571
2019,BUKIT PANJANG,5 ROOM,historical_non_mature,293,67.5,95.83333333333333,12,4173.553719008264,4156.893186846442,736.9224294147639
2019,BUKIT PANJANG,EXECUTIVE,historical_non_mature,96,67.0,83.16666666666667,12,4206.8588280060885,4343.109746505622,675.3813051815855
2019,BUKIT TIMAH,3 ROOM,historical_mature,10,53.333333333333336,56.0,4,5960.526315789473,6058.686014464673,279.5873834468222
2019,BUKIT TIMAH,4 ROOM,historical_mature,28,53.416666666666664,69.16666666666667,12,6394.2307692307695,6346.063817402501,405.07758538306723
2019,BUKIT TIMAH,5 ROOM,historical_mature,18,53.5,69.33333333333333,9,6651.639344262296,6605.841900932832,309.0711344663971
2019,BUKIT TIMAH,EXECUTIVE,historical_mature,15,67.66666666666667,69.41666666666667,10,6630.13698630137,6536.707031172785,286.1041591085067
2019,CENTRAL AREA,2 ROOM,historical_mature,6,50.75,61.916666666666664,6,4339.622641509434,4305.968489930754,214.96624781703184
2019,CENTRAL AREA,3 ROOM,historical_mature,75,53.083333333333336,65.91666666666667,12,6607.142857142857,6420.934722985021,987.7234861390665
2019,CENTRAL AREA,4 ROOM,historical_mature,83,54.0,91.0,12,8109.756097560976,8059.3987594691625,2078.619068857811
2019,CENTRAL AREA,5 ROOM,historical_mature,23,62.916666666666664,91.0,10,9523.809523809523,8707.020022893588,2073.393724105749
2019,CHOA CHU KANG,2 ROOM,historical_non_mature,9,91.25,95.08333333333333,7,4893.617021276596,4921.471888169391,191.28211134405058
2019,CHOA CHU KANG,3 ROOM,historical_non_mature,49,58.166666666666664,95.08333333333333,12,3904.109589041096,4055.530853942828,517.3834167790565
2019,CHOA CHU KANG,4 ROOM,historical_non_mature,427,57.416666666666664,95.58333333333333,12,3300.0,3400.2979497859205,443.87781122046215
2019,CHOA CHU KANG,5 ROOM,historical_non_mature,319,58.166666666666664,83.58333333333333,12,3346.7741935483873,3383.837236179477,316.09913639650586
2019,CHOA CHU KANG,EXECUTIVE,historical_non_mature,119,68.33333333333333,82.83333333333333,12,3687.074829931973,3656.487462762556,398.68244318879056
2019,CLEMENTI,2 ROOM,historical_mature,6,58.833333333333336,93.66666666666667,5,5635.43599257885,5771.508967223253,1120.5429105860198
2019,CLEMENTI,3 ROOM,historical_mature,237,57.25,93.66666666666667,12,4298.507462686567,4484.964663571372,865.5570876633557
2019,CLEMENTI,4 ROOM,historical_mature,157,57.333333333333336,93.75,12,5274.725274725275,5695.850050117647,1463.057710482122
2019,CLEMENTI,5 ROOM,historical_mature,61,57.25,93.33333333333333,12,5462.18487394958,5783.6199460825,1111.531951868945
2019,CLEMENTI,EXECUTIVE,historical_mature,18,58.583333333333336,65.16666666666667,9,5369.934640522875,5367.879899388922,431.4111172636139
2019,GEYLANG,2 ROOM,historical_mature,24,46.916666666666664,65.41666666666667,11,4373.913043478261,4345.641674825193,347.23657423303416
2019,GEYLANG,3 ROOM,historical_mature,243,46.083333333333336,87.0,12,4253.731343283582,4440.54473778801,878.8204527700724
2019,GEYLANG,4 ROOM,historical_mature,185,51.083333333333336,92.0,12,5054.945054945055,5500.73828188166,1350.9544489670755
2019,GEYLANG,5 ROOM,historical_mature,59,55.666666666666664,85.16666666666667,11,5406.779661016949,5670.0839013687,1248.8278388466356
2019,GEYLANG,EXECUTIVE,historical_mature,25,64.91666666666667,67.33333333333333,12,4760.273972602739,4809.357410281166,552.9883936469985
2019,HOUGANG,2 ROOM,historical_non_mature,6,91.41666666666667,94.66666666666667,5,4808.510638297872,4680.851063829788,300.5954555310532
2019,HOUGANG,3 ROOM,historical_non_mature,211,54.75,95.25,12,4059.7014925373132,4146.862499365781,502.5080578157441
2019,HOUGANG,4 ROOM,historical_non_mature,447,55.083333333333336,95.41666666666667,12,3932.5842696629215,4079.8340279251843,561.9519915157159
2019,HOUGANG,5 ROOM,historical_non_mature,205,62.416666666666664,95.25,12,4066.6666666666665,4250.371084582279,661.1230112367065
2019,HOUGANG,EXECUTIVE,historical_non_mature,98,63.5,79.25,12,4598.589800883858,4696.594229394831,554.301074689669
2019,JURONG EAST,2 ROOM,historical_non_mature,20,92.75,94.16666666666667,11,5405.947775628627,5387.656875534164,341.41317345037425
2019,JURONG EAST,3 ROOM,historical_non_mature,156,46.083333333333336,94.16666666666667,12,3823.529411764706,3895.191523834885,529.588687486682
2019,JURONG EAST,4 ROOM,historical_non_mature,149,58.083333333333336,93.66666666666667,12,4081.6326530612246,4062.843069301018,581.4492053813317
2019,JURONG EAST,5 ROOM,historical_non_mature,126,58.416666666666664,93.58333333333333,12,4204.545454545454,4208.25034848315,755.0631466212421
2019,JURONG EAST,EXECUTIVE,historical_non_mature,49,62.75,80.0,12,4127.51677852349,4445.377719672417,797.2662779160345
2019,JURONG WEST,2 ROOM,historical_non_mature,19,57.75,93.83333333333333,8,4680.851063829788,4534.8206903212495,333.792152310243
2019,JURONG WEST,3 ROOM,historical_non_mature,331,49.75,94.83333333333333,12,3600.0,3720.2217025139826,608.5263036483111
2019,JURONG WEST,4 ROOM,historical_non_mature,607,62.0,95.83333333333333,12,3645.9607843137255,3740.1148903520793,694.7170138772198
2019,JURONG WEST,5 ROOM,historical_non_mature,545,56.0,95.16666666666667,12,3818.181818181818,3808.1038186896303,607.6333883262657
2019,JURONG WEST,EXECUTIVE,historical_non_mature,201,61.75,82.83333333333333,12,3787.878787878788,3841.6110879782404,445.8023698983032
2019,KALLANG/WHAMPOA,2 ROOM,historical_mature,15,49.583333333333336,65.75,9,4479.166666666667,4571.8843193843195,556.0792488659868
2019,KALLANG/WHAMPOA,3 ROOM,historical_mature,246,48.166666666666664,92.16666666666667,12,4851.843722563652,5135.309130190261,1266.831865324983
2019,KALLANG/WHAMPOA,4 ROOM,historical_mature,209,51.583333333333336,92.5,12,5809.523809523809,6097.536476388407,1427.4176456139905
2019,KALLANG/WHAMPOA,5 ROOM,historical_mature,117,51.583333333333336,90.91666666666667,12,5821.428571428572,6245.063536950649,1439.813295107174
2019,KALLANG/WHAMPOA,EXECUTIVE,historical_mature,13,63.833333333333336,74.91666666666667,9,5243.055555555556,5326.727811588053,684.3091604117142
2019,MARINE PARADE,3 ROOM,historical_mature,70,54.083333333333336,56.25,12,5280.96479791395,5332.154555708133,583.4082454449059
2019,MARINE PARADE,4 ROOM,historical_mature,26,54.166666666666664,56.916666666666664,10,5805.49593495935,5754.117919506903,414.52733046423225
2019,MARINE PARADE,5 ROOM,historical_mature,29,54.083333333333336,56.916666666666664,12,6622.950819672131,6506.802777501689,704.7910038143945
2019,PASIR RIS,2 ROOM,historical_mature,2,94.58333333333333,94.75,2,5478.723404255319,5478.723404255319,15.044825131628699
2019,PASIR RIS,3 ROOM,historical_mature,14,59.75,94.91666666666667,4,5441.176470588235,4926.438282232839,1029.6568186363756
2019,PASIR RIS,4 ROOM,historical_mature,229,67.83333333333333,95.08333333333333,12,3878.504672897196,4097.682631964429,669.6972049706814
2019,PASIR RIS,5 ROOM,historical_mature,193,68.16666666666667,95.0,12,3852.4590163934427,3969.400933281381,532.3391507525522
2019,PASIR RIS,EXECUTIVE,historical_mature,147,68.08333333333333,76.41666666666667,12,4246.575342465753,4255.3808788537135,464.60640601274883
2019,PUNGGOL,2 ROOM,historical_non_mature,40,91.58333333333333,94.91666666666667,12,5326.086956521739,5344.04347826087,274.5720903076634
2019,PUNGGOL,3 ROOM,historical_non_mature,112,91.58333333333333,95.91666666666667,12,5253.731343283582,5226.870439197968,290.1498352263103
2019,PUNGGOL,4 ROOM,historical_non_mature,648,82.0,95.83333333333333,12,4945.652173913043,4956.012929480425,560.0610824084403
2019,PUNGGOL,5 ROOM,historical_non_mature,336,81.91666666666667,95.83333333333333,12,4218.899521531101,4591.771651426922,886.0365206666208
2019,PUNGGOL,EXECUTIVE,historical_non_mature,24,82.5,84.16666666666667,10,4217.067307692308,4225.254567307692,217.86315676495778
2019,QUEENSTOWN,2 ROOM,historical_mature,19,46.416666666666664,94.91666666666667,9,4651.162790697675,5565.702445703283,1677.6520143280443
2019,QUEENSTOWN,3 ROOM,historical_mature,262,46.083333333333336,95.16666666666667,12,4968.407960199005,5552.377957926236,1619.376305914755
2019,QUEENSTOWN,4 ROOM,historical_mature,193,46.25,95.08333333333333,12,7810.526315789473,7489.855821040782,1269.7110565546782
2019,QUEENSTOWN,5 ROOM,historical_mature,86,54.083333333333336,94.41666666666667,12,7012.676865618042,7073.517725740662,1097.707584804305
2019,QUEENSTOWN,EXECUTIVE,historical_mature,3,73.0,75.25,2,7244.897959183673,6915.14885524102,1110.211058329041
2019,SEMBAWANG,2 ROOM,historical_non_mature,35,90.75,95.33333333333333,11,4869.565217391304,4836.150389850668,234.98330390406556
2019,SEMBAWANG,3 ROOM,historical_non_mature,54,94.33333333333333,95.41666666666667,12,4313.432835820895,4294.763437713394,175.16231951612576
2019,SEMBAWANG,4 ROOM,historical_non_mature,287,78.0,95.5,12,3666.6666666666665,3734.99314593428,361.0903606268753
2019,SEMBAWANG,5 ROOM,historical_non_mature,182,78.25,86.0,12,3535.8545454545456,3541.6356739808975,286.1332261809662
2019,SEMBAWANG,EXECUTIVE,historical_non_mature,85,78.0,82.16666666666667,12,3587.7862595419847,3608.5133362735355,283.7859609486052
2019,SENGKANG,2 ROOM,historical_non_mature,38,86.91666666666667,95.66666666666667,11,5106.382978723404,5149.219397096727,410.4370768429553
2019,SENGKANG,3 ROOM,historical_non_mature,157,87.41666666666667,95.66666666666667,12,5044.776119402985,5082.443660265234,472.6610764665821
2019,SENGKANG,4 ROOM,historical_non_mature,935,78.16666666666667,95.91666666666667,12,4516.129032258064,4604.9900272843315,731.705249900956
2019,SENGKANG,5 ROOM,historical_non_mature,557,78.08333333333333,95.83333333333333,12,4090.909090909091,4327.186831675365,778.9038432905194
2019,SENGKANG,EXECUTIVE,historical_non_mature,108,78.08333333333333,83.33333333333333,12,4353.552,4353.903637372386,353.1225984358167
2019,SERANGOON,2 ROOM,historical_mature,2,58.083333333333336,58.333333333333336,2,4715.90909090909,4715.90909090909,241.05912994995913
2019,SERANGOON,3 ROOM,historical_mature,95,57.5,68.66666666666667,12,4552.238805970149,4708.642609283665,739.0415857303082
2019,SERANGOON,4 ROOM,historical_mature,195,63.583333333333336,79.25,12,4642.857142857143,4729.440110640394,931.3022005562252
2019,SERANGOON,5 ROOM,historical_mature,84,62.75,79.33333333333333,12,4496.160603891456,4781.679400351848,871.8838529731523
2019,SERANGOON,EXECUTIVE,historical_mature,61,64.66666666666667,78.5,12,4761.9047619047615,5057.444582403136,837.6898267114727
2019,TAMPINES,2 ROOM,historical_mature,15,88.91666666666667,95.25,8,5777.777777777777,5725.968410593758,335.93236816982864
2019,TAMPINES,3 ROOM,historical_mature,320,61.25,95.91666666666667,12,4554.600415643303,4756.229355038204,750.4612182075119
2019,TAMPINES,4 ROOM,historical_mature,586,61.666666666666664,95.33333333333333,12,4230.7692307692305,4468.842996312568,861.349142530292
2019,TAMPINES,5 ROOM,historical_mature,369,63.666666666666664,95.41666666666667,12,4221.311475409836,4535.766408246066,971.0283513711054
2019,TAMPINES,EXECUTIVE,historical_mature,121,63.75,77.25,12,4589.041095890411,4615.003614652766,414.8471367748286
2019,TAMPINES,MULTI-GENERATION,historical_mature,2,67.25,67.33333333333333,2,5090.361445783133,5090.361445783133,42.59679404738246
2019,TOA PAYOH,2 ROOM,historical_mature,19,46.5,62.5,8,4477.272727272727,4599.3320021924665,544.4848176983353
2019,TOA PAYOH,3 ROOM,historical_mature,318,46.5,92.08333333333333,12,3823.529411764706,4003.7561917545136,817.5909917036962
2019,TOA PAYOH,4 ROOM,historical_mature,212,52.583333333333336,92.41666666666667,12,5571.428571428572,6046.153295988176,1925.2167502134353
2019,TOA PAYOH,5 ROOM,historical_mature,138,53.25,92.33333333333333,12,6485.250737463127,6377.505206219568,1615.663645459712
2019,TOA PAYOH,EXECUTIVE,historical_mature,19,63.25,68.75,10,4917.808219178082,4845.13372610044,408.4343331038249
2019,WOODLANDS,2 ROOM,historical_non_mature,29,64.08333333333333,95.5,12,4787.234042553191,4715.659248389989,289.3779741986565
2019,WOODLANDS,3 ROOM,historical_non_mature,226,53.583333333333336,95.5,12,3630.1369863013697,3769.7464172392333,645.0842302820059
2019,WOODLANDS,4 ROOM,historical_non_mature,795,54.083333333333336,95.41666666666667,12,3392.8571428571427,3506.8690895454074,480.2398751622817
2019,WOODLANDS,5 ROOM,historical_non_mature,551,55.75,95.91666666666667,12,3347.4576271186443,3376.4781990245942,357.0955039796545
2019,WOODLANDS,EXECUTIVE,historical_non_mature,193,60.75,81.58333333333333,12,3838.0281690140846,3807.8978691992556,274.3310736356516
2019,YISHUN,2 ROOM,historical_non_mature,30,79.83333333333333,95.66666666666667,11,4789.4503546099295,4838.9706855791965,260.94829294247216
2019,YISHUN,3 ROOM,historical_non_mature,458,57.75,95.83333333333333,12,3835.6164383561645,3973.0570414844988,564.8050674681022
2019,YISHUN,4 ROOM,historical_non_mature,885,57.5,95.83333333333333,12,3763.440860215054,3932.7924068361694,805.4540779644101
2019,YISHUN,5 ROOM,historical_non_mature,316,63.916666666666664,95.83333333333333,12,4017.8571428571427,4086.0562972251646,765.8890280602867
2019,YISHUN,EXECUTIVE,historical_non_mature,93,63.833333333333336,72.25,12,3767.123287671233,3848.2513725957556,352.45434612248414
2019,YISHUN,MULTI-GENERATION,historical_non_mature,8,67.33333333333333,67.83333333333333,6,4531.446540880503,4566.225955374648,101.50867548758936
2020,ANG MO KIO,2 ROOM,historical_mature,16,55.5,64.66666666666667,7,4584.595959595959,4661.142676767677,198.18587405367938
2020,ANG MO KIO,3 ROOM,historical_mature,503,54.416666666666664,94.91666666666667,12,4007.4626865671644,4145.892104799261,687.8178914193129
2020,ANG MO KIO,4 ROOM,historical_mature,301,54.416666666666664,91.66666666666667,12,4347.826086956522,4853.371386294689,1266.9849497937616
2020,ANG MO KIO,5 ROOM,historical_mature,162,55.833333333333336,91.41666666666667,12,5242.326549548436,5608.6389805764675,1352.7392951482805
2020,ANG MO KIO,EXECUTIVE,historical_mature,15,55.416666666666664,74.75,7,5302.013422818792,5185.399334770253,514.340259427976
2020,BEDOK,2 ROOM,historical_mature,22,56.666666666666664,95.66666666666667,8,4777.777777777777,4789.963952874979,285.1467328963306
2020,BEDOK,3 ROOM,historical_mature,551,50.583333333333336,95.33333333333333,12,4109.58904109589,4261.64417627852,748.389689521194
2020,BEDOK,4 ROOM,historical_mature,461,53.416666666666664,95.58333333333333,12,4293.478260869565,4806.163047976063,1259.2286394496618
2020,BEDOK,5 ROOM,historical_mature,211,53.166666666666664,94.91666666666667,12,4625.1056910569105,4866.30636343247,1213.848038761781
2020,BEDOK,EXECUTIVE,historical_mature,70,56.25,75.58333333333333,12,4856.842156386596,4834.721734079211,465.0199303040085
2020,BISHAN,3 ROOM,historical_mature,49,51.833333333333336,67.25,11,5263.1578947368425,5139.606314574984,988.369572575144
2020,BISHAN,4 ROOM,historical_mature,205,52.916666666666664,90.66666666666667,12,5471.698113207547,5543.0618548060975,908.1820309651952
2020,BISHAN,5 ROOM,historical_mature,142,63.583333333333336,90.58333333333333,11,5825.759303435114,6104.795634114993,1058.070932681113
2020,BISHAN,EXECUTIVE,historical_mature,51,63.833333333333336,71.58333333333333,11,5945.2054794520545,5982.912848173852,545.894087136567
2020,BISHAN,MULTI-GENERATION,historical_mature,1,65.83333333333333,65.83333333333333,1,5875.0,5875.0,
2020,BUKIT BATOK,3 ROOM,historical_non_mature,183,62.166666666666664,77.0,12,3828.125,3862.650715297013,298.03580356488783
2020,BUKIT BATOK,4 ROOM,historical_non_mature,282,62.333333333333336,84.0,11,3750.0,3835.957088195561,481.4877259208921
2020,BUKIT BATOK,5 ROOM,historical_non_mature,120,63.25,84.0,12,4253.787878787878,4245.31397295423,602.8764463089425
2020,BUKIT BATOK,EXECUTIVE,historical_non_mature,101,62.916666666666664,77.0,12,4109.58904109589,4174.54308086446,502.71268824852785
2020,BUKIT MERAH,1 ROOM,historical_mature,10,53.333333333333336,54.083333333333336,6,5612.903225806451,5806.451612903225,679.889675679021
2020,BUKIT MERAH,2 ROOM,historical_mature,29,46.166666666666664,92.16666666666667,10,4743.589743589743,5448.998669006988,1620.5479637404803
2020,BUKIT MERAH,3 ROOM,historical_mature,290,45.75,97.75,12,4893.915040183697,5704.095321605273,1928.9516046312183
2020,BUKIT MERAH,4 ROOM,historical_mature,270,48.666666666666664,97.58333333333333,12,7222.217821782178,7129.68644995434,1809.9408599713865
2020,BUKIT MERAH,5 ROOM,historical_mature,196,52.75,95.0,12,6340.207838860735,6457.517593496971,1320.579497443778
2020,BUKIT PANJANG,2 ROOM,historical_non_mature,23,92.33333333333333,94.75,8,5000.0,4985.194867875959,303.7209315844351
2020,BUKIT PANJANG,3 ROOM,historical_non_mature,155,65.83333333333333,95.66666666666667,12,4597.014925373134,4471.790041762413,484.00313582630537
2020,BUKIT PANJANG,4 ROOM,historical_non_mature,568,65.25,95.58333333333333,12,4516.129032258064,4386.550316848372,664.8573214557584
2020,BUKIT PANJANG,5 ROOM,historical_non_mature,295,65.66666666666667,95.66666666666667,12,4563.636363636364,4475.108314129859,714.1219215780123
2020,BUKIT PANJANG,EXECUTIVE,historical_non_mature,102,65.75,82.25,12,4307.616487455198,4333.609992983857,634.0498702075855
2020,BUKIT TIMAH,3 ROOM,historical_mature,10,52.5,55.0,9,5753.846153846154,5690.731950529644,568.1880369971482
2020,BUKIT TIMAH,4 ROOM,historical_mature,16,52.583333333333336,68.25,7,6139.039511050747,6276.075894429126,423.2995860931775
2020,BUKIT TIMAH,5 ROOM,historical_mature,12,52.416666666666664,68.25,8,6868.670379617182,6938.255374386772,328.79403766899446
2020,BUKIT TIMAH,EXECUTIVE,historical_mature,9,66.66666666666667,68.16666666666667,4,6561.643835616438,6444.720417890396,432.5480056040961
2020,CENTRAL AREA,2 ROOM,historical_mature,9,49.916666666666664,61.416666666666664,7,4036.3636363636365,4570.2988602359665,1082.5791231854882
2020,CENTRAL AREA,3 ROOM,historical_mature,68,49.583333333333336,65.08333333333333,11,6288.1745120551095,6295.693775855472,1057.9705906672216
2020,CENTRAL AREA,4 ROOM,historical_mature,65,53.333333333333336,90.0,10,7530.120481927711,7741.923055247582,2288.5237726137725
2020,CENTRAL AREA,5 ROOM,historical_mature,28,55.333333333333336,89.91666666666667,9,9430.785046728972,8828.040885537861,2301.6355049437702
2020,CHOA CHU KANG,2 ROOM,historical_non_mature,15,90.16666666666667,95.83333333333333,7,4782.608695652174,4874.585260561208,475.61161598356875
2020,CHOA CHU KANG,3 ROOM,historical_non_mature,64,56.666666666666664,95.66666666666667,11,4666.922739244952,4455.536752513326,611.8331534409557
2020,CHOA CHU KANG,4 ROOM,historical_non_mature,429,56.75,95.58333333333333,12,3555.5555555555557,3762.0927111661003,605.5465367394897
2020,CHOA CHU KANG,5 ROOM,historical_non_mature,324,57.5,95.5,12,3562.447902195054,3740.6766525391936,530.9462121790742
2020,CHOA CHU KANG,EXECUTIVE,historical_non_mature,110,67.41666666666667,82.08333333333333,12,3747.3404255319147,3726.9356301626062,307.8578208602665
2020,CLEMENTI,2 ROOM,historical_mature,6,91.83333333333333,92.75,5,6241.224489795919,6324.897959183673,321.2669629364113
2020,CLEMENTI,3 ROOM,historical_mature,265,56.083333333333336,96.75,12,4558.823529411765,5026.3344760354385,1548.4566274732904
2020,CLEMENTI,4 ROOM,historical_mature,211,56.083333333333336,97.0,12,5326.086956521739,6379.526291454024,2134.3209467679076
2020,CLEMENTI,5 ROOM,historical_mature,79,56.333333333333336,97.08333333333333,12,5798.319327731092,6570.792794490775,1764.695494213759
2020,CLEMENTI,EXECUTIVE,historical_mature,22,56.916666666666664,64.41666666666667,9,5201.644210526316,5262.472007067169,430.8961380152765
2020,GEYLANG,2 ROOM,historical_mature,17,45.416666666666664,65.0,10,4444.444444444444,4430.160575429117,318.18599300272786
2020,GEYLANG,3 ROOM,historical_mature,258,45.083333333333336,95.33333333333333,12,4052.238805970149,4391.902539654099,1083.603276467733
2020,GEYLANG,4 ROOM,historical_mature,201,47.25,95.41666666666667,11,5361.111111111111,5843.988947051524,1533.2980975266705
2020,GEYLANG,5 ROOM,historical_mature,70,54.75,85.41666666666667,12,5355.441938646869,5574.3954997275705,1314.8378966951582
2020,GEYLANG,EXECUTIVE,historical_mature,24,63.75,66.25,12,5136.986301369863,5108.066258405634,540.0444957247425
2020,HOUGANG,2 ROOM,historical_non_mature,14,90.66666666666667,93.91666666666667,7,4925.531914893617,4902.127659574467,159.44020538284423
2020,HOUGANG,3 ROOM,historical_non_mature,257,53.583333333333336,95.25,12,4179.104477611941,4435.9449993949775,826.497020443626
2020,HOUGANG,4 ROOM,historical_non_mature,534,54.166666666666664,95.25,12,4067.798208392268,4363.6199220802955,859.0397185239385
2020,HOUGANG,5 ROOM,historical_non_mature,305,54.0,95.16666666666667,12,4297.520661157025,4727.95778230357,1071.5813668852102
2020,HOUGANG,EXECUTIVE,historical_non_mature,140,57.083333333333336,78.5,12,4540.363819263979,4643.641684454638,491.9021582583099
2020,JURONG EAST,2 ROOM,historical_non_mature,10,92.25,93.08333333333333,6,5613.878143133463,5543.953384912959,458.4703306771121
2020,JURONG EAST,3 ROOM,historical_non_mature,154,44.833333333333336,95.33333333333333,11,3955.553116769096,4093.0678701843194,691.4844864335046
2020,JURONG EAST,4 ROOM,historical_non_mature,150,57.083333333333336,95.25,12,4184.686281460476,4203.369734434905,665.2646236691184
2020,JURONG EAST,5 ROOM,historical_non_mature,134,57.416666666666664,92.5,12,4066.418630287998,4093.8596330993078,698.5324919601679
2020,JURONG EAST,EXECUTIVE,historical_non_mature,54,62.583333333333336,78.5,11,4386.069164802387,4549.129106659781,801.1123741155972
2020,JURONG WEST,2 ROOM,historical_non_mature,15,56.75,93.33333333333333,8,4680.851063829788,4673.0164739669835,422.77684532329744
2020,JURONG WEST,3 ROOM,historical_non_mature,219,48.75,96.0,12,3750.0,4047.599636653672,847.1659351723115
2020,JURONG WEST,4 ROOM,historical_non_mature,489,48.833333333333336,95.91666666666667,12,3698.1132075471696,3900.1891540873003,894.5788104445785
2020,JURONG WEST,5 ROOM,historical_non_mature,526,48.666666666666664,94.33333333333333,12,3923.745173745174,3957.7508130943525,787.3037271784187
2020,JURONG WEST,EXECUTIVE,historical_non_mature,190,63.25,81.33333333333333,12,4000.0,3997.0157988205783,451.70701104032725
2020,KALLANG/WHAMPOA,2 ROOM,historical_mature,10,48.5,64.83333333333333,6,4093.75,4306.666666666666,596.5862246622781
2020,KALLANG/WHAMPOA,3 ROOM,historical_mature,254,47.083333333333336,95.75,12,4533.93665158371,4911.3101898618015,1275.682536079164
2020,KALLANG/WHAMPOA,4 ROOM,historical_mature,168,50.333333333333336,95.83333333333333,12,5429.6334273263265,5767.944171707904,1424.8882672165457
2020,KALLANG/WHAMPOA,5 ROOM,historical_mature,119,50.333333333333336,90.0,12,5608.695652173913,5984.961677723715,1450.56157193681
2020,KALLANG/WHAMPOA,EXECUTIVE,historical_mature,17,62.916666666666664,73.91666666666667,8,5120.0,5231.82994903942,516.2237061047044
2020,MARINE PARADE,3 ROOM,historical_mature,69,53.166666666666664,55.25,11,5230.7692307692305,5377.615327284669,622.6844551450563
2020,MARINE PARADE,4 ROOM,historical_mature,34,53.083333333333336,55.416666666666664,10,5502.523128679562,5532.886657101865,475.0626596825358
2020,MARINE PARADE,5 ROOM,historical_mature,29,53.166666666666664,55.916666666666664,9,6253.9682539682535,6488.993649066414,683.1875476184973
2020,PASIR RIS,2 ROOM,historical_mature,16,72.5,94.58333333333333,8,5563.829787234043,5542.069632495164,359.81745739828835
2020,PASIR RIS,3 ROOM,historical_mature,37,58.75,94.58333333333333,10,5588.235294117647,5591.622381328265,659.2370846138402
2020,PASIR RIS,4 ROOM,historical_mature,351,67.08333333333333,94.58333333333333,12,4086.5384615384614,4547.664856800728,899.2875618580078
2020,PASIR RIS,5 ROOM,historical_mature,252,67.25,94.58333333333333,12,4000.0,4223.325348397867,714.4842414009397
2020,PASIR RIS,EXECUTIVE,historical_mature,193,66.91666666666667,75.5,12,4200.0,4261.7810835034625,440.07170987108657
2020,PUNGGOL,2 ROOM,historical_non_mature,58,91.33333333333333,95.25,11,5434.782608695652,5461.5110935828025,289.19677698422925
2020,PUNGGOL,3 ROOM,historical_non_mature,209,90.75,95.41666666666667,12,5441.176470588235,5407.607395828591,427.3532518474615
2020,PUNGGOL,4 ROOM,historical_non_mature,955,81.33333333333333,96.0,12,5064.5161290322585,5055.045180254251,516.67305637835
2020,PUNGGOL,5 ROOM,historical_non_mature,500,80.91666666666667,95.83333333333333,12,4545.454545454545,4765.32139035415,871.6417372035481
2020,PUNGGOL,EXECUTIVE,historical_non_mature,26,81.66666666666667,83.16666666666667,10,4275.240384615385,4256.78523490895,219.53380484381225
2020,QUEENSTOWN,2 ROOM,historical_mature,17,45.083333333333336,92.16666666666667,8,4888.888888888889,5317.522280265792,1426.2169240027886
2020,QUEENSTOWN,3 ROOM,historical_mature,272,45.083333333333336,95.0,12,4785.5392156862745,5701.63400337315,2034.8090908200452
2020,QUEENSTOWN,4 ROOM,historical_mature,273,45.5,95.41666666666667,12,8735.632183908046,8331.561079942354,1520.2177045452947
2020,QUEENSTOWN,5 ROOM,historical_mature,81,48.416666666666664,95.16666666666667,12,7344.0,7530.192483217918,1508.3617156042098
2020,QUEENSTOWN,EXECUTIVE,historical_mature,10,72.33333333333333,74.66666666666667,7,6527.5751645614655,6600.405175703457,439.99159999233837
2020,SEMBAWANG,2 ROOM,historical_non_mature,18,89.58333333333333,94.33333333333333,9,5016.25,5019.029782094768,341.73288673475446
2020,SEMBAWANG,3 ROOM,historical_non_mature,23,93.41666666666667,94.41666666666667,10,4477.611940298508,4500.811161583388,242.06907281826372
2020,SEMBAWANG,4 ROOM,historical_non_mature,170,77.5,94.41666666666667,12,3789.7368421052633,3878.5199370848095,371.73463360664414
2020,SEMBAWANG,5 ROOM,historical_non_mature,155,77.25,85.0,12,3652.7272727272725,3684.1138828053035,307.81528442387906
2020,SEMBAWANG,EXECUTIVE,historical_non_mature,84,77.08333333333333,81.83333333333333,12,3676.923076923077,3717.917519095613,284.5291701872053
2020,SENGKANG,2 ROOM,historical_non_mature,41,86.0,94.83333333333333,11,5212.765957446809,5305.523702880204,324.9550980315002
2020,SENGKANG,3 ROOM,historical_non_mature,167,85.66666666666667,95.66666666666667,12,5101.294117647059,5136.663658971464,367.92533518808045
2020,SENGKANG,4 ROOM,historical_non_mature,1045,77.16666666666667,95.66666666666667,12,4650.0,4692.732431960899,639.1060999709384
2020,SENGKANG,5 ROOM,historical_non_mature,782,77.08333333333333,95.66666666666667,12,4337.9058441558445,4416.3503414740735,667.9355593658025
2020,SENGKANG,EXECUTIVE,historical_non_mature,124,77.25,82.33333333333333,12,4323.959728215047,4322.381202400547,292.60703928110644
2020,SERANGOON,2 ROOM,historical_mature,2,56.416666666666664,56.666666666666664,2,5454.545454545454,5454.545454545454,642.8243465332253
2020,SERANGOON,3 ROOM,historical_mature,93,56.5,67.75,11,4701.492537313433,4793.601112501246,643.93395322792
2020,SERANGOON,4 ROOM,historical_mature,181,56.5,77.75,12,4652.173913043478,4747.577564944604,886.8714980665638
2020,SERANGOON,5 ROOM,historical_mature,74,62.75,77.75,10,4443.151771549445,4759.861931497225,828.24206533718
2020,SERANGOON,EXECUTIVE,historical_mature,68,63.916666666666664,77.41666666666667,11,4795.2003727865795,5065.689591890832,697.5789101405501
2020,TAMPINES,2 ROOM,historical_mature,8,90.5,94.58333333333333,6,5660.144927536232,5704.287439613526,250.81277513812202
2020,TAMPINES,3 ROOM,historical_mature,331,60.75,94.66666666666667,12,4547.945205479452,4832.539624395148,911.6317879736604
2020,TAMPINES,4 ROOM,historical_mature,720,60.75,95.5,12,4275.345407020164,4611.078011683906,994.6161627895168
2020,TAMPINES,5 ROOM,historical_mature,456,60.833333333333336,95.58333333333333,12,4303.2786885245905,4616.861206633563,938.6680636307046
2020,TAMPINES,EXECUTIVE,historical_mature,183,62.75,76.66666666666667,12,4657.534246575343,4706.059387761025,445.5581721762088
2020,TAMPINES,MULTI-GENERATION,historical_mature,2,65.91666666666667,66.0,1,5068.934688499906,5068.934688499906,9.649019694339655
2020,TOA PAYOH,2 ROOM,historical_mature,23,45.75,62.416666666666664,9,4476.190476190476,4507.650484314425,530.7033414892669
2020,TOA PAYOH,3 ROOM,historical_mature,317,45.666666666666664,91.16666666666667,12,3947.3684210526317,4048.3696748145844,718.4405434876013
2020,TOA PAYOH,4 ROOM,historical_mature,194,51.666666666666664,95.16666666666667,12,5445.544554455446,5928.6585140510115,1804.7870689807776
2020,TOA PAYOH,5 ROOM,historical_mature,123,53.833333333333336,91.33333333333333,12,5816.666666666667,6125.279505692312,1570.454771431349
2020,TOA PAYOH,EXECUTIVE,historical_mature,14,62.5,72.25,6,5242.491278822428,5362.420890678144,800.0065478334391
2020,WOODLANDS,2 ROOM,historical_non_mature,24,93.66666666666667,94.5,11,4893.617021276596,4814.539007092199,222.9528646856551
2020,WOODLANDS,3 ROOM,historical_non_mature,161,52.666666666666664,94.91666666666667,12,3716.6666666666665,3880.5139443892717,652.4524865488055
2020,WOODLANDS,4 ROOM,historical_non_mature,570,53.166666666666664,95.66666666666667,12,3564.7869134739562,3674.3324806763894,499.0217935593347
2020,WOODLANDS,5 ROOM,historical_non_mature,456,54.083333333333336,95.75,12,3500.0,3536.760190505423,396.655358995095
2020,WOODLANDS,EXECUTIVE,historical_non_mature,195,55.833333333333336,80.58333333333333,12,3892.6174496644294,3881.0812059407162,259.4274000624324
2020,YISHUN,2 ROOM,historical_non_mature,25,79.08333333333333,95.0,9,4787.234042553191,4839.347517730496,267.8012142309773
2020,YISHUN,3 ROOM,historical_non_mature,425,56.583333333333336,95.16666666666667,12,4044.1176470588234,4146.111627327066,587.6366771113484
2020,YISHUN,4 ROOM,historical_non_mature,804,57.25,95.25,12,3943.9799331103677,4005.6656316221356,646.9726632247574
2020,YISHUN,5 ROOM,historical_non_mature,353,60.916666666666664,95.16666666666667,12,4198.347107438017,4187.5122645650645,646.9064641323832
2020,YISHUN,EXECUTIVE,historical_non_mature,80,63.75,71.41666666666667,12,4013.89156858962,4066.5501201285106,314.1152728892189
2020,YISHUN,MULTI-GENERATION,historical_non_mature,5,66.0,66.41666666666667,4,4561.403508771929,4535.732931807968,67.77651814656927
2021,ANG MO KIO,2 ROOM,historical_mature,11,55.083333333333336,64.08333333333333,8,5222.222222222223,5146.602387511479,322.1005351831692
2021,ANG MO KIO,3 ROOM,historical_mature,564,53.416666666666664,94.0,12,4626.865671641791,4681.3071636776185,574.9335093698493
2021,ANG MO KIO,4 ROOM,historical_mature,284,53.5,95.5,12,4793.194757050178,5281.549650359059,1269.7836030535034
2021,ANG MO KIO,5 ROOM,historical_mature,176,55.0,90.5,12,5337.981510015408,5730.760646383263,1253.50607224706
2021,ANG MO KIO,EXECUTIVE,historical_mature,20,57.25,74.41666666666667,11,5979.534927686927,5857.026617635495,589.0828579736316
2021,BEDOK,2 ROOM,historical_mature,14,56.0,94.91666666666667,8,5577.155555555555,5611.981244051457,671.0765308060584
2021,BEDOK,3 ROOM,historical_mature,562,49.666666666666664,94.83333333333333,12,4676.470588235294,4827.860992009261,718.599311457704
2021,BEDOK,4 ROOM,historical_mature,599,52.166666666666664,94.91666666666667,12,4809.523809523809,5252.381733945096,1138.2714888026705
2021,BEDOK,5 ROOM,historical_mature,365,52.25,94.91666666666667,12,5078.125,5169.462658080754,1025.7390332079112
2021,BEDOK,EXECUTIVE,historical_mature,76,56.166666666666664,74.66666666666667,12,5212.558275058274,5349.944441502735,547.7717548951762
2021,BISHAN,3 ROOM,historical_mature,52,51.0,66.33333333333333,12,6207.03125,5966.169947474817,904.6092976565466
2021,BISHAN,4 ROOM,historical_mature,287,52.166666666666664,89.75,12,5833.333333333333,5853.718562071503,751.050344992867
2021,BISHAN,5 ROOM,historical_mature,169,62.583333333333336,89.66666666666667,12,6223.826086956522,6595.430261625992,1288.0581527523104
2021,BISHAN,EXECUTIVE,historical_mature,57,62.75,70.58333333333333,12,6205.479452054795,6161.091485349029,726.6797230018817
2021,BISHAN,MULTI-GENERATION,historical_mature,5,64.75,65.25,4,5968.75,5920.109113523292,216.73280521060897
2021,BUKIT BATOK,3 ROOM,historical_non_mature,251,60.833333333333336,95.16666666666667,12,4609.375,4635.396513673624,535.5866540177617
2021,BUKIT BATOK,4 ROOM,historical_non_mature,281,61.166666666666664,95.16666666666667,12,4408.602150537635,4618.608737149664,786.3670363129924
2021,BUKIT BATOK,5 ROOM,historical_non_mature,125,62.166666666666664,95.16666666666667,12,4788.135593220339,4949.900609191073,992.4765280987906
2021,BUKIT BATOK,EXECUTIVE,historical_non_mature,95,61.916666666666664,76.5,12,4650.349650349651,4751.275488525913,516.8339925916459
2021,BUKIT MERAH,1 ROOM,historical_mature,9,52.75,53.25,7,6387.096774193548,6362.007168458781,416.4845248788031
2021,BUKIT MERAH,2 ROOM,historical_mature,29,45.166666666666664,96.75,8,5294.117647058823,5971.54543819859,1738.5170587100954
2021,BUKIT MERAH,3 ROOM,historical_mature,413,44.583333333333336,97.41666666666667,12,5333.333333333333,6048.323314819837,1805.03904467592
2021,BUKIT MERAH,4 ROOM,historical_mature,441,47.666666666666664,97.33333333333333,12,8193.548387096775,7629.797552456738,1675.5345856181762
2021,BUKIT MERAH,5 ROOM,historical_mature,278,51.833333333333336,96.75,12,6806.037473976405,6874.977510606891,1386.5135264460714
2021,BUKIT MERAH,EXECUTIVE,historical_mature,3,55.666666666666664,60.416666666666664,3,4807.692307692308,4897.951514515931,504.7262381279703
2021,BUKIT PANJANG,2 ROOM,historical_non_mature,33,91.16666666666667,93.58333333333333,12,5891.234042553191,5881.122753903512,448.9070402654349
2021,BUKIT PANJANG,3 ROOM,historical_non_mature,120,64.0,95.0,12,4839.7854477611945,4877.392024742324,555.8282889335901
2021,BUKIT PANJANG,4 ROOM,historical_non_mature,473,64.0,95.08333333333333,12,4777.777777777777,4754.0927240383235,691.2698085568965
2021,BUKIT PANJANG,5 ROOM,historical_non_mature,308,65.33333333333333,95.0,12,4778.761061946902,4826.285946887093,679.50327070269
2021,BUKIT PANJANG,EXECUTIVE,historical_non_mature,121,64.75,81.0,12,4917.808219178082,4996.852595829387,709.9077454517335
2021,BUKIT TIMAH,3 ROOM,historical_mature,13,51.416666666666664,54.166666666666664,7,5890.41095890411,5934.447191375537,268.12431284137557
2021,BUKIT TIMAH,4 ROOM,historical_mature,32,51.416666666666664,67.25,12,6250.0,6200.057890020144,584.2606248230715
2021,BUKIT TIMAH,5 ROOM,historical_mature,17,51.75,67.41666666666667,9,7072.852459016393,7017.047021159886,433.7045521830138
2021,BUKIT TIMAH,EXECUTIVE,historical_mature,20,66.0,67.75,9,7047.945205479452,7038.008961341661,558.9212495348995
2021,CENTRAL AREA,2 ROOM,historical_mature,8,48.833333333333336,61.083333333333336,7,4971.698113207547,5159.681356379469,669.765500453076
2021,CENTRAL AREA,3 ROOM,historical_mature,90,49.333333333333336,64.58333333333333,12,6500.0,6609.615851097764,988.7281094012818
2021,CENTRAL AREA,4 ROOM,historical_mature,108,49.416666666666664,89.08333333333333,12,9925.03452178834,9245.126521120537,2094.1587683562357
2021,CENTRAL AREA,5 ROOM,historical_mature,55,54.25,89.08333333333333,11,9989.607476635514,9446.285128004405,1940.460062448552
2021,CHOA CHU KANG,2 ROOM,historical_non_mature,13,88.91666666666667,95.33333333333333,10,5702.127659574468,5646.872553903081,442.86332362232395
2021,CHOA CHU KANG,3 ROOM,historical_non_mature,115,55.666666666666664,95.75,12,5373.134328358209,5182.048545160381,689.5445048799104
2021,CHOA CHU KANG,4 ROOM,historical_non_mature,757,56.333333333333336,95.66666666666667,12,4838.709677419355,4678.213865025948,647.9551688014445
2021,CHOA CHU KANG,5 ROOM,historical_non_mature,562,56.083333333333336,95.75,12,4365.079365079365,4533.529565389709,663.649684692077
2021,CHOA CHU KANG,EXECUTIVE,historical_non_mature,123,66.5,81.08333333333333,12,4236.111111111111,4267.288054011901,348.4970284568117
2021,CLEMENTI,2 ROOM,historical_mature,8,90.91666666666667,91.75,6,6723.34693877551,6686.551020408163,269.72713580949113
2021,CLEMENTI,3 ROOM,historical_mature,265,55.166666666666664,96.33333333333333,12,4939.024390243902,5416.136658405997,1438.4497591817449
2021,CLEMENTI,4 ROOM,historical_mature,279,55.166666666666664,96.58333333333333,12,7777.777777777777,7203.702497525243,1988.048314178632
2021,CLEMENTI,5 ROOM,historical_mature,99,55.25,96.66666666666667,12,5837.606837606838,6560.515205666335,1769.5788075348567
2021,CLEMENTI,EXECUTIVE,historical_mature,21,61.333333333333336,63.166666666666664,10,5632.65306122449,5648.742573462265,273.13529954288634
2021,GEYLANG,2 ROOM,historical_mature,10,48.583333333333336,56.166666666666664,8,4944.444444444444,4985.370230099817,390.80100526933217
2021,GEYLANG,3 ROOM,historical_mature,298,44.083333333333336,95.41666666666667,12,4777.890209967114,5171.636006749248,1267.2312857157651
2021,GEYLANG,4 ROOM,historical_mature,307,46.416666666666664,94.91666666666667,12,5989.010989010989,6242.73261873769,1466.0070170966142
2021,GEYLANG,5 ROOM,historical_mature,100,50.0,84.91666666666667,12,5703.352345477826,5862.544538206315,1194.323639647894
2021,GEYLANG,EXECUTIVE,historical_mature,29,62.833333333333336,65.25,11,5561.643835616438,5514.079273741681,581.0935342647152
2021,HOUGANG,2 ROOM,historical_non_mature,9,89.5,93.16666666666667,8,5425.531914893617,5420.803782505911,272.427217257714
2021,HOUGANG,3 ROOM,historical_non_mature,274,52.583333333333336,95.5,12,4826.6005267778755,5031.162815566371,794.6037692826604
2021,HOUGANG,4 ROOM,historical_non_mature,653,53.583333333333336,95.5,12,4569.89247311828,4860.677267193165,881.5852318302507
2021,HOUGANG,5 ROOM,historical_non_mature,370,60.5,95.25,12,4742.484526967286,5067.398104220736,948.9978446652713
2021,HOUGANG,EXECUTIVE,historical_non_mature,165,59.416666666666664,77.91666666666667,12,4932.4324324324325,5083.169546069054,590.9348710811286
2021,JURONG EAST,2 ROOM,historical_non_mature,7,91.25,91.66666666666667,4,6063.829787234043,6007.309612702981,515.8431476508816
2021,JURONG EAST,3 ROOM,historical_non_mature,162,44.083333333333336,94.91666666666667,12,4746.268656716418,4822.476186913072,705.6003992762387
2021,JURONG EAST,4 ROOM,historical_non_mature,183,55.833333333333336,94.91666666666667,12,4475.170212765957,4653.309203738197,671.7813181006802
2021,JURONG EAST,5 ROOM,historical_non_mature,132,55.416666666666664,91.16666666666667,12,4708.333333333333,4644.611280255322,670.5288215773104
2021,JURONG EAST,EXECUTIVE,historical_non_mature,81,62.083333333333336,78.08333333333333,12,5243.055555555556,5097.329024063336,749.8293631990618
2021,JURONG WEST,2 ROOM,historical_non_mature,21,48.75,92.33333333333333,11,5638.297872340426,5486.7084913877425,600.7086826622832
2021,JURONG WEST,3 ROOM,historical_non_mature,262,47.333333333333336,95.5,12,4406.779661016949,4623.400743372406,840.027661786738
2021,JURONG WEST,4 ROOM,historical_non_mature,542,47.916666666666664,95.83333333333333,12,4419.317524580682,4535.015719387407,913.8092916487761
2021,JURONG WEST,5 ROOM,historical_non_mature,501,53.75,95.5,12,4363.636363636364,4399.722648949751,740.9567708556923
2021,JURONG WEST,EXECUTIVE,historical_non_mature,174,62.416666666666664,80.58333333333333,12,4395.216272312163,4384.102725612997,470.9451785857689
2021,KALLANG/WHAMPOA,2 ROOM,historical_mature,13,47.666666666666664,64.16666666666667,10,5400.0,5410.783660783662,577.1681540788887
2021,KALLANG/WHAMPOA,3 ROOM,historical_mature,383,46.166666666666664,95.75,12,4924.242424242424,5565.58080581315,1573.6759609142468
2021,KALLANG/WHAMPOA,4 ROOM,historical_mature,295,46.916666666666664,95.5,12,6544.554455445545,6863.507920728688,1584.8136568111427
2021,KALLANG/WHAMPOA,5 ROOM,historical_mature,167,50.083333333333336,95.41666666666667,12,6169.4915254237285,6576.0850678080715,1459.8031057616288
2021,KALLANG/WHAMPOA,EXECUTIVE,historical_mature,24,56.916666666666664,73.0,12,5804.447852760736,5754.817826108895,413.07448166224094
2021,MARINE PARADE,2 ROOM,historical_mature,2,52.916666666666664,53.25,2,5595.238095238095,5595.238095238095,168.35875742536876
2021,MARINE PARADE,3 ROOM,historical_mature,85,52.083333333333336,54.166666666666664,12,5728.813559322034,5798.833164961708,587.1015633911513
2021,MARINE PARADE,4 ROOM,historical_mature,41,52.166666666666664,54.5,12,5689.6551724137935,5767.18886572343,462.05321402156073
2021,MARINE PARADE,5 ROOM,historical_mature,76,52.083333333333336,55.0,12,6658.119658119658,6610.853856934332,687.0520218479112
2021,PASIR RIS,2 ROOM,historical_mature,7,92.83333333333333,93.5,6,6276.595744680851,6455.9270516717315,498.20216129601005
2021,PASIR RIS,3 ROOM,historical_mature,26,57.916666666666664,93.58333333333333,11,6507.35294117647,6608.917666044364,1472.5860561025177
2021,PASIR RIS,4 ROOM,historical_mature,361,66.0,93.58333333333333,12,4476.190476190476,4911.515248990487,1017.2395323457048
2021,PASIR RIS,5 ROOM,historical_mature,308,66.41666666666667,93.5,12,4407.105361829771,4645.902976631238,831.4246995618203
2021,PASIR RIS,EXECUTIVE,historical_mature,249,65.83333333333333,74.58333333333333,12,4697.986577181208,4704.505016839687,476.2424746943904
2021,PUNGGOL,2 ROOM,historical_non_mature,46,89.66666666666667,95.0,12,5967.853839037927,5972.807804952961,310.83281039946775
2021,PUNGGOL,3 ROOM,historical_non_mature,250,89.75,95.66666666666667,12,5808.823529411765,5792.394297102048,341.0179137145492
2021,PUNGGOL,4 ROOM,historical_non_mature,1432,79.83333333333333,95.75,12,5366.129032258064,5360.219807184382,476.04820532466294
2021,PUNGGOL,5 ROOM,historical_non_mature,970,79.75,95.58333333333333,12,5309.734513274337,5180.247606100114,816.5595937730803
2021,PUNGGOL,EXECUTIVE,historical_non_mature,44,80.58333333333333,82.41666666666667,12,4542.96875,4621.691357080419,347.45851339470113
2021,QUEENSTOWN,2 ROOM,historical_mature,20,44.25,93.08333333333333,11,5430.157261794635,6004.8105879210325,1304.7425758578331
2021,QUEENSTOWN,3 ROOM,historical_mature,365,44.083333333333336,94.66666666666667,12,5416.666666666667,6189.339045712069,1905.0846549964212
2021,QUEENSTOWN,4 ROOM,historical_mature,445,44.5,94.66666666666667,12,8800.0,8493.761289952834,1440.5679500159727
2021,QUEENSTOWN,5 ROOM,historical_mature,153,51.75,94.66666666666667,12,7782.258064516129,7965.452589858004,1429.586993839394
2021,QUEENSTOWN,EXECUTIVE,historical_mature,4,73.41666666666667,73.75,3,7469.359798714006,7484.560942371849,726.2938824031239
2021,SEMBAWANG,2 ROOM,historical_non_mature,16,88.5,93.33333333333333,10,5776.595744680852,5712.3178769657725,569.2483558981319
2021,SEMBAWANG,3 ROOM,historical_non_mature,19,92.41666666666667,93.33333333333333,9,4805.9701492537315,4939.29347072686,320.850057283377
2021,SEMBAWANG,4 ROOM,historical_non_mature,214,76.08333333333333,95.58333333333333,12,4478.372093023256,4531.850552607266,416.1606361372342
2021,SEMBAWANG,5 ROOM,historical_non_mature,175,75.91666666666667,95.41666666666667,12,4280.8,4296.361661124679,407.37183090695856
2021,SEMBAWANG,EXECUTIVE,historical_non_mature,89,76.08333333333333,80.66666666666667,12,4230.7692307692305,4288.362440021217,376.2810242007863
2021,SENGKANG,2 ROOM,historical_non_mature,50,84.83333333333333,94.66666666666667,12,6074.468085106383,6015.444892671392,437.9451106934896
2021,SENGKANG,3 ROOM,historical_non_mature,164,84.66666666666667,95.41666666666667,12,5661.764705882353,5673.876988547926,507.9471177752889
2021,SENGKANG,4 ROOM,historical_non_mature,1397,76.16666666666667,95.75,12,5032.258064516129,5150.734223046664,715.4720061330574
2021,SENGKANG,5 ROOM,historical_non_mature,982,75.91666666666667,95.58333333333333,12,4658.225995316159,4832.049792115242,778.5298192555819
2021,SENGKANG,EXECUTIVE,historical_non_mature,158,76.16666666666667,81.41666666666667,12,4741.264162194395,4729.073038296685,312.91095466993903
2021,SERANGOON,2 ROOM,historical_mature,2,55.833333333333336,56.0,2,5625.0,5625.0,883.8834764831844
2021,SERANGOON,3 ROOM,historical_mature,101,55.5,66.41666666666667,12,5298.507462686567,5329.679297429522,540.0284035972231
2021,SERANGOON,4 ROOM,historical_mature,220,55.416666666666664,77.33333333333333,12,4949.747474747475,5129.613024989292,841.4857501973946
2021,SERANGOON,5 ROOM,historical_mature,102,62.666666666666664,77.25,12,5065.652892561983,5253.50561616862,773.206243631218
2021,SERANGOON,EXECUTIVE,historical_mature,94,62.333333333333336,76.5,12,5521.538775510204,5616.135574003486,825.6334218935506
2021,TAMPINES,2 ROOM,historical_mature,13,91.41666666666667,93.5,9,6127.659574468085,6099.053582864868,397.76830787726584
2021,TAMPINES,3 ROOM,historical_mature,414,59.333333333333336,95.0,12,5000.0,5258.153450171859,858.246847946193
2021,TAMPINES,4 ROOM,historical_mature,870,59.583333333333336,95.33333333333333,12,4649.175824175824,4962.606285396146,953.7797544791189
2021,TAMPINES,5 ROOM,historical_mature,587,60.25,95.08333333333333,12,4637.096774193548,5041.493657088664,1025.368710384833
2021,TAMPINES,EXECUTIVE,historical_mature,257,60.416666666666664,75.58333333333333,12,4966.666666666667,4986.172045939463,456.3404429363039
2021,TAMPINES,MULTI-GENERATION,historical_mature,8,64.75,65.58333333333333,5,5195.783132530121,5112.837714494341,312.2715793064282
2021,TOA PAYOH,2 ROOM,historical_mature,23,44.5,61.083333333333336,10,5625.0,5510.89603304254,469.48681499120846
2021,TOA PAYOH,3 ROOM,historical_mature,375,44.5,95.08333333333333,12,4402.985074626866,4625.739755071932,926.3496385878302
2021,TOA PAYOH,4 ROOM,historical_mature,301,45.333333333333336,95.16666666666667,12,6225.490196078431,6531.095263094321,1805.002213980933
2021,TOA PAYOH,5 ROOM,historical_mature,189,52.75,90.41666666666667,12,6677.419354838709,6816.575040005732,1674.833291274234
2021,TOA PAYOH,EXECUTIVE,historical_mature,28,61.416666666666664,73.08333333333333,10,5742.863667503996,5773.587311024336,712.5352871053432
2021,WOODLANDS,2 ROOM,historical_non_mature,13,62.583333333333336,93.58333333333333,8,5680.851063829788,5609.565375522822,607.9273679690925
2021,WOODLANDS,3 ROOM,historical_non_mature,191,51.75,95.41666666666667,12,4411.764705882353,4570.868836159878,768.3552286582075
2021,WOODLANDS,4 ROOM,historical_non_mature,701,51.75,95.83333333333333,12,4207.920792079208,4304.650478359294,573.7241755981297
2021,WOODLANDS,5 ROOM,historical_non_mature,511,53.083333333333336,95.5,12,4111.111111111111,4171.232358396495,491.4192402720449
2021,WOODLANDS,EXECUTIVE,historical_non_mature,221,63.166666666666664,79.33333333333333,12,4434.482758620689,4449.2744034610505,338.2548109772478
2021,YISHUN,2 ROOM,historical_non_mature,17,78.08333333333333,95.41666666666667,8,5700.0,5520.41916430626,633.4017740549177
2021,YISHUN,3 ROOM,historical_non_mature,452,55.916666666666664,95.83333333333333,12,4746.268656716418,4807.6781310789665,585.9013680253031
2021,YISHUN,4 ROOM,historical_non_mature,843,59.75,96.08333333333333,12,4597.826086956522,4626.1227388540265,665.3037293724934
2021,YISHUN,5 ROOM,historical_non_mature,327,59.833333333333336,95.83333333333333,12,4598.214285714285,4682.9651066469905,702.6527956908075
2021,YISHUN,EXECUTIVE,historical_non_mature,106,61.5,70.33333333333333,12,4506.94578429481,4546.701128890954,365.5504326390343
2021,YISHUN,MULTI-GENERATION,historical_non_mature,5,65.08333333333333,66.0,5,5029.2397660818715,4927.2182022026045,201.19420622654008
2022,ANG MO KIO,2 ROOM,historical_mature,23,53.75,62.75,10,6136.363636363636,6050.601229688185,586.0792147805682
2022,ANG MO KIO,3 ROOM,historical_mature,528,52.416666666666664,95.5,12,5175.707762557077,5351.669999113998,857.7724182045016
2022,ANG MO KIO,4 ROOM,historical_mature,305,52.666666666666664,95.41666666666667,12,5494.505494505494,6447.553398532378,1861.2781728848167
2022,ANG MO KIO,5 ROOM,historical_mature,154,53.833333333333336,95.33333333333333,12,6442.087542087542,6949.825362345636,1599.3850342516978
2022,ANG MO KIO,EXECUTIVE,historical_mature,16,54.583333333333336,73.41666666666667,8,6132.120117019445,6146.63546861375,613.8295037862096
2022,BEDOK,2 ROOM,historical_mature,20,54.75,93.58333333333333,10,5833.333333333333,6017.220610358908,610.7520662527916
2022,BEDOK,3 ROOM,historical_mature,552,48.75,93.91666666666667,12,5149.253731343284,5273.101409795897,710.5575514762239
2022,BEDOK,4 ROOM,historical_mature,461,51.25,93.91666666666667,12,5108.695652173913,5507.1118078990285,1082.7604275755825
2022,BEDOK,5 ROOM,historical_mature,253,51.333333333333336,93.83333333333333,12,5447.104,5560.234394859457,940.1890445424581
2022,BEDOK,EXECUTIVE,historical_mature,77,54.583333333333336,73.75,12,5764.301369863014,5755.846988814057,575.0810093466523
2022,BISHAN,3 ROOM,historical_mature,65,50.0,65.08333333333333,12,6640.625,6154.288793663236,1119.2969339769056
2022,BISHAN,4 ROOM,historical_mature,206,51.25,88.41666666666667,12,6415.421956684093,6516.909222220438,930.9464592132334
2022,BISHAN,5 ROOM,historical_mature,139,61.75,88.66666666666667,12,6842.975206611571,7154.24571114597,1274.8223324614796
2022,BISHAN,EXECUTIVE,historical_mature,55,62.0,69.58333333333333,11,6972.602739726028,6987.513544365232,736.7185896629542
2022,BUKIT BATOK,2 ROOM,historical_non_mature,3,95.25,95.41666666666667,2,7191.489361702128,7205.6737588652495,234.36470413983432
2022,BUKIT BATOK,3 ROOM,historical_non_mature,281,60.166666666666664,95.66666666666667,12,5097.142857142857,5245.940030976687,707.1926061441467
2022,BUKIT BATOK,4 ROOM,historical_non_mature,362,59.75,95.58333333333333,12,5021.388632872504,5506.199421548035,1176.0554200538215
2022,BUKIT BATOK,5 ROOM,historical_non_mature,156,61.166666666666664,95.33333333333333,12,5481.261292766801,5926.913783869223,1283.2742772837069
2022,BUKIT BATOK,EXECUTIVE,historical_non_mature,84,60.916666666666664,75.25,12,5296.052334762012,5297.96112693686,468.9699842080285
2022,BUKIT MERAH,1 ROOM,historical_mature,10,51.333333333333336,52.083333333333336,6,7482.064516129032,7448.025806451614,384.4318196763252
2022,BUKIT MERAH,2 ROOM,historical_mature,27,43.666666666666664,89.5,12,6250.0,6701.17156179986,1523.6431957546986
2022,BUKIT MERAH,3 ROOM,historical_mature,335,43.583333333333336,96.33333333333333,12,5740.740740740741,6583.535801971911,1946.642757720511
2022,BUKIT MERAH,4 ROOM,historical_mature,358,46.166666666666664,96.41666666666667,12,8152.173913043478,7727.84997894859,1665.1977348815913
2022,BUKIT MERAH,5 ROOM,historical_mature,233,50.583333333333336,96.08333333333333,12,7324.324324324324,7372.169635956093,1461.2713281190117
2022,BUKIT PANJANG,2 ROOM,historical_non_mature,19,90.16666666666667,92.83333333333333,9,6478.260869565217,6341.326257364039,545.7227796652643
2022,BUKIT PANJANG,3 ROOM,historical_non_mature,110,63.583333333333336,93.83333333333333,12,5169.099919419823,5304.2151209311805,582.4964317943106
2022,BUKIT PANJANG,4 ROOM,historical_non_mature,462,63.416666666666664,94.0,12,5000.0,5037.264623720857,663.0564895079914
2022,BUKIT PANJANG,5 ROOM,historical_non_mature,283,64.08333333333333,94.0,12,5122.950819672131,5228.376789354715,703.151376757322
2022,BUKIT PANJANG,EXECUTIVE,historical_non_mature,80,63.916666666666664,80.16666666666667,12,5205.479452054795,5293.872931296342,751.5443519116467
2022,BUKIT TIMAH,3 ROOM,historical_mature,13,50.5,65.91666666666667,9,6232.876712328767,6128.109296290484,533.5028223077666
2022,BUKIT TIMAH,4 ROOM,historical_mature,28,50.416666666666664,66.5,12,6685.393258426966,6793.458501637474,623.3875662145808
2022,BUKIT TIMAH,5 ROOM,historical_mature,11,50.416666666666664,66.08333333333333,8,7360.6557377049185,7321.388609647051,448.8892130879269
2022,BUKIT TIMAH,EXECUTIVE,historical_mature,10,64.75,66.5,8,8226.027397260274,8190.152283105022,533.2278661756741
2022,CENTRAL AREA,2 ROOM,historical_mature,12,47.666666666666664,59.916666666666664,7,5757.512229210342,5801.830756362203,686.9958848759094
2022,CENTRAL AREA,3 ROOM,historical_mature,86,48.083333333333336,63.333333333333336,12,6642.324093816631,6853.173478527078,939.4362248578965
2022,CENTRAL AREA,4 ROOM,historical_mature,86,51.0,88.08333333333333,12,9398.936170212766,9278.038543354523,2539.5235034309962
2022,CENTRAL AREA,5 ROOM,historical_mature,29,54.25,88.08333333333333,11,11142.857142857143,10450.866295617878,2144.329339285402
2022,CHOA CHU KANG,2 ROOM,historical_non_mature,13,87.91666666666667,94.08333333333333,7,6170.212765957447,6085.924713584287,631.6398564564428
2022,CHOA CHU KANG,3 ROOM,historical_non_mature,100,54.5,95.33333333333333,12,5791.044776119403,5525.881263521489,723.8299275050315
2022,CHOA CHU KANG,4 ROOM,historical_non_mature,671,54.5,95.16666666666667,12,4966.666666666667,5003.966820515455,636.4276511405138
2022,CHOA CHU KANG,5 ROOM,historical_non_mature,500,55.25,95.16666666666667,12,4757.820136852395,4892.830875281946,563.1540227708508
2022,CHOA CHU KANG,EXECUTIVE,historical_non_mature,120,61.083333333333336,79.75,12,4822.695035460993,4831.982599445538,365.71950321212734
2022,CLEMENTI,2 ROOM,historical_mature,6,55.583333333333336,90.75,5,7557.551020408164,7427.499270253556,528.7326287061622
2022,CLEMENTI,3 ROOM,historical_mature,276,54.083333333333336,95.66666666666667,12,5447.761194029851,6095.05357462279,1470.578754130746
2022,CLEMENTI,4 ROOM,historical_mature,226,54.166666666666664,95.41666666666667,12,7017.457180500659,7172.032370125023,1881.9231442023383
2022,CLEMENTI,5 ROOM,historical_mature,86,54.5,95.33333333333333,12,6929.4591075866965,7227.37681767901,1838.6536485668023
2022,CLEMENTI,EXECUTIVE,historical_mature,16,57.333333333333336,62.25,8,5979.774460119619,6079.122146933519,352.22422452130826
2022,GEYLANG,2 ROOM,historical_mature,20,43.75,62.916666666666664,9,5608.730158730159,5575.378216524969,226.89983966610293
2022,GEYLANG,3 ROOM,historical_mature,313,43.083333333333336,94.41666666666667,12,5235.389830508475,5492.08485160103,1046.1379338430293
2022,GEYLANG,4 ROOM,historical_mature,240,47.666666666666664,93.91666666666667,12,5907.501076194576,6428.544909973932,1459.6287178715766
2022,GEYLANG,5 ROOM,historical_mature,82,52.666666666666664,83.91666666666667,12,6343.091936312276,6662.47986736779,1323.766792607631
2022,GEYLANG,EXECUTIVE,historical_mature,28,62.083333333333336,64.33333333333333,12,5856.164383561644,5944.381634608983,504.98083570144854
2022,HOUGANG,2 ROOM,historical_non_mature,3,88.75,89.16666666666667,2,6382.978723404255,6466.666666666667,163.72383052400974
2022,HOUGANG,3 ROOM,historical_non_mature,302,51.666666666666664,95.16666666666667,12,5432.203389830509,5586.363052138722,789.9111835270447
2022,HOUGANG,4 ROOM,historical_non_mature,638,52.416666666666664,95.16666666666667,12,5119.047619047619,5464.008901118209,986.0668832651908
2022,HOUGANG,5 ROOM,historical_non_mature,256,52.0,94.58333333333333,12,5125.0,5400.55333692389,872.5995841284056
2022,HOUGANG,EXECUTIVE,historical_non_mature,127,60.666666666666664,77.0,12,5554.054054054054,5595.073442732491,592.2301549560303
2022,JURONG EAST,2 ROOM,historical_non_mature,6,89.91666666666667,91.16666666666667,6,6245.647969052225,6296.50225660864,297.23115708672873
2022,JURONG EAST,3 ROOM,historical_non_mature,178,53.833333333333336,93.91666666666667,12,5109.381663113007,5098.182126462612,579.5276697934531
2022,JURONG EAST,4 ROOM,historical_non_mature,138,55.083333333333336,93.91666666666667,12,4940.269408011343,4984.352797010144,650.0188817707876
2022,JURONG EAST,5 ROOM,historical_non_mature,119,54.25,90.25,12,4957.264957264957,5008.66709611386,678.6103635780929
2022,JURONG EAST,EXECUTIVE,historical_non_mature,44,60.166666666666664,76.41666666666667,11,5209.800469483568,5366.049478715337,809.8896040127441
2022,JURONG WEST,2 ROOM,historical_non_mature,21,54.666666666666664,94.83333333333333,9,6382.978723404255,6203.337050487506,661.4584839317552
2022,JURONG WEST,3 ROOM,historical_non_mature,321,46.416666666666664,95.25,12,4915.068493150685,5090.291656155254,758.499272811236
2022,JURONG WEST,4 ROOM,historical_non_mature,594,58.5,95.5,12,4946.802490096208,4999.118243098114,843.8945961792721
2022,JURONG WEST,5 ROOM,historical_non_mature,529,52.583333333333336,95.5,12,4800.0,4860.635578126171,741.5224830611338
2022,JURONG WEST,EXECUTIVE,historical_non_mature,190,61.5,79.5,12,4663.265306122449,4727.126991278235,418.8665067272922
2022,KALLANG/WHAMPOA,2 ROOM,historical_mature,8,46.833333333333336,58.5,4,5660.919540229885,5602.161703239289,480.174706659773
2022,KALLANG/WHAMPOA,3 ROOM,historical_mature,346,45.25,95.0,12,5735.294117647059,6523.591354895874,1843.83972087122
2022,KALLANG/WHAMPOA,4 ROOM,historical_mature,430,49.166666666666664,95.16666666666667,12,8480.381362007169,8084.114699824366,1636.1643103978406
2022,KALLANG/WHAMPOA,5 ROOM,historical_mature,127,50.083333333333336,94.5,12,6863.636363636364,7150.64983566837,1535.3107493255172
2022,KALLANG/WHAMPOA,EXECUTIVE,historical_mature,16,60.916666666666664,71.75,8,6479.591836734694,6541.848459841053,553.7923082594281
2022,MARINE PARADE,3 ROOM,historical_mature,91,51.166666666666664,54.583333333333336,12,6052.631578947368,6061.587001923078,530.8765713892884
2022,MARINE PARADE,4 ROOM,historical_mature,44,51.166666666666664,53.5,11,6341.463414634147,6250.972257748368,633.6275597027519
2022,MARINE PARADE,5 ROOM,historical_mature,59,51.25,54.083333333333336,12,7066.666666666667,7035.399305763405,683.3514967694928
2022,PASIR RIS,2 ROOM,historical_mature,6,71.16666666666667,92.66666666666667,6,7074.468085106383,6722.437137330755,919.8985132991605
2022,PASIR RIS,3 ROOM,historical_mature,21,56.75,92.58333333333333,12,7058.823529411765,7141.373814021312,1037.8897120325944
2022,PASIR RIS,4 ROOM,historical_mature,310,65.08333333333333,92.58333333333333,12,4812.202433433256,5136.971756294353,929.1054514870074
2022,PASIR RIS,5 ROOM,historical_mature,263,65.25,92.58333333333333,12,4918.0327868852455,4992.901188195653,567.9196578469541
2022,PASIR RIS,EXECUTIVE,historical_mature,218,64.83333333333333,73.58333333333333,12,5202.739726027397,5255.261534451836,475.74605140276225
2022,PUNGGOL,2 ROOM,historical_non_mature,40,88.83333333333333,95.58333333333333,12,6721.837944664032,6838.699260867861,581.6839454245984
2022,PUNGGOL,3 ROOM,historical_non_mature,207,88.66666666666667,95.58333333333333,12,6417.910447761194,6434.003734105746,387.385936106621
2022,PUNGGOL,4 ROOM,historical_non_mature,1048,79.08333333333333,95.66666666666667,12,5923.913043478261,5948.8733434811365,545.4508912324759
2022,PUNGGOL,5 ROOM,historical_non_mature,680,79.08333333333333,95.33333333333333,12,5480.0489886219975,5628.419359674302,847.5434120401162
2022,PUNGGOL,EXECUTIVE,historical_non_mature,30,79.75,81.33333333333333,12,5127.879807692308,5193.053569369907,274.99880729401474
2022,QUEENSTOWN,2 ROOM,historical_mature,15,43.416666666666664,91.91666666666667,8,5760.869565217391,6420.837187789085,1481.8698516457175
2022,QUEENSTOWN,3 ROOM,historical_mature,328,43.166666666666664,95.25,12,5846.153846153846,6700.7300633238965,1961.750914162708
2022,QUEENSTOWN,4 ROOM,historical_mature,298,45.166666666666664,95.08333333333333,12,9230.676328502415,8925.66837531433,1540.1989577195866
2022,QUEENSTOWN,5 ROOM,historical_mature,106,51.25,93.66666666666667,12,7843.076923076923,8077.057732979187,1481.5905394562908
2022,QUEENSTOWN,EXECUTIVE,historical_mature,7,72.08333333333333,72.75,5,7793.103448275862,7778.6490436927725,364.57327695431314
2022,SEMBAWANG,2 ROOM,historical_non_mature,46,87.66666666666667,95.5,11,6861.702127659574,6956.500650935545,617.4328247840659
2022,SEMBAWANG,3 ROOM,historical_non_mature,62,91.41666666666667,95.5,10,6323.529411764706,6240.475147979269,393.7111538624615
2022,SEMBAWANG,4 ROOM,historical_non_mature,358,75.0,95.5,12,5342.198581560284,5439.8544341394,652.1380566714657
2022,SEMBAWANG,5 ROOM,historical_non_mature,255,74.91666666666667,95.5,12,4916.363636363636,5194.252736606369,761.6214586672415
2022,SEMBAWANG,EXECUTIVE,historical_non_mature,69,75.08333333333333,79.83333333333333,12,4656.488549618321,4663.620405607548,299.90421735093526
2022,SENGKANG,2 ROOM,historical_non_mature,53,83.91666666666667,95.25,12,6808.510638297872,6905.39866328574,587.8316393587567
2022,SENGKANG,3 ROOM,historical_non_mature,178,83.83333333333333,95.41666666666667,12,6323.529411764706,6290.531755541246,443.389709641882
2022,SENGKANG,4 ROOM,historical_non_mature,1133,75.25,95.08333333333333,12,5645.1612903225805,5698.752408326494,679.5806023826066
2022,SENGKANG,5 ROOM,historical_non_mature,807,75.16666666666667,95.16666666666667,12,5163.636363636364,5351.8527864189255,769.2586782478623
2022,SENGKANG,EXECUTIVE,historical_non_mature,128,75.16666666666667,80.33333333333333,12,5265.333333333334,5259.236651637056,401.28531933469236
2022,SERANGOON,2 ROOM,historical_mature,4,54.666666666666664,55.25,3,5943.181818181818,5954.545454545455,233.99159411334102
2022,SERANGOON,3 ROOM,historical_mature,92,54.5,65.91666666666667,12,5713.88134057971,5769.62860867405,554.264483732382
2022,SERANGOON,4 ROOM,historical_mature,199,54.5,75.75,12,5692.307692307692,5752.215762271051,889.0223308804203
2022,SERANGOON,5 ROOM,historical_mature,75,61.416666666666664,76.33333333333333,12,5600.0,5739.000270980148,721.727660435472
2022,SERANGOON,EXECUTIVE,historical_mature,58,61.833333333333336,75.41666666666667,12,6077.8533333333335,6210.051729923485,809.8932497527834
2022,TAMPINES,2 ROOM,historical_mature,12,88.75,92.5,8,7087.68115942029,7056.627094254291,221.91092150150104
2022,TAMPINES,3 ROOM,historical_mature,385,58.583333333333336,95.16666666666667,12,5513.513513513513,5729.032135496118,790.6032967546729
2022,TAMPINES,4 ROOM,historical_mature,658,58.583333333333336,94.58333333333333,12,5182.692307692308,5417.98506422727,900.3374473304394
2022,TAMPINES,5 ROOM,historical_mature,443,58.75,94.08333333333333,12,5105.691056910569,5397.696887559188,937.2332305215753
2022,TAMPINES,EXECUTIVE,historical_mature,202,60.916666666666664,74.5,12,5678.0821917808225,5670.798538458051,481.25107301789495
2022,TAMPINES,MULTI-GENERATION,historical_mature,4,63.833333333333336,64.5,4,5556.39393939394,5668.638736765242,642.0435516450397
2022,TOA PAYOH,2 ROOM,historical_mature,23,43.583333333333336,60.25,9,6125.0,6080.544621952078,507.9877942388983
2022,TOA PAYOH,3 ROOM,historical_mature,385,43.583333333333336,95.33333333333333,12,5059.815384615385,5559.237708172474,1560.2778745345365
2022,TOA PAYOH,4 ROOM,historical_mature,280,49.666666666666664,95.33333333333333,12,7337.232659813305,7558.200018868495,2014.1732994600145
2022,TOA PAYOH,5 ROOM,historical_mature,136,49.083333333333336,89.41666666666667,12,6970.687645687645,7192.548860028883,1884.6699729720704
2022,TOA PAYOH,EXECUTIVE,historical_mature,22,60.5,70.25,10,6291.390728476821,6369.544099272644,627.6260922621849
2022,WOODLANDS,2 ROOM,historical_non_mature,28,61.0,95.16666666666667,10,6520.085106382979,6511.075075075075,563.3642479785865
2022,WOODLANDS,3 ROOM,historical_non_mature,243,50.916666666666664,95.25,12,5088.235294117647,5270.862327602105,828.3433778461794
2022,WOODLANDS,4 ROOM,historical_non_mature,834,51.25,95.25,12,4767.441860465116,4933.727865832402,632.2373993655551
2022,WOODLANDS,5 ROOM,historical_non_mature,568,52.583333333333336,95.25,12,4636.363636363636,4745.0443183178895,559.730113323989
2022,WOODLANDS,EXECUTIVE,historical_non_mature,197,63.5,78.58333333333333,12,5000.0,4998.215382614879,345.16520039829476
2022,YISHUN,2 ROOM,historical_non_mature,48,77.33333333333333,95.41666666666667,12,6574.468085106383,6553.434992067933,561.4231517286009
2022,YISHUN,3 ROOM,historical_non_mature,537,54.583333333333336,95.5,12,5298.507462686567,5411.82216924558,612.8705237516904
2022,YISHUN,4 ROOM,historical_non_mature,942,55.166666666666664,95.5,12,4960.061443932412,5022.079276257567,589.6997445848733
2022,YISHUN,5 ROOM,historical_non_mature,364,60.916666666666664,95.66666666666667,12,5223.214285714285,5211.546977987051,648.6820040414807
2022,YISHUN,EXECUTIVE,historical_non_mature,91,60.25,69.5,12,5228.75816993464,5272.784125837268,365.3570583024848
2022,YISHUN,MULTI-GENERATION,historical_non_mature,8,64.16666666666667,65.0,6,5327.098608409397,5447.563680058419,552.7288613214591
2023,ANG MO KIO,2 ROOM,historical_mature,24,52.5,62.083333333333336,11,6568.181818181818,6558.261973476259,331.58741164461213
2023,ANG MO KIO,3 ROOM,historical_mature,539,51.5,95.08333333333333,12,5452.054794520548,5665.735036134125,1023.810554974227
2023,ANG MO KIO,4 ROOM,historical_mature,344,51.75,95.16666666666667,12,5771.465408023848,6969.5197891050575,2039.3541062334903
2023,ANG MO KIO,5 ROOM,historical_mature,124,52.75,94.25,12,6208.126036484246,6803.137155166647,1500.0116112194428
2023,ANG MO KIO,EXECUTIVE,historical_mature,14,52.166666666666664,72.41666666666667,7,6596.789734075448,6621.799445577242,759.0755496767749
2023,BEDOK,2 ROOM,historical_mature,15,53.75,92.5,8,6577.777777777777,6742.387706855791,564.9605503606934
2023,BEDOK,3 ROOM,historical_mature,566,47.666666666666664,95.08333333333333,12,5441.176470588235,5589.978164662634,722.191302868243
2023,BEDOK,4 ROOM,historical_mature,451,50.666666666666664,95.0,12,5543.478260869565,6170.904510359256,1385.1768856954002
2023,BEDOK,5 ROOM,historical_mature,218,50.666666666666664,94.83333333333333,12,5575.436492069839,5874.277002024369,1136.1448311920503
2023,BEDOK,EXECUTIVE,historical_mature,60,53.583333333333336,72.83333333333333,12,6082.498582498582,6159.259644954044,530.6145976720475
2023,BISHAN,3 ROOM,historical_mature,43,48.916666666666664,64.25,12,7265.625,6799.248535581668,1087.4517932001643
2023,BISHAN,4 ROOM,historical_mature,193,49.666666666666664,87.58333333333333,12,7070.707070707071,7204.4323023530615,1185.4745120631203
2023,BISHAN,5 ROOM,historical_mature,103,60.75,87.66666666666667,12,7312.977099236641,7421.542323375335,1092.2804232823062
2023,BISHAN,EXECUTIVE,historical_mature,41,61.083333333333336,68.66666666666667,12,7210.884353741497,7310.485771392847,713.6208737379936
2023,BUKIT BATOK,2 ROOM,historical_non_mature,63,94.16666666666667,95.33333333333333,12,7595.744680851064,7653.4536456149,593.1101140912662
2023,BUKIT BATOK,3 ROOM,historical_non_mature,364,58.833333333333336,95.16666666666667,12,5564.404007360457,5909.7043869084755,819.6249355571168
2023,BUKIT BATOK,4 ROOM,historical_non_mature,651,58.75,95.33333333333333,12,6397.8494623655915,6246.502583052607,1019.6079007392406
2023,BUKIT BATOK,5 ROOM,historical_non_mature,262,60.166666666666664,95.41666666666667,12,6725.66371681416,6614.074584540077,909.4817333681658
2023,BUKIT BATOK,EXECUTIVE,historical_non_mature,70,60.083333333333336,74.25,12,5561.134764901888,5670.544267242674,501.5902666908317
2023,BUKIT MERAH,1 ROOM,historical_mature,6,50.333333333333336,51.083333333333336,5,7790.322580645161,7838.709677419355,332.11710132216115
2023,BUKIT MERAH,2 ROOM,historical_mature,27,42.666666666666664,94.83333333333333,11,6590.909090909091,7325.298011920979,1805.3982612939353
2023,BUKIT MERAH,3 ROOM,historical_mature,355,42.583333333333336,95.5,12,6238.805970149254,7374.47595093949,2192.310444888616
2023,BUKIT MERAH,4 ROOM,historical_mature,428,45.583333333333336,95.25,12,9055.555555555555,8641.66724559365,1628.3012939926118
2023,BUKIT MERAH,5 ROOM,historical_mature,168,49.916666666666664,94.75,12,7623.476677405799,7938.297665422169,1653.2842074295781
2023,BUKIT PANJANG,2 ROOM,historical_non_mature,8,90.0,91.66666666666667,5,6627.659574468085,6568.455134135061,292.0905652444771
2023,BUKIT PANJANG,3 ROOM,historical_non_mature,110,62.333333333333336,93.0,12,5587.489297945205,5712.680494519835,640.5367286880572
2023,BUKIT PANJANG,4 ROOM,historical_non_mature,367,62.5,93.08333333333333,12,5240.384615384615,5400.360489836951,738.0297600312888
2023,BUKIT PANJANG,5 ROOM,historical_non_mature,201,63.083333333333336,93.0,12,5208.333333333333,5416.805000436301,746.1515510535594
2023,BUKIT PANJANG,EXECUTIVE,historical_non_mature,73,62.833333333333336,79.25,12,5586.206896551724,5661.314269868889,689.9361692201871
2023,BUKIT TIMAH,3 ROOM,historical_mature,11,49.5,51.666666666666664,7,6369.86301369863,6468.94663046617,476.4301179101299
2023,BUKIT TIMAH,4 ROOM,historical_mature,16,49.5,65.25,9,7668.2692307692305,7604.421188829897,725.8937732800044
2023,BUKIT TIMAH,5 ROOM,historical_mature,11,49.916666666666664,65.08333333333333,6,8203.125,8421.038166044724,865.729421804319
2023,BUKIT TIMAH,EXECUTIVE,historical_mature,8,63.666666666666664,65.33333333333333,5,8325.653798256539,8410.252924771543,397.4151286655905
2023,CENTRAL AREA,2 ROOM,historical_mature,10,46.666666666666664,59.166666666666664,8,5547.169811320755,6003.519876350065,916.7764623878248
2023,CENTRAL AREA,3 ROOM,historical_mature,91,49.416666666666664,62.666666666666664,12,7105.263157894737,7232.439032370079,974.7025560528816
2023,CENTRAL AREA,4 ROOM,historical_mature,76,46.75,87.08333333333333,12,9847.928298560095,10022.11532519282,3010.3242826455225
2023,CENTRAL AREA,5 ROOM,historical_mature,16,52.5,87.0,8,12692.183288409704,11203.450413106995,2746.6355163343273
2023,CENTRAL AREA,EXECUTIVE,historical_mature,2,60.916666666666664,61.0,2,7135.369101978691,7135.369101978691,888.861206868249
2023,CHOA CHU KANG,2 ROOM,historical_non_mature,10,86.91666666666667,92.83333333333333,8,6398.011100832562,6462.9972247918595,352.920535711278
2023,CHOA CHU KANG,3 ROOM,historical_non_mature,69,53.666666666666664,94.25,12,6000.0,5759.820709477551,685.8225093363769
2023,CHOA CHU KANG,4 ROOM,historical_non_mature,596,53.833333333333336,94.08333333333333,12,4920.9784615384615,5069.589545669881,591.1153575506277
2023,CHOA CHU KANG,5 ROOM,historical_non_mature,366,54.25,94.08333333333333,12,4847.049180327869,4985.753347082564,533.5825601520881
2023,CHOA CHU KANG,EXECUTIVE,historical_non_mature,96,65.0,79.16666666666667,12,5013.5,5035.549509177335,314.5721154219801
2023,CLEMENTI,2 ROOM,historical_mature,3,54.583333333333336,94.25,3,6931.818181818182,8072.695035460992,2075.246611776261
2023,CLEMENTI,3 ROOM,historical_mature,257,53.25,94.66666666666667,12,5671.641791044776,6397.7127047782,1635.2081032446176
2023,CLEMENTI,4 ROOM,historical_mature,218,53.25,94.75,12,6557.572861920688,7295.287409594086,1908.3699468927123
2023,CLEMENTI,5 ROOM,historical_mature,67,53.333333333333336,94.33333333333333,12,6554.621848739495,7602.933655473801,2173.725166759753
2023,CLEMENTI,EXECUTIVE,historical_mature,20,54.5,61.416666666666664,8,6638.1278538812785,6626.904947444942,385.953772371478
2023,GEYLANG,2 ROOM,historical_mature,22,42.416666666666664,61.833333333333336,9,5869.565217391304,5904.958006121743,401.11307032455534
2023,GEYLANG,3 ROOM,historical_mature,283,42.083333333333336,92.91666666666667,12,5542.372881355932,5948.564654381008,1293.9243449415221
2023,GEYLANG,4 ROOM,historical_mature,241,43.083333333333336,92.91666666666667,12,6195.652173913043,6823.736172464357,1578.06442715348
2023,GEYLANG,5 ROOM,historical_mature,69,51.666666666666664,82.66666666666667,12,6203.43661971831,6452.8401312128,1273.839493027059
2023,GEYLANG,EXECUTIVE,historical_mature,20,61.166666666666664,63.416666666666664,10,5980.950342465753,6132.098452410474,553.5655552792936
2023,HOUGANG,2 ROOM,historical_non_mature,32,87.58333333333333,95.33333333333333,8,7531.914893617021,7642.868514371035,640.5910304982281
2023,HOUGANG,3 ROOM,historical_non_mature,305,50.666666666666664,95.25,12,5743.243243243243,5896.157909737353,722.817869808453
2023,HOUGANG,4 ROOM,historical_non_mature,680,51.25,95.25,12,5494.505494505494,5692.242951344515,829.51767935276
2023,HOUGANG,5 ROOM,historical_non_mature,287,51.333333333333336,94.91666666666667,12,5537.190082644628,5754.344885756536,793.8890545695431
2023,HOUGANG,EXECUTIVE,historical_non_mature,109,59.0,75.75,12,5934.306569343065,6014.646469121862,459.8218532069109
2023,JURONG EAST,2 ROOM,historical_non_mature,10,89.16666666666667,90.08333333333333,8,6874.207188160677,6784.60932931492,540.2550884429508
2023,JURONG EAST,3 ROOM,historical_non_mature,163,42.583333333333336,93.0,12,5298.507462686567,5280.452398402012,640.7372024393673
2023,JURONG EAST,4 ROOM,historical_non_mature,142,54.416666666666664,92.66666666666667,12,5010.869565217392,5123.813305261495,678.3517937357608
2023,JURONG EAST,5 ROOM,historical_non_mature,105,54.416666666666664,89.5,12,5233.333333333333,5245.395398718826,658.7161119406309
2023,JURONG EAST,EXECUTIVE,historical_non_mature,47,60.083333333333336,75.83333333333333,12,5777.027027027027,5936.482201178766,865.9248854723696
2023,JURONG WEST,2 ROOM,historical_non_mature,35,46.416666666666664,95.0,12,6595.744680851064,6466.793212954177,691.378682159465
2023,JURONG WEST,3 ROOM,historical_non_mature,337,46.083333333333336,95.08333333333333,12,5041.095890410959,5249.692203080976,753.7249989398287
2023,JURONG WEST,4 ROOM,historical_non_mature,597,46.333333333333336,95.16666666666667,12,5109.89010989011,5163.342295250717,785.5681195319837
2023,JURONG WEST,5 ROOM,historical_non_mature,449,51.666666666666664,94.83333333333333,12,5040.650406504065,5119.44790729172,708.2211666137314
2023,JURONG WEST,EXECUTIVE,historical_non_mature,143,60.333333333333336,78.33333333333333,12,4865.771812080537,5019.916533925015,447.84603327042845
2023,KALLANG/WHAMPOA,2 ROOM,historical_mature,11,46.083333333333336,62.083333333333336,7,6023.809523809524,6051.645359293142,344.75144396015384
2023,KALLANG/WHAMPOA,3 ROOM,historical_mature,356,44.166666666666664,94.08333333333333,12,5802.7168494516445,6451.585607298061,1636.6722771342759
2023,KALLANG/WHAMPOA,4 ROOM,historical_mature,293,47.916666666666664,94.58333333333333,12,8387.09677419355,8153.648681465566,1811.158931132866
2023,KALLANG/WHAMPOA,5 ROOM,historical_mature,108,49.666666666666664,93.33333333333333,12,7216.08118657299,7521.8883321392295,1578.1660628478976
2023,KALLANG/WHAMPOA,EXECUTIVE,historical_mature,14,59.833333333333336,70.75,7,6759.2052851452445,6742.607568544822,503.618365766252
2023,MARINE PARADE,2 ROOM,historical_mature,1,50.5,50.5,1,6309.523809523809,6309.523809523809,
2023,MARINE PARADE,3 ROOM,historical_mature,72,50.416666666666664,52.333333333333336,12,6330.995475113123,6443.943283968669,533.701199088253
2023,MARINE PARADE,4 ROOM,historical_mature,35,50.166666666666664,52.333333333333336,12,6500.0,6644.283638985069,705.771805276252
2023,MARINE PARADE,5 ROOM,historical_mature,36,50.25,53.083333333333336,11,7065.079365079366,7175.091324547807,725.4945139557352
2023,PASIR RIS,2 ROOM,historical_mature,8,90.58333333333333,91.58333333333333,7,7659.574468085107,7688.829787234042,159.59979535581334
2023,PASIR RIS,3 ROOM,historical_mature,15,55.833333333333336,91.66666666666667,11,7647.058823529412,7230.902822667528,1742.3463132498932
2023,PASIR RIS,4 ROOM,historical_mature,269,64.0,91.58333333333333,12,5225.225225225226,5546.537668509131,1019.6921205481901
2023,PASIR RIS,5 ROOM,historical_mature,197,64.16666666666667,91.41666666666667,12,5211.382113821138,5303.692331051591,632.0095873548257
2023,PASIR RIS,EXECUTIVE,historical_mature,134,64.16666666666667,72.5,12,5614.341627061784,5588.92571710026,382.09611736738094
2023,PUNGGOL,2 ROOM,historical_non_mature,89,87.83333333333333,94.91666666666667,12,7391.304347826087,7364.7409435391555,533.5728296872792
2023,PUNGGOL,3 ROOM,historical_non_mature,298,87.66666666666667,95.25,12,6779.411764705882,6790.051501070061,346.26084430458053
2023,PUNGGOL,4 ROOM,historical_non_mature,1058,78.33333333333333,95.16666666666667,12,6413.04347826087,6416.074633772092,547.4469313004149
2023,PUNGGOL,5 ROOM,historical_non_mature,606,77.83333333333333,95.25,12,5977.913533834586,6065.06871222514,832.6279681780283
2023,PUNGGOL,EXECUTIVE,historical_non_mature,33,78.58333333333333,80.33333333333333,12,5703.125,5715.415020057462,291.44679463165954
2023,QUEENSTOWN,2 ROOM,historical_mature,26,42.166666666666664,90.83333333333333,9,5961.4052449282535,7061.005525041687,1905.019631532153
2023,QUEENSTOWN,3 ROOM,historical_mature,253,42.166666666666664,94.5,12,5969.2307692307695,6714.303373568955,1878.3482952006266
2023,QUEENSTOWN,4 ROOM,historical_mature,261,44.666666666666664,96.16666666666667,12,9677.41935483871,9477.10305084592,1554.0851909633902
2023,QUEENSTOWN,5 ROOM,historical_mature,52,50.25,92.66666666666667,12,7788.048552754435,8291.008964111203,1611.3566593294368
2023,QUEENSTOWN,EXECUTIVE,historical_mature,7,68.75,71.75,5,7866.666666666667,7617.753091642655,821.1330868741994
2023,SEMBAWANG,2 ROOM,historical_non_mature,78,90.33333333333333,95.25,12,7187.5,7321.684041575275,619.777083066492
2023,SEMBAWANG,3 ROOM,historical_non_mature,98,90.5,95.08333333333333,12,6507.35294117647,6516.575997563206,338.6770105586679
2023,SEMBAWANG,4 ROOM,historical_non_mature,528,74.0,95.08333333333333,12,5940.860215053763,5850.180749714733,589.7807632571922
2023,SEMBAWANG,5 ROOM,historical_non_mature,255,74.33333333333333,94.83333333333333,12,5215.517241379311,5389.17505936963,647.0178803192741
2023,SEMBAWANG,EXECUTIVE,historical_non_mature,51,74.08333333333333,77.75,12,5061.538461538462,5099.171142157599,375.17283923663655
2023,SENGKANG,2 ROOM,historical_non_mature,53,82.91666666666667,94.91666666666667,12,7191.489361702128,7345.212071967511,618.766680829981
2023,SENGKANG,3 ROOM,historical_non_mature,134,82.75,94.91666666666667,12,6751.918158567775,6763.125495244069,525.9515956274577
2023,SENGKANG,4 ROOM,historical_non_mature,1024,74.16666666666667,95.08333333333333,12,6063.829787234043,6131.792188292094,790.1678189722284
2023,SENGKANG,5 ROOM,historical_non_mature,633,74.0,94.41666666666667,12,5409.090909090909,5648.423998615195,795.8744771305279
2023,SENGKANG,EXECUTIVE,historical_non_mature,109,74.08333333333333,79.33333333333333,12,5535.714285714285,5555.448012608815,334.82060921981514
2023,SERANGOON,2 ROOM,historical_mature,3,53.666666666666664,54.0,2,6477.272727272727,6500.0,39.36479108111062
2023,SERANGOON,3 ROOM,historical_mature,110,53.5,64.83333333333333,12,5927.083333333334,6156.349600149939,706.5430596628553
2023,SERANGOON,4 ROOM,historical_mature,188,53.666666666666664,75.33333333333333,12,6259.408602150537,6251.129543744442,879.4699514957833
2023,SERANGOON,5 ROOM,historical_mature,66,60.583333333333336,74.91666666666667,12,5592.24522422436,5846.8711316843255,717.1641881982358
2023,SERANGOON,EXECUTIVE,historical_mature,53,60.416666666666664,74.5,12,6122.448979591837,6379.447667964818,688.5102687312879
2023,TAMPINES,2 ROOM,historical_mature,10,87.5,91.16666666666667,6,7532.608695652174,7518.013156542297,435.8037897610378
2023,TAMPINES,3 ROOM,historical_mature,400,57.416666666666664,95.25,12,5783.783783783784,6016.305058883972,820.9943894528554
2023,TAMPINES,4 ROOM,historical_mature,674,57.75,95.33333333333333,12,5576.923076923077,5842.99739412917,922.8889252893874
2023,TAMPINES,5 ROOM,historical_mature,425,57.75,94.91666666666667,12,5409.836065573771,5708.713791062949,902.4838623310666
2023,TAMPINES,EXECUTIVE,historical_mature,125,58.583333333333336,73.5,12,5930.06993006993,5916.873820507865,399.8922984614048
2023,TOA PAYOH,2 ROOM,historical_mature,31,42.75,59.166666666666664,12,6279.069767441861,6207.660931903507,492.28660031634945
2023,TOA PAYOH,3 ROOM,historical_mature,352,42.75,95.08333333333333,12,5385.5017221584385,5963.235932197636,1700.0343969913877
2023,TOA PAYOH,4 ROOM,historical_mature,200,48.25,95.16666666666667,12,7888.552651232263,7978.111298043084,2102.719505394053
2023,TOA PAYOH,5 ROOM,historical_mature,113,45.916666666666664,88.41666666666667,12,7000.0,7585.149426284624,2042.757658985342
2023,TOA PAYOH,EXECUTIVE,historical_mature,24,59.583333333333336,69.33333333333333,11,6632.042093803864,6607.404131832188,629.5004834571423
2023,WOODLANDS,2 ROOM,historical_non_mature,49,90.83333333333333,95.08333333333333,11,7127.659574468085,7262.41303538152,948.108013081185
2023,WOODLANDS,3 ROOM,historical_non_mature,273,49.666666666666664,95.25,12,5342.465753424657,5592.4993395986885,771.0607323719527
2023,WOODLANDS,4 ROOM,historical_non_mature,958,49.916666666666664,95.16666666666667,12,5087.434304825609,5212.613830695245,632.8640817225179
2023,WOODLANDS,5 ROOM,historical_non_mature,586,51.416666666666664,95.08333333333333,12,4916.666666666667,5012.604727115354,518.2991942001029
2023,WOODLANDS,EXECUTIVE,historical_non_mature,190,62.083333333333336,77.58333333333333,12,5308.447672854452,5313.550006618566,312.5986825719483
2023,YISHUN,2 ROOM,historical_non_mature,70,75.83333333333333,95.0,12,6964.36170212766,7038.432140457527,604.5458290370976
2023,YISHUN,3 ROOM,historical_non_mature,501,53.416666666666664,95.0,12,5582.089552238806,5685.242942164955,636.9782892240173
2023,YISHUN,4 ROOM,historical_non_mature,869,54.5,95.0,12,5268.817204301075,5335.972200305435,620.9788479047976
2023,YISHUN,5 ROOM,historical_non_mature,319,58.5,94.91666666666667,12,5532.786885245901,5527.812630068989,656.5427058952282
2023,YISHUN,EXECUTIVE,historical_non_mature,60,60.833333333333336,68.41666666666667,12,5510.56338028169,5529.961983656737,343.46847409088747
2023,YISHUN,MULTI-GENERATION,historical_non_mature,3,63.083333333333336,63.916666666666664,3,5880.503144654088,5786.983357342797,304.27300079513236
2024,ANG MO KIO,2 ROOM,historical_mature,22,52.083333333333336,60.916666666666664,9,6852.272727272727,6887.408172635446,291.63470019926325
2024,ANG MO KIO,3 ROOM,historical_mature,571,50.5,94.08333333333333,12,5820.895522388059,6065.789735123441,989.0992732077515
2024,ANG MO KIO,4 ROOM,historical_mature,308,50.583333333333336,94.16666666666667,12,6097.826086956522,7016.820223033646,1885.3883943729281
2024,ANG MO KIO,5 ROOM,historical_mature,144,51.666666666666664,93.58333333333333,12,6672.316384180791,7420.19286900454,1707.1685524686511
2024,ANG MO KIO,EXECUTIVE,historical_mature,15,53.583333333333336,71.25,6,7303.3707865168535,7112.912098670638,636.7871615451248
2024,BEDOK,2 ROOM,historical_mature,15,53.166666666666664,91.33333333333333,8,6844.444444444444,6840.376817823626,466.20736762142815
2024,BEDOK,3 ROOM,historical_mature,536,46.666666666666664,95.0,12,5846.153846153846,5961.84477273048,742.9618725931982
2024,BEDOK,4 ROOM,historical_mature,452,49.5,94.83333333333333,12,5954.451345755693,6427.508322020578,1305.412047313175
2024,BEDOK,5 ROOM,historical_mature,252,49.166666666666664,94.0,12,6199.173553719009,6335.8398923618315,1142.2486387835183
2024,BEDOK,EXECUTIVE,historical_mature,61,53.583333333333336,71.83333333333333,12,6630.13698630137,6655.662472698387,639.6549520693687
2024,BISHAN,3 ROOM,historical_mature,51,48.0,63.916666666666664,11,7890.625,7414.413419002368,1155.1344643338857
2024,BISHAN,4 ROOM,historical_mature,187,48.666666666666664,86.5,12,7641.509433962264,7629.898661333649,936.0556309826418
2024,BISHAN,5 ROOM,historical_mature,105,59.25,86.66666666666667,12,7851.239669421488,8183.228258572308,1378.6791686279673
2024,BISHAN,EXECUTIVE,historical_mature,38,60.0,67.58333333333333,11,8310.206571951538,8179.4274824400845,758.1930431212837
2024,BISHAN,MULTI-GENERATION,historical_mature,1,62.416666666666664,62.416666666666664,1,7313.432835820896,7313.432835820896,
2024,BUKIT BATOK,2 ROOM,historical_non_mature,114,93.16666666666667,95.16666666666667,12,7663.120567375887,7817.802638039108,652.4957346214576
2024,BUKIT BATOK,3 ROOM,historical_non_mature,428,57.75,95.16666666666667,12,5798.550724637681,6065.8023738530665,782.7569191640554
2024,BUKIT BATOK,4 ROOM,historical_non_mature,810,57.833333333333336,95.41666666666667,12,6451.612903225807,6285.674163571493,918.4958339021993
2024,BUKIT BATOK,5 ROOM,historical_non_mature,305,59.333333333333336,95.16666666666667,12,6562.5,6513.946970963744,933.2709746950395
2024,BUKIT BATOK,EXECUTIVE,historical_non_mature,75,59.166666666666664,72.91666666666667,12,5777.027027027027,5829.888392791024,435.3179075858861
2024,BUKIT MERAH,1 ROOM,historical_mature,11,49.416666666666664,50.083333333333336,7,7967.741935483871,8173.020527859238,658.9293380031861
2024,BUKIT MERAH,2 ROOM,historical_mature,35,41.666666666666664,93.66666666666667,12,6595.744680851064,7144.57924131904,1589.2269900566478
2024,BUKIT MERAH,3 ROOM,historical_mature,378,41.75,94.5,12,6226.489092996555,7375.188715706514,2201.899894592589
2024,BUKIT MERAH,4 ROOM,historical_mature,433,44.75,94.41666666666667,12,9677.41935483871,9238.539537503055,1775.3770280208118
2024,BUKIT MERAH,5 ROOM,historical_mature,183,48.416666666666664,94.41666666666667,12,8228.346456692914,8414.212282436916,1856.831336084206
2024,BUKIT PANJANG,2 ROOM,historical_non_mature,17,88.08333333333333,90.91666666666667,9,7127.659574468085,7200.393970724275,583.0658811464154
2024,BUKIT PANJANG,3 ROOM,historical_non_mature,119,61.833333333333336,91.91666666666667,12,5753.424657534247,5997.772630201973,727.8563115511763
2024,BUKIT PANJANG,4 ROOM,historical_non_mature,370,61.333333333333336,91.91666666666667,12,5644.802867383512,5756.8371285135245,786.4508871719117
2024,BUKIT PANJANG,5 ROOM,historical_non_mature,275,62.166666666666664,91.83333333333333,12,5709.090909090909,5848.355346886227,768.050471744466
2024,BUKIT PANJANG,EXECUTIVE,historical_non_mature,85,62.0,78.25,12,5985.714285714285,6109.878375910711,751.4906238934766
2024,BUKIT TIMAH,3 ROOM,historical_mature,12,48.666666666666664,51.0,9,6712.614509246088,6657.307193167322,424.7992347750948
2024,BUKIT TIMAH,4 ROOM,historical_mature,22,48.5,64.5,11,7600.444499320904,7430.100994926837,1001.3840264062039
2024,BUKIT TIMAH,5 ROOM,historical_mature,16,48.75,64.41666666666667,9,8600.153688524591,8740.217006987268,763.5414330814255
2024,BUKIT TIMAH,EXECUTIVE,historical_mature,12,63.166666666666664,64.66666666666667,6,8826.543319694003,8848.213840953567,519.6319260621082
2024,CENTRAL AREA,2 ROOM,historical_mature,7,45.666666666666664,57.916666666666664,6,5660.377358490566,6095.7066233182195,914.4971155132292
2024,CENTRAL AREA,3 ROOM,historical_mature,81,48.166666666666664,61.666666666666664,12,7678.571428571428,7742.59810650152,955.9042171740284
2024,CENTRAL AREA,4 ROOM,historical_mature,67,48.5,85.91666666666667,12,9390.243902439024,10497.275067290224,3355.6436331987607
2024,CENTRAL AREA,5 ROOM,historical_mature,24,49.916666666666664,86.08333333333333,11,13262.652089578558,11362.277181589721,3237.7761008976604
2024,CHOA CHU KANG,2 ROOM,historical_non_mature,11,85.91666666666667,92.41666666666667,8,6808.510638297872,6950.376250946093,309.8687268281256
2024,CHOA CHU KANG,3 ROOM,historical_non_mature,85,52.666666666666664,93.08333333333333,12,5863.013698630137,6055.537125905637,798.137274046697
2024,CHOA CHU KANG,4 ROOM,historical_non_mature,654,52.583333333333336,93.16666666666667,12,5182.5508115737475,5315.791020197231,598.0182171902907
2024,CHOA CHU KANG,5 ROOM,historical_non_mature,407,53.166666666666664,93.16666666666667,12,5163.934426229508,5285.613861631025,549.0505786563889
2024,CHOA CHU KANG,EXECUTIVE,historical_non_mature,127,63.5,78.0,12,5387.3239436619715,5429.943725182232,401.5927214338254
2024,CLEMENTI,2 ROOM,historical_mature,3,88.25,88.41666666666667,3,8979.591836734693,9095.238095238097,550.0116743046844
2024,CLEMENTI,3 ROOM,historical_mature,270,52.166666666666664,93.58333333333333,12,5820.895522388059,6295.957886014092,1473.9785260893343
2024,CLEMENTI,4 ROOM,historical_mature,201,52.25,93.66666666666667,12,7163.461538461538,7841.16832443759,2219.808569505919
2024,CLEMENTI,5 ROOM,historical_mature,66,52.416666666666664,93.58333333333333,12,7182.539682539683,7876.1545121324725,2170.4294772400767
2024,CLEMENTI,EXECUTIVE,historical_mature,14,59.0,60.416666666666664,8,7106.346846846847,7055.853096442797,348.96573708325167
2024,GEYLANG,2 ROOM,historical_mature,26,41.166666666666664,61.083333333333336,11,6404.761904761905,6482.089665581856,551.880361993783
2024,GEYLANG,3 ROOM,historical_mature,306,41.25,95.16666666666667,12,6000.0,6799.336289188266,1921.9840643621112
2024,GEYLANG,4 ROOM,historical_mature,248,41.75,95.16666666666667,12,8914.77079796265,8305.394108767237,2029.08710397585
2024,GEYLANG,5 ROOM,historical_mature,61,49.916666666666664,81.83333333333333,12,6727.864406779661,7168.58400893018,1422.0676545557028
2024,GEYLANG,EXECUTIVE,historical_mature,24,60.5,62.166666666666664,11,6689.973363774734,6585.606788386568,520.5663915368111
2024,HOUGANG,2 ROOM,historical_non_mature,56,86.58333333333333,95.08333333333333,12,7872.340425531915,7901.545432730766,613.4668020972186
2024,HOUGANG,3 ROOM,historical_non_mature,308,49.75,95.0,12,6176.470588235294,6280.4013410327725,762.2677999068788
2024,HOUGANG,4 ROOM,historical_non_mature,671,50.083333333333336,95.0,12,6021.5053763440865,6209.9139852494445,820.9162906998782
2024,HOUGANG,5 ROOM,historical_non_mature,288,50.0,93.91666666666667,12,6083.333333333333,6175.748967232659,793.9229167655114
2024,HOUGANG,EXECUTIVE,historical_non_mature,144,56.416666666666664,74.91666666666667,12,6377.205177372963,6409.214881391464,506.92693105248605
2024,JURONG EAST,2 ROOM,historical_non_mature,9,88.0,89.16666666666667,6,7656.545454545455,7426.47735144618,415.3359327696746
2024,JURONG EAST,3 ROOM,historical_non_mature,230,40.916666666666664,95.08333333333333,12,5602.304931040997,5710.3345374696755,802.0766960691901
2024,JURONG EAST,4 ROOM,historical_non_mature,171,53.333333333333336,91.75,12,5384.615384615385,5481.832922565006,735.2041690472286
2024,JURONG EAST,5 ROOM,historical_non_mature,117,53.916666666666664,88.0,12,5416.666666666667,5483.341349643381,720.562681781121
2024,JURONG EAST,EXECUTIVE,historical_non_mature,39,58.75,73.91666666666667,11,5704.697986577181,5875.961168936685,853.3727578935279
2024,JURONG WEST,2 ROOM,historical_non_mature,65,45.333333333333336,94.5,12,7021.276595744681,7021.505026536737,919.8522840363834
2024,JURONG WEST,3 ROOM,historical_non_mature,397,44.5,94.58333333333333,12,5422.5352112676055,5574.634674023872,773.8697004148139
2024,JURONG WEST,4 ROOM,historical_non_mature,764,56.666666666666664,94.58333333333333,12,5263.1578947368425,5376.369903359364,844.2356191359512
2024,JURONG WEST,5 ROOM,historical_non_mature,565,50.75,93.66666666666667,12,5169.4915254237285,5251.114318273461,727.6861905973535
2024,JURONG WEST,EXECUTIVE,historical_non_mature,170,59.5,77.58333333333333,12,5372.307692307692,5366.79335578501,530.0127757689994
2024,KALLANG/WHAMPOA,2 ROOM,historical_mature,8,44.583333333333336,61.166666666666664,7,6926.854166666667,6903.182733585858,601.9760436111918
2024,KALLANG/WHAMPOA,3 ROOM,historical_mature,415,43.166666666666664,95.25,12,6271.186440677966,7075.1270842323775,2021.197324629251
2024,KALLANG/WHAMPOA,4 ROOM,historical_mature,375,47.0,95.41666666666667,12,9516.129032258064,9130.773628554107,2143.5269023771098
2024,KALLANG/WHAMPOA,5 ROOM,historical_mature,111,48.833333333333336,92.16666666666667,12,7463.768115942029,7866.478603259848,1637.2576851688416
2024,KALLANG/WHAMPOA,EXECUTIVE,historical_mature,15,59.083333333333336,69.66666666666667,9,6666.666666666667,6991.022420965399,939.8562157515752
2024,MARINE PARADE,2 ROOM,historical_mature,2,49.583333333333336,49.916666666666664,2,6877.076411960133,6877.076411960133,634.2818303002251
2024,MARINE PARADE,3 ROOM,historical_mature,78,49.083333333333336,51.25,12,6724.493927125506,6733.792003241736,568.7426328158732
2024,MARINE PARADE,4 ROOM,historical_mature,34,49.166666666666664,51.166666666666664,11,6590.909090909091,6840.647435868605,917.3835432961699
2024,MARINE PARADE,5 ROOM,historical_mature,28,49.166666666666664,51.916666666666664,11,7586.538461538461,7706.735035974535,688.5382275155839
2024,PASIR RIS,2 ROOM,historical_mature,5,89.91666666666667,90.58333333333333,4,8510.63829787234,8693.617021276596,425.4255186136962
2024,PASIR RIS,3 ROOM,historical_mature,18,54.833333333333336,90.58333333333333,8,7860.2941176470595,7723.046855625433,1471.8592332612052
2024,PASIR RIS,4 ROOM,historical_mature,279,63.25,90.58333333333333,12,5619.047619047619,5918.675603056829,992.3449553476139
2024,PASIR RIS,5 ROOM,historical_mature,195,63.583333333333336,90.58333333333333,12,5557.377049180328,5696.672014873966,618.382254640402
2024,PASIR RIS,EXECUTIVE,historical_mature,186,63.083333333333336,71.58333333333333,12,5854.748858447489,5894.995270143286,440.33870269158183
2024,PUNGGOL,2 ROOM,historical_non_mature,84,87.33333333333333,93.91666666666667,12,7872.340425531915,7889.711316593031,611.0494614934822
2024,PUNGGOL,3 ROOM,historical_non_mature,259,86.75,95.0,12,7461.538461538462,7444.757311582965,425.24661609512975
2024,PUNGGOL,4 ROOM,historical_non_mature,1005,77.0,95.16666666666667,12,6929.347826086957,6936.8102872498785,571.0124210533047
2024,PUNGGOL,5 ROOM,historical_non_mature,646,77.0,95.08333333333333,12,6452.440868865648,6474.50635251916,854.1407947031028
2024,PUNGGOL,EXECUTIVE,historical_non_mature,33,77.58333333333333,79.33333333333333,12,6015.625,6009.452272727273,264.1111787822614
2024,QUEENSTOWN,2 ROOM,historical_mature,14,41.166666666666664,89.91666666666667,9,6228.260869565217,7410.056567531601,2000.286073305337
2024,QUEENSTOWN,3 ROOM,historical_mature,338,41.25,95.16666666666667,12,6165.268703898841,6987.935000664783,1993.483889833722
2024,QUEENSTOWN,4 ROOM,historical_mature,273,45.083333333333336,93.5,12,10054.347826086956,9699.341743609772,1842.3673622184067
2024,QUEENSTOWN,5 ROOM,historical_mature,69,48.583333333333336,91.16666666666667,12,8891.891891891892,8893.02351043278,1486.9750655104149
2024,QUEENSTOWN,EXECUTIVE,historical_mature,4,70.08333333333333,70.83333333333333,4,8360.544217687075,8393.424728036425,519.1583600311274
2024,SEMBAWANG,2 ROOM,historical_non_mature,87,85.83333333333333,95.16666666666667,12,7829.787234042553,8044.72349444912,868.2576940619168
2024,SEMBAWANG,3 ROOM,historical_non_mature,111,89.58333333333333,95.33333333333333,12,7132.35294117647,7168.4149769114865,561.3881636653092
2024,SEMBAWANG,4 ROOM,historical_non_mature,485,73.16666666666667,95.33333333333333,12,6182.795698924731,6325.888457467725,806.4695087793624
2024,SEMBAWANG,5 ROOM,historical_non_mature,256,73.16666666666667,95.16666666666667,12,5454.545454545455,5603.654237041143,654.9772299976496
2024,SEMBAWANG,EXECUTIVE,historical_non_mature,71,73.16666666666667,77.25,12,5294.117647058823,5320.042120448681,423.64291090527496
2024,SENGKANG,2 ROOM,historical_non_mature,65,81.91666666666667,95.41666666666667,12,7800.0,7873.049192827501,692.564651684731
2024,SENGKANG,3 ROOM,historical_non_mature,171,81.75,95.33333333333333,12,7313.432835820896,7332.033652607941,539.942244365061
2024,SENGKANG,4 ROOM,historical_non_mature,1040,73.16666666666667,95.33333333333333,12,6630.434782608696,6713.475349078965,881.1470476563908
2024,SENGKANG,5 ROOM,historical_non_mature,717,73.16666666666667,94.91666666666667,12,5830.867256637168,6046.176444232408,819.051660297916
2024,SENGKANG,EXECUTIVE,historical_non_mature,125,73.25,78.58333333333333,12,5923.076923076923,5986.338741659708,411.30621701372615
2024,SERANGOON,2 ROOM,historical_mature,1,53.083333333333336,53.083333333333336,1,6500.0,6500.0,
2024,SERANGOON,3 ROOM,historical_mature,96,52.666666666666664,63.5,12,6531.25,6617.522013466302,732.9467206076815
2024,SERANGOON,4 ROOM,historical_mature,197,52.916666666666664,74.41666666666667,12,6703.2967032967035,6755.020488438986,880.7832786118518
2024,SERANGOON,5 ROOM,historical_mature,88,59.75,74.33333333333333,12,6300.495867768595,6513.008272199815,901.2541078853387
2024,SERANGOON,EXECUTIVE,historical_mature,58,59.5,73.5,12,6620.998049569478,6832.035627517406,787.6832859332219
2024,TAMPINES,2 ROOM,historical_mature,15,86.58333333333333,90.5,8,7888.888888888889,7923.953815054649,352.1720894625171
2024,TAMPINES,3 ROOM,historical_mature,421,56.333333333333336,95.25,12,6333.333333333333,6767.399448015374,1068.343032974784
2024,TAMPINES,4 ROOM,historical_mature,867,56.75,95.16666666666667,12,6224.857142857143,6618.837029047704,1122.8481460197795
2024,TAMPINES,5 ROOM,historical_mature,506,57.666666666666664,95.16666666666667,12,5893.442622950819,6357.289922959455,1118.9373738245738
2024,TAMPINES,EXECUTIVE,historical_mature,150,58.833333333333336,72.75,12,6232.635539262976,6248.59120750532,465.34237642504996
2024,TAMPINES,MULTI-GENERATION,historical_mature,2,61.833333333333336,62.5,2,6619.437751004016,6619.437751004016,330.77830470927324
2024,TOA PAYOH,2 ROOM,historical_mature,18,41.833333333333336,58.416666666666664,8,6448.412698412698,6577.259227644764,557.8562490591192
2024,TOA PAYOH,3 ROOM,historical_mature,366,41.583333333333336,95.08333333333333,12,5715.351812366738,6397.905361297483,1854.7293321646837
2024,TOA PAYOH,4 ROOM,historical_mature,299,46.916666666666664,95.08333333333333,12,9523.809523809523,8883.197032164508,2296.531399692503
2024,TOA PAYOH,5 ROOM,historical_mature,108,49.833333333333336,95.0,12,8172.814207650274,8704.863016568766,2317.599135319708
2024,TOA PAYOH,EXECUTIVE,historical_mature,17,58.583333333333336,69.83333333333333,10,7204.968944099379,7265.801148685875,573.3126366320462
2024,WOODLANDS,2 ROOM,historical_non_mature,49,89.75,94.91666666666667,11,7446.808510638298,7766.056836002764,816.5437182015507
2024,WOODLANDS,3 ROOM,historical_non_mature,271,48.75,94.83333333333333,12,5821.917808219178,5996.7624655920745,900.418251845748
2024,WOODLANDS,4 ROOM,historical_non_mature,882,48.666666666666664,94.83333333333333,12,5494.505494505494,5604.184668235962,682.9914632380991
2024,WOODLANDS,5 ROOM,historical_non_mature,626,50.416666666666664,94.83333333333333,12,5315.310507674144,5402.2665252565275,588.2896032060519
2024,WOODLANDS,EXECUTIVE,historical_non_mature,214,55.5,76.58333333333333,12,5681.818181818182,5644.126577601041,369.55738086597734
2024,YISHUN,2 ROOM,historical_non_mature,70,75.41666666666667,95.0,12,7351.063829787234,7546.401837039406,641.0294509020054
2024,YISHUN,3 ROOM,historical_non_mature,477,53.083333333333336,94.91666666666667,12,6074.626865671642,6185.315763791189,691.4240808340518
2024,YISHUN,4 ROOM,historical_non_mature,894,57.666666666666664,95.0,12,5773.809523809524,5796.621627156344,663.1544844012848
2024,YISHUN,5 ROOM,historical_non_mature,311,57.5,93.91666666666667,12,5655.737704918033,5739.494179754048,605.9540874366763
2024,YISHUN,EXECUTIVE,historical_non_mature,90,59.916666666666664,67.41666666666667,12,5821.917808219178,5859.8605910250435,403.9656526599367
2024,YISHUN,MULTI-GENERATION,historical_non_mature,3,62.583333333333336,62.916666666666664,3,6085.365853658536,6471.37831027433,733.3189367758608
2025,ANG MO KIO,2 ROOM,historical_mature,17,50.583333333333336,60.166666666666664,10,7577.777777777777,7576.2762923351165,453.82387870531807
2025,ANG MO KIO,3 ROOM,historical_mature,535,49.416666666666664,93.16666666666667,12,6189.529411764706,6383.458635355598,951.9631619118366
2025,ANG MO KIO,4 ROOM,historical_mature,282,49.666666666666664,94.83333333333333,12,6368.631368631369,7461.7016801504415,2007.65536632871
2025,ANG MO KIO,5 ROOM,historical_mature,123,50.916666666666664,92.25,12,7091.495798319328,7934.033110238376,1928.2317662870266
2025,ANG MO KIO,EXECUTIVE,historical_mature,14,52.416666666666664,70.5,8,7261.981586646016,7022.561965313148,632.2018306108309
2025,BEDOK,2 ROOM,historical_mature,25,51.583333333333336,90.83333333333333,9,7333.333333333333,7355.047496238986,512.5349231749434
2025,BEDOK,3 ROOM,historical_mature,498,45.666666666666664,95.16666666666667,12,6323.529411764706,6582.927342131328,1128.045028364839
2025,BEDOK,4 ROOM,historical_mature,447,48.166666666666664,95.16666666666667,12,6373.626373626374,6986.5877929284525,1477.88950421124
2025,BEDOK,5 ROOM,historical_mature,178,47.583333333333336,92.91666666666667,12,6333.6104951958605,6437.422794578863,990.8338771342992
2025,BEDOK,EXECUTIVE,historical_mature,59,50.916666666666664,70.75,11,6760.56338028169,7004.4719228963595,701.528144929566
2025,BISHAN,3 ROOM,historical_mature,61,46.916666666666664,62.416666666666664,12,8359.375,8082.20779917108,1125.851884312796
2025,BISHAN,4 ROOM,historical_mature,178,47.833333333333336,85.33333333333333,12,7965.367965367966,7999.345718785805,979.2722686686222
2025,BISHAN,5 ROOM,historical_mature,98,58.416666666666664,85.66666666666667,12,8256.768595041322,8611.527534225535,1379.1964157199016
2025,BISHAN,EXECUTIVE,historical_mature,38,58.583333333333336,66.66666666666667,12,8507.578299776287,8507.089444866311,770.5989063623748
2025,BISHAN,MULTI-GENERATION,historical_mature,1,61.166666666666664,61.166666666666664,1,8417.50303030303,8417.50303030303,
2025,BUKIT BATOK,2 ROOM,historical_non_mature,79,92.16666666666667,94.83333333333333,12,8191.489361702128,8275.984498098956,592.4123821168765
2025,BUKIT BATOK,3 ROOM,historical_non_mature,338,57.0,95.08333333333333,12,6095.890410958904,6342.988095807358,787.1820776742592
2025,BUKIT BATOK,4 ROOM,historical_non_mature,548,56.916666666666664,95.33333333333333,12,6659.420289855072,6594.371462497402,987.6753974631342
2025,BUKIT BATOK,5 ROOM,historical_non_mature,267,58.083333333333336,95.33333333333333,12,7123.8938053097345,6899.533793460345,947.6673226274772
2025,BUKIT BATOK,EXECUTIVE,historical_non_mature,72,58.25,72.0,12,5866.666666666667,5953.009786468312,484.011546418946
2025,BUKIT MERAH,1 ROOM,historical_mature,5,48.5,49.25,5,8709.677419354839,8650.890322580646,151.8450823446649
2025,BUKIT MERAH,2 ROOM,historical_mature,29,40.5,92.75,11,6950.883720930233,7483.853192638807,1675.476741568102
2025,BUKIT MERAH,3 ROOM,historical_mature,349,40.75,93.5,12,6584.615384615385,7729.912437019335,2326.3644802097074
2025,BUKIT MERAH,4 ROOM,historical_mature,383,43.75,93.41666666666667,12,10107.52688172043,9632.083706328176,1965.6087409109425
2025,BUKIT MERAH,5 ROOM,historical_mature,167,47.583333333333336,93.16666666666667,12,9126.984126984127,9105.800369538078,1963.7522418500923
2025,BUKIT PANJANG,2 ROOM,historical_non_mature,25,87.16666666666667,89.66666666666667,12,7872.340425531915,7955.332025901944,562.011225112403
2025,BUKIT PANJANG,3 ROOM,historical_non_mature,101,60.833333333333336,90.58333333333333,12,6562.5,6673.887144660409,763.1077072911013
2025,BUKIT PANJANG,4 ROOM,historical_non_mature,383,60.583333333333336,91.0,12,6131.868131868132,6173.313757371432,865.9176068549278
2025,BUKIT PANJANG,5 ROOM,historical_non_mature,209,61.083333333333336,91.0,12,6318.181818181818,6299.302949294066,862.1646387406493
2025,BUKIT PANJANG,EXECUTIVE,historical_non_mature,80,61.25,76.91666666666667,12,5958.904109589041,6236.715660790241,805.3560249616959
2025,BUKIT TIMAH,3 ROOM,historical_mature,10,47.416666666666664,62.833333333333336,9,7374.0779768177035,7676.38804551993,1009.5554209789506
2025,BUKIT TIMAH,4 ROOM,historical_mature,17,47.583333333333336,63.0,9,8846.153846153846,8318.225814915422,963.649195948076
2025,BUKIT TIMAH,5 ROOM,historical_mature,18,47.416666666666664,63.25,8,9597.133196721312,9155.06713944052,1001.717491403693
2025,BUKIT TIMAH,EXECUTIVE,historical_mature,9,61.75,63.333333333333336,8,9453.333333333334,9395.720317901038,439.3924763429728
2025,CENTRAL AREA,2 ROOM,historical_mature,10,44.666666666666664,57.166666666666664,7,7518.153846153846,7054.734455464172,964.3028195829322
2025,CENTRAL AREA,3 ROOM,historical_mature,74,47.416666666666664,60.416666666666664,12,8386.581920903955,8317.278559659297,886.5908961802828
2025,CENTRAL AREA,4 ROOM,historical_mature,68,47.916666666666664,85.16666666666667,12,13107.2695035461,11702.101060288165,3303.874250965751
2025,CENTRAL AREA,5 ROOM,historical_mature,20,57.333333333333336,85.0,10,13929.597954505378,12442.922024479456,3192.5009406796753
2025,CHOA CHU KANG,2 ROOM,historical_non_mature,13,84.83333333333333,91.33333333333333,9,7446.808510638298,7485.092151142104,500.23446258942664
2025,CHOA CHU KANG,3 ROOM,historical_non_mature,60,52.333333333333336,91.83333333333333,12,7096.246707638279,6787.564412718731,852.7354158161244
2025,CHOA CHU KANG,4 ROOM,historical_non_mature,481,51.5,92.16666666666667,12,5500.0,5637.059352284594,610.0237251844
2025,CHOA CHU KANG,5 ROOM,historical_non_mature,376,52.333333333333336,92.16666666666667,12,5440.782458011197,5571.532088580722,530.5075680458738
2025,CHOA CHU KANG,EXECUTIVE,historical_non_mature,97,62.25,76.83333333333333,12,5699.300699300699,5683.577805009926,388.5921937041876
2025,CLEMENTI,2 ROOM,historical_mature,5,87.08333333333333,87.41666666666667,4,9300.0,9076.326530612245,749.5765846306643
2025,CLEMENTI,3 ROOM,historical_mature,243,51.25,91.66666666666667,12,6119.4029850746265,6488.281334011106,1313.1299996573175
2025,CLEMENTI,4 ROOM,historical_mature,209,51.166666666666664,95.0,12,9380.0,9012.310586544421,2725.40488478931
2025,CLEMENTI,5 ROOM,historical_mature,84,51.416666666666664,94.91666666666667,12,8933.132743362832,8997.460467958434,2484.0225201911603
2025,CLEMENTI,EXECUTIVE,historical_mature,11,51.5,59.166666666666664,7,7042.944785276074,6982.222491087651,378.59149470522755
2025,GEYLANG,2 ROOM,historical_mature,20,40.25,59.666666666666664,9,6950.15873015873,6850.469739182724,453.9031075109239
2025,GEYLANG,3 ROOM,historical_mature,305,40.166666666666664,94.5,12,6153.846153846154,6870.435913200894,1820.3955165127854
2025,GEYLANG,4 ROOM,historical_mature,227,40.416666666666664,94.5,12,7230.7692307692305,8193.618276306204,2007.8101056064836
2025,GEYLANG,5 ROOM,historical_mature,71,49.666666666666664,79.41666666666667,12,6709.401709401709,7270.570634451804,1693.3631756943387
2025,GEYLANG,EXECUTIVE,historical_mature,16,59.416666666666664,61.166666666666664,9,7226.027397260274,7152.285774379639,796.2942829061604
2025,HOUGANG,2 ROOM,historical_non_mature,65,85.75,94.91666666666667,12,8191.489361702128,8289.484021018177,601.9925851084826
2025,HOUGANG,3 ROOM,historical_non_mature,326,48.666666666666664,94.91666666666667,12,6582.71144278607,6714.223910355542,805.4681487088691
2025,HOUGANG,4 ROOM,historical_non_mature,597,49.083333333333336,95.0,12,6488.0952380952385,6619.376449220648,834.516609053005
2025,HOUGANG,5 ROOM,historical_non_mature,231,49.166666666666664,92.91666666666667,12,6446.280991735537,6504.125801084638,785.6950622170916
2025,HOUGANG,EXECUTIVE,historical_non_mature,94,57.833333333333336,73.75,12,6681.675675675676,6782.568028272452,655.3805120027005
2025,JURONG EAST,2 ROOM,historical_non_mature,12,86.83333333333333,87.83333333333333,8,7860.510638297872,7762.014184397164,278.56514374359153
2025,JURONG EAST,3 ROOM,historical_non_mature,181,40.416666666666664,94.16666666666667,12,5925.373134328358,5963.042286650573,776.0866595975534
2025,JURONG EAST,4 ROOM,historical_non_mature,144,52.083333333333336,90.75,12,5706.683040935673,5819.472249150316,764.3639334934254
2025,JURONG EAST,5 ROOM,historical_non_mature,102,51.25,77.33333333333333,12,5681.693989071038,5717.73539734214,717.9156728541842
2025,JURONG EAST,EXECUTIVE,historical_non_mature,42,58.166666666666664,72.91666666666667,11,6757.782567049808,6466.365299307151,952.9578762332808
2025,JURONG WEST,2 ROOM,historical_non_mature,30,44.416666666666664,93.5,11,7510.63829787234,7440.344196136351,978.6875360929092
2025,JURONG WEST,3 ROOM,historical_non_mature,353,43.416666666666664,93.25,12,5616.438356164384,5918.289020552594,968.9865302108559
2025,JURONG WEST,4 ROOM,historical_non_mature,609,44.25,93.58333333333333,12,5631.0679611650485,5711.720644695898,813.7830375125048
2025,JURONG WEST,5 ROOM,historical_non_mature,460,49.583333333333336,92.83333333333333,12,5454.545454545455,5526.1773797951,704.9935629488571
2025,JURONG WEST,EXECUTIVE,historical_non_mature,139,58.833333333333336,76.58333333333333,12,5763.888888888889,5724.929424424841,516.7554656565903
2025,KALLANG/WHAMPOA,2 ROOM,historical_mature,17,43.666666666666664,60.0,9,6625.0,6760.151636412142,852.8517949228998
2025,KALLANG/WHAMPOA,3 ROOM,historical_mature,330,42.25,94.33333333333333,12,6796.825396825397,7507.496437879545,1987.1136455150227
2025,KALLANG/WHAMPOA,4 ROOM,historical_mature,317,45.75,94.41666666666667,12,9644.444444444445,9367.814315616732,2137.089225448004
2025,KALLANG/WHAMPOA,5 ROOM,historical_mature,117,45.333333333333336,90.83333333333333,12,7900.7213114754095,8500.395454846685,2148.825282927859
2025,KALLANG/WHAMPOA,EXECUTIVE,historical_mature,13,57.916666666666664,62.0,7,7214.5,7034.563010993257,768.0929756375448
2025,MARINE PARADE,2 ROOM,historical_mature,2,48.333333333333336,48.666666666666664,2,7063.059033989266,7063.059033989266,469.92874635206215
2025,MARINE PARADE,3 ROOM,historical_mature,86,48.166666666666664,50.25,12,7142.712550607288,7132.533682207702,530.16948926671
2025,MARINE PARADE,4 ROOM,historical_mature,33,48.25,50.583333333333336,11,7727.272727272727,7649.3169635030645,589.0984128225423
2025,MARINE PARADE,5 ROOM,historical_mature,41,48.166666666666664,51.166666666666664,12,7875.0,7998.666126748222,1016.1485664513777
2025,PASIR RIS,2 ROOM,historical_mature,15,67.41666666666667,89.66666666666667,10,8617.021276595744,8109.477756286268,1229.6647399476244
2025,PASIR RIS,3 ROOM,historical_mature,23,53.916666666666664,89.5,8,8647.058823529413,7808.929215454558,1680.7116608488054
2025,PASIR RIS,4 ROOM,historical_mature,248,62.083333333333336,89.66666666666667,12,5981.308411214954,6341.458252855531,1021.0353224589174
2025,PASIR RIS,5 ROOM,historical_mature,204,54.666666666666664,89.5,12,5811.060412224591,5898.830368996549,556.7226529447594
2025,PASIR RIS,EXECUTIVE,historical_mature,144,62.0,70.58333333333333,12,6295.609152752009,6262.54302628538,478.70734969509965
2025,PUNGGOL,2 ROOM,historical_non_mature,76,85.66666666666667,95.0,11,8417.692982456141,8478.822731539292,558.1137202342128
2025,PUNGGOL,3 ROOM,historical_non_mature,203,85.66666666666667,95.0,12,7983.64705882353,8035.300239804858,434.84188777137956
2025,PUNGGOL,4 ROOM,historical_non_mature,775,76.08333333333333,95.0,12,7340.20618556701,7376.541614420802,594.7025991149875
2025,PUNGGOL,5 ROOM,historical_non_mature,456,75.83333333333333,94.91666666666667,12,6637.168141592921,6788.143327294693,861.9106059513022
2025,PUNGGOL,EXECUTIVE,historical_non_mature,28,76.83333333333333,78.33333333333333,10,6288.461538461538,6286.797184065935,320.07303288187256
2025,QUEENSTOWN,2 ROOM,historical_mature,20,40.166666666666664,94.91666666666667,9,6681.159420289855,7680.521492923339,2065.7104602401023
2025,QUEENSTOWN,3 ROOM,historical_mature,264,40.083333333333336,94.91666666666667,12,6616.165991902833,7977.445641793724,2597.651216617812
2025,QUEENSTOWN,4 ROOM,historical_mature,250,41.166666666666664,95.0,12,10783.952781673679,10701.154317974524,1934.2961549021388
2025,QUEENSTOWN,5 ROOM,historical_mature,65,48.25,94.91666666666667,12,10454.545454545454,10407.9169794549,2126.625474386102
2025,QUEENSTOWN,EXECUTIVE,historical_mature,6,69.0,69.75,4,9304.820301117048,9511.602728894077,642.6770248928128
2025,SEMBAWANG,2 ROOM,historical_non_mature,131,84.66666666666667,95.08333333333333,12,8316.765957446809,8490.5154743034,729.6685083272326
2025,SEMBAWANG,3 ROOM,historical_non_mature,113,88.41666666666667,95.08333333333333,12,7647.058823529412,7758.005860068873,582.5703688585918
2025,SEMBAWANG,4 ROOM,historical_non_mature,545,72.33333333333333,95.08333333333333,12,6720.430107526881,6743.90801492652,838.677964891198
2025,SEMBAWANG,5 ROOM,historical_non_mature,325,72.0,95.08333333333333,12,5900.9009009009005,6125.308068248669,765.7488828303831
2025,SEMBAWANG,EXECUTIVE,historical_non_mature,77,72.0,76.83333333333333,12,5725.1908396946565,5684.210403461287,400.41971854198675
2025,SENGKANG,2 ROOM,historical_non_mature,90,85.5,95.25,12,8273.492907801417,8439.342182442437,727.1205623346799
2025,SENGKANG,3 ROOM,historical_non_mature,153,81.0,95.25,12,7983.64705882353,7966.5459316001115,577.1379306170168
2025,SENGKANG,4 ROOM,historical_non_mature,940,72.16666666666667,95.25,12,7000.0,7103.51573438499,910.3216723442735
2025,SENGKANG,5 ROOM,historical_non_mature,642,72.0,95.08333333333333,12,6208.108108108108,6475.104336117986,869.1052985785789
2025,SENGKANG,EXECUTIVE,historical_non_mature,80,72.08333333333333,77.33333333333333,12,6382.298507462687,6396.925111919596,401.7260744347757
2025,SERANGOON,2 ROOM,historical_mature,1,51.75,51.75,1,6590.909090909091,6590.909090909091,
2025,SERANGOON,3 ROOM,historical_mature,94,51.5,62.666666666666664,12,7159.0126291618835,7151.475766703328,723.1436359770145
2025,SERANGOON,4 ROOM,historical_mature,186,51.75,73.16666666666667,12,7085.622710622711,7129.569349453657,927.8478301655698
2025,SERANGOON,5 ROOM,historical_mature,65,58.333333333333336,73.5,12,6611.570247933884,6901.699442060697,931.1198930785791
2025,SERANGOON,EXECUTIVE,historical_mature,56,58.75,72.08333333333333,12,7177.523064020128,7303.670366539207,584.6991631112727
2025,TAMPINES,2 ROOM,historical_mature,13,82.58333333333333,89.66666666666667,9,8936.170212765957,8827.970302900923,540.2955904560971
2025,TAMPINES,3 ROOM,historical_mature,352,55.666666666666664,94.91666666666667,12,6810.95890410959,7264.148641184304,1145.6679197064736
2025,TAMPINES,4 ROOM,historical_mature,892,55.916666666666664,95.0,12,6652.1657953696795,7069.210239398529,1144.3608175803236
2025,TAMPINES,5 ROOM,historical_mature,509,56.083333333333336,94.91666666666667,12,6585.365853658536,6939.09430408045,1123.4158762050006
2025,TAMPINES,EXECUTIVE,historical_mature,154,57.75,71.75,12,6564.698259903739,6667.482061306017,534.6871444670114
2025,TAMPINES,MULTI-GENERATION,historical_mature,1,61.416666666666664,61.416666666666664,1,7048.192771084337,7048.192771084337,
2025,TOA PAYOH,2 ROOM,historical_mature,25,40.666666666666664,57.5,10,6976.7441860465115,6914.828616802854,588.5909818776656
2025,TOA PAYOH,3 ROOM,historical_mature,424,40.583333333333336,95.25,12,6000.0,7104.852698931514,2319.2970462198414
2025,TOA PAYOH,4 ROOM,historical_mature,423,46.666666666666664,95.25,12,10752.68817204301,9815.596883600483,2385.6845940886424
2025,TOA PAYOH,5 ROOM,historical_mature,172,48.75,94.58333333333333,12,8215.208034433286,8926.286617863152,2297.741591967068
2025,TOA PAYOH,EXECUTIVE,historical_mature,19,57.5,66.91666666666667,11,7452.054794520548,7286.832033492522,811.4197412335334
2025,WOODLANDS,2 ROOM,historical_non_mature,41,58.166666666666664,93.91666666666667,12,7872.340425531915,8069.825445383656,964.7935617359389
2025,WOODLANDS,3 ROOM,historical_non_mature,201,47.666666666666664,93.91666666666667,12,6164.3835616438355,6361.650158475819,1044.0253001703716
2025,WOODLANDS,4 ROOM,historical_non_mature,836,48.083333333333336,93.91666666666667,12,5715.137254901962,5858.146377042307,668.5862895888189
2025,WOODLANDS,5 ROOM,historical_non_mature,515,48.5,93.91666666666667,12,5558.173228346457,5636.828798624667,524.4773687681369
2025,WOODLANDS,EXECUTIVE,historical_non_mature,155,59.083333333333336,75.5,12,6016.409090909091,6007.279303078189,366.1093445494772
2025,YISHUN,2 ROOM,historical_non_mature,71,73.91666666666667,94.91666666666667,12,7765.95744680851,7892.96345598789,718.7224169446567
2025,YISHUN,3 ROOM,historical_non_mature,472,55.583333333333336,94.91666666666667,12,6406.25,6498.192275905181,676.3657751525715
2025,YISHUN,4 ROOM,historical_non_mature,825,55.5,95.08333333333333,12,6043.956043956044,6075.747250908746,658.7268454446113
2025,YISHUN,5 ROOM,historical_non_mature,266,55.75,92.91666666666667,12,6051.37587822014,6083.987166093837,658.4461415959098
2025,YISHUN,EXECUTIVE,historical_non_mature,67,58.416666666666664,66.33333333333333,12,6156.528301886792,6269.61915353259,508.83267694895954
2025,YISHUN,MULTI-GENERATION,historical_non_mature,2,61.5,61.5,2,6416.040100250626,6416.040100250626,17.721974465827937
2026,ANG MO KIO,2 ROOM,historical_mature,19,49.833333333333336,94.08333333333333,9,7045.454545454545,7321.4765991380755,1057.4597153719183
2026,ANG MO KIO,3 ROOM,historical_mature,311,48.75,91.91666666666667,10,6000.0,6246.791682288916,1077.286893213153
2026,ANG MO KIO,4 ROOM,historical_mature,230,48.666666666666664,94.75,10,6514.361300075586,7919.532849869773,2374.7305810028197
2026,ANG MO KIO,5 ROOM,historical_mature,114,49.833333333333336,94.66666666666667,10,8786.363636363636,8545.728106181448,2048.8558485506373
2026,ANG MO KIO,EXECUTIVE,historical_mature,7,49.083333333333336,69.33333333333333,5,7584.269662921349,7518.2257434616995,744.2196391543911
2026,BEDOK,2 ROOM,historical_mature,17,51.0,94.5,8,7333.333333333333,7609.628958313787,1318.8550501994139
2026,BEDOK,3 ROOM,historical_mature,392,44.833333333333336,94.5,10,6072.3598435462845,6392.011880436139,1091.6910232363734
2026,BEDOK,4 ROOM,historical_mature,427,47.333333333333336,95.0,10,6481.481481481482,7312.299180360513,1986.401026166077
2026,BEDOK,5 ROOM,historical_mature,174,47.5,95.0,10,6611.842105263158,6921.874479611024,1725.4771090389472
2026,BEDOK,EXECUTIVE,historical_mature,50,49.916666666666664,69.91666666666667,10,7065.647308508585,7121.064078727705,640.4808142280253
2026,BISHAN,3 ROOM,historical_mature,47,46.166666666666664,61.25,10,7910.44776119403,7466.6074820748345,1349.853913667923
2026,BISHAN,4 ROOM,historical_mature,164,47.083333333333336,84.66666666666667,10,7818.55500821018,7980.843224176656,1175.2221015501614
2026,BISHAN,5 ROOM,historical_mature,91,57.5,84.75,10,7950.819672131148,8367.885361137567,1630.5763222474557
2026,BISHAN,EXECUTIVE,historical_mature,36,58.0,65.58333333333333,10,8630.545223623332,8641.818947746702,885.5105588987274
2026,BUKIT BATOK,2 ROOM,historical_non_mature,76,91.58333333333333,94.58333333333333,10,8404.255319148937,8455.90763522407,687.7825937995228
2026,BUKIT BATOK,3 ROOM,historical_non_mature,258,56.25,94.58333333333333,9,6029.411764705882,6409.374595004041,908.471134009104
2026,BUKIT BATOK,4 ROOM,historical_non_mature,487,56.583333333333336,94.58333333333333,10,6654.709677419355,6573.796107309682,1105.8429525510815
2026,BUKIT BATOK,5 ROOM,historical_non_mature,256,57.5,94.58333333333333,10,7107.1472244569595,6968.98413727163,944.3813857523669
2026,BUKIT BATOK,EXECUTIVE,historical_non_mature,55,57.333333333333336,70.91666666666667,10,5972.222222222223,5997.681577989005,531.7675495878732
2026,BUKIT MERAH,1 ROOM,historical_mature,8,47.583333333333336,48.25,6,8596.774193548386,8471.322580645161,456.0639730943791
2026,BUKIT MERAH,2 ROOM,historical_mature,26,39.916666666666664,85.58333333333333,9,6583.586626139818,6924.773833514336,1663.575219039204
2026,BUKIT MERAH,3 ROOM,historical_mature,235,39.833333333333336,92.41666666666667,10,6444.444444444444,7637.061314793085,2457.6700539941594
2026,BUKIT MERAH,4 ROOM,historical_mature,316,42.833333333333336,92.33333333333333,10,10120.555555555555,9609.253109617537,2139.1260789665575
2026,BUKIT MERAH,5 ROOM,historical_mature,145,47.166666666666664,92.41666666666667,10,8909.09090909091,8936.88890141111,2170.6366467356243
2026,BUKIT PANJANG,2 ROOM,historical_non_mature,7,86.83333333333333,88.91666666666667,3,7608.695652173913,7766.287828730012,813.018401075593
2026,BUKIT PANJANG,3 ROOM,historical_non_mature,74,59.833333333333336,90.0,10,6553.308823529412,6780.0720849004665,827.6612955259335
2026,BUKIT PANJANG,4 ROOM,historical_non_mature,300,59.416666666666664,90.0,10,6000.0,6133.6816469418545,900.0042627066556
2026,BUKIT PANJANG,5 ROOM,historical_non_mature,180,60.25,90.0,10,6044.142857142857,6162.119574188104,933.3420399354401
2026,BUKIT PANJANG,EXECUTIVE,historical_non_mature,64,60.166666666666664,76.08333333333333,10,5980.588942307692,6111.167554209952,708.0084440719831
2026,BUKIT TIMAH,3 ROOM,historical_mature,7,46.583333333333336,49.333333333333336,6,7000.0,7017.987005498593,498.2683663482582
2026,BUKIT TIMAH,4 ROOM,historical_mature,13,46.833333333333336,62.25,8,9019.23076923077,8940.482742232958,467.1499660126914
2026,BUKIT TIMAH,5 ROOM,historical_mature,19,46.666666666666664,62.5,9,9139.344262295082,9096.960620883568,883.1453040702766
2026,BUKIT TIMAH,EXECUTIVE,historical_mature,7,61.0,62.333333333333336,3,9589.04109589041,9431.114519192484,519.7956973163133
2026,CENTRAL AREA,2 ROOM,historical_mature,4,43.916666666666664,55.916666666666664,4,5902.229845626072,6002.638870563399,716.8361915993383
2026,CENTRAL AREA,3 ROOM,historical_mature,49,46.416666666666664,59.333333333333336,10,8300.0,8288.955478990114,913.1112326436264
2026,CENTRAL AREA,4 ROOM,historical_mature,68,44.416666666666664,84.08333333333333,10,9927.710843373494,10987.32498072582,3255.248958874644
2026,CENTRAL AREA,5 ROOM,historical_mature,23,56.5,84.08333333333333,8,13831.775700934579,11553.037365639015,3518.7865277964415
2026,CHOA CHU KANG,2 ROOM,historical_non_mature,12,84.16666666666667,94.58333333333333,6,8329.787234042553,8553.662365905513,1391.4584369418353
2026,CHOA CHU KANG,3 ROOM,historical_non_mature,61,50.75,91.16666666666667,9,5890.41095890411,6329.50879977411,903.4472335280504
2026,CHOA CHU KANG,4 ROOM,historical_non_mature,414,51.0,91.16666666666667,10,5485.9330484330485,5650.296924581172,694.9782910682583
2026,CHOA CHU KANG,5 ROOM,historical_non_mature,269,51.916666666666664,91.08333333333333,10,5425.311475409836,5545.524863408594,598.6149528634097
2026,CHOA CHU KANG,EXECUTIVE,historical_non_mature,72,61.5,76.33333333333333,10,5743.0611631205675,5698.024273440893,348.50342579412234
2026,CLEMENTI,2 ROOM,historical_mature,5,52.166666666666664,86.58333333333333,4,8469.387755102041,8058.719851576994,1039.1701311929319
2026,CLEMENTI,3 ROOM,historical_mature,168,50.416666666666664,96.0,9,6343.2835820895525,6977.831551630601,2015.327256036583
2026,CLEMENTI,4 ROOM,historical_mature,158,50.333333333333336,94.5,10,9276.5746124031,9018.603831280867,2710.47977253759
2026,CLEMENTI,5 ROOM,historical_mature,57,51.083333333333336,94.5,9,10067.796610169491,9826.137152959842,2824.7310015258704
2026,CLEMENTI,EXECUTIVE,historical_mature,7,53.0,57.833333333333336,6,7054.7945205479455,7032.6541155867435,357.24994957607487
2026,GEYLANG,2 ROOM,historical_mature,13,41.333333333333336,58.833333333333336,8,6909.090909090909,6793.626040626041,646.4327577624906
2026,GEYLANG,3 ROOM,historical_mature,250,39.416666666666664,93.41666666666667,10,5995.245641838352,6964.15473716262,2105.4956589398003
2026,GEYLANG,4 ROOM,historical_mature,186,41.333333333333336,93.41666666666667,10,7418.375717801477,8286.086067461414,1978.3636438524015
2026,GEYLANG,5 ROOM,historical_mature,54,48.916666666666664,79.41666666666667,10,7275.30303030303,7868.63162534596,1814.2965838343255
2026,GEYLANG,EXECUTIVE,historical_mature,11,58.5,59.916666666666664,9,7315.436241610738,7091.49658260626,660.8819992092434
2026,HOUGANG,2 ROOM,historical_non_mature,31,84.91666666666667,93.75,9,8255.31914893617,8360.121518621538,595.7426029300731
2026,HOUGANG,3 ROOM,historical_non_mature,202,48.166666666666664,94.0,10,6593.976449275362,6851.029150811826,1013.1542766752931
2026,HOUGANG,4 ROOM,historical_non_mature,467,48.333333333333336,94.33333333333333,10,6350.0,6554.105567555881,958.2178817434337
2026,HOUGANG,5 ROOM,historical_non_mature,196,48.833333333333336,94.41666666666667,10,6384.297520661157,6693.527397735266,1122.885122633473
2026,HOUGANG,EXECUTIVE,historical_non_mature,105,56.833333333333336,72.83333333333333,10,6508.9548387096775,6677.412305443057,666.1898865505415
2026,JURONG EAST,2 ROOM,historical_non_mature,8,86.41666666666667,87.16666666666667,6,7790.697674418605,7789.112050739957,353.4628593714147
2026,JURONG EAST,3 ROOM,historical_non_mature,147,39.333333333333336,93.0,10,5805.9701492537315,5953.844347557005,823.9264402917768
2026,JURONG EAST,4 ROOM,historical_non_mature,110,51.75,89.91666666666667,10,5773.504273504273,5874.56182535127,784.7215867489788
2026,JURONG EAST,5 ROOM,historical_non_mature,92,51.666666666666664,86.25,10,5933.043843675585,5856.080356527456,765.4598139539213
2026,JURONG EAST,EXECUTIVE,historical_non_mature,32,56.833333333333336,72.66666666666667,9,6545.138888888889,6459.913599294226,918.6158952872313
2026,JURONG WEST,2 ROOM,historical_non_mature,21,51.416666666666664,92.41666666666667,8,7659.574468085107,7646.384948322799,550.8459984742718
2026,JURONG WEST,3 ROOM,historical_non_mature,230,42.583333333333336,92.5,9,5543.203371970495,5811.338692407307,1012.6382820561671
2026,JURONG WEST,4 ROOM,historical_non_mature,477,55.666666666666664,92.16666666666667,10,5504.854368932039,5623.733542265189,882.8354676195225
2026,JURONG WEST,5 ROOM,historical_non_mature,349,49.416666666666664,91.83333333333333,10,5454.545454545455,5500.87026137893,790.8730086623513
2026,JURONG WEST,EXECUTIVE,historical_non_mature,101,57.75,75.5,10,5510.2040816326535,5519.415349036881,515.8062757926484
2026,KALLANG/WHAMPOA,2 ROOM,historical_mature,10,42.833333333333336,59.333333333333336,7,7587.121212121212,7302.055194805194,788.4727299348087
2026,KALLANG/WHAMPOA,3 ROOM,historical_mature,233,41.416666666666664,93.25,9,6764.705882352941,7564.675249675691,2079.0571029531125
2026,KALLANG/WHAMPOA,4 ROOM,historical_mature,241,45.25,93.41666666666667,9,9777.777777777777,9462.047507778843,2311.0298739861037
2026,KALLANG/WHAMPOA,5 ROOM,historical_mature,91,45.0,90.08333333333333,10,7923.076923076923,8308.613713901923,1918.1863826662184
2026,KALLANG/WHAMPOA,EXECUTIVE,historical_mature,14,56.916666666666664,67.58333333333333,6,6703.463203463203,7093.852376749747,1270.8943384637034
2026,MARINE PARADE,3 ROOM,historical_mature,45,47.333333333333336,49.166666666666664,10,6915.254237288135,6908.458805909882,514.2178022986415
2026,MARINE PARADE,4 ROOM,historical_mature,32,47.333333333333336,49.416666666666664,10,7624.7228381374725,7390.349495135331,714.0413976668992
2026,MARINE PARADE,5 ROOM,historical_mature,24,47.333333333333336,50.083333333333336,8,8750.0,8531.396119273382,861.1668303912186
2026,PASIR RIS,2 ROOM,historical_mature,6,87.91666666666667,88.58333333333333,5,8904.255319148935,8914.893617021276,296.6540435392918
2026,PASIR RIS,3 ROOM,historical_mature,16,53.333333333333336,88.58333333333333,7,9227.941176470587,8228.665995915118,1966.860812662317
2026,PASIR RIS,4 ROOM,historical_mature,250,61.25,88.58333333333333,10,6013.630122214234,6430.32243096427,1120.1918248211068
2026,PASIR RIS,5 ROOM,historical_mature,183,61.5,88.5,10,5809.523809523809,6022.234642008572,839.0788436504707
2026,PASIR RIS,EXECUTIVE,historical_mature,164,61.0,69.58333333333333,10,6278.255528255529,6285.696845839586,517.2785138554691
2026,PUNGGOL,2 ROOM,historical_non_mature,105,85.0,94.83333333333333,10,8823.652173913044,8902.859133532187,811.2220093916955
2026,PUNGGOL,3 ROOM,historical_non_mature,149,85.08333333333333,94.66666666666667,10,8076.923076923077,8128.392918947921,517.0738431931348
2026,PUNGGOL,4 ROOM,historical_non_mature,691,75.41666666666667,94.75,10,7333.333333333333,7353.6399766099885,650.6406555372757
2026,PUNGGOL,5 ROOM,historical_non_mature,376,75.25,94.75,10,7057.522123893805,6991.073988235288,1060.1954236792114
2026,PUNGGOL,EXECUTIVE,historical_non_mature,21,75.91666666666667,77.25,9,6430.7692307692305,6378.9090393134,387.69885771836806
2026,QUEENSTOWN,2 ROOM,historical_mature,15,39.416666666666664,94.75,7,11063.829787234043,10185.579196217495,3222.804046788855
2026,QUEENSTOWN,3 ROOM,historical_mature,290,39.416666666666664,94.83333333333333,10,7278.617992177315,8810.198930556335,3365.0499011232964
2026,QUEENSTOWN,4 ROOM,historical_mature,241,43.416666666666664,94.66666666666667,10,11612.90322580645,11324.599549908566,2033.7486378494254
2026,QUEENSTOWN,5 ROOM,historical_mature,70,47.333333333333336,94.58333333333333,10,10408.22447347374,10674.996901174683,2451.2962166717207
2026,QUEENSTOWN,EXECUTIVE,historical_mature,6,66.41666666666667,68.75,4,9422.988505747126,9097.004231439752,861.231517252866
2026,SEMBAWANG,2 ROOM,historical_non_mature,70,83.75,94.0,10,8648.936170212764,8734.674003811562,874.5775727480574
2026,SEMBAWANG,3 ROOM,historical_non_mature,74,87.66666666666667,94.0,9,7647.058823529412,7733.244842525468,554.73213222627
2026,SEMBAWANG,4 ROOM,historical_non_mature,302,71.41666666666667,94.33333333333333,10,6487.98228969007,6589.476134250094,899.5402227763462
2026,SEMBAWANG,5 ROOM,historical_non_mature,180,71.25,94.0,10,5627.815315315315,5877.32816825487,778.0269431532146
2026,SEMBAWANG,EXECUTIVE,historical_non_mature,44,71.33333333333333,74.91666666666667,9,5640.209679127396,5687.736582964246,505.870267864827
2026,SENGKANG,2 ROOM,historical_non_mature,60,79.91666666666667,93.75,9,8413.702127659575,8527.592885895978,720.9143679117508
2026,SENGKANG,3 ROOM,historical_non_mature,111,80.25,94.16666666666667,10,8014.705882352941,7980.851344116894,583.9885580659627
2026,SENGKANG,4 ROOM,historical_non_mature,679,71.25,94.16666666666667,10,6868.817204301075,7009.642913385921,887.8715855675516
2026,SENGKANG,5 ROOM,historical_non_mature,455,71.5,94.16666666666667,10,6166.666666666667,6437.118293748982,979.2219210951363
2026,SENGKANG,EXECUTIVE,historical_non_mature,97,71.25,76.25,10,6369.2307692307695,6382.396318447903,338.4151645367798
2026,SERANGOON,3 ROOM,historical_mature,72,50.75,61.416666666666664,9,6954.823369565218,7123.532062890146,729.1221383103817
2026,SERANGOON,4 ROOM,historical_mature,130,50.75,72.33333333333333,10,6959.884775418755,7130.0401112357995,917.3136870130948
2026,SERANGOON,5 ROOM,historical_mature,59,57.916666666666664,72.33333333333333,10,6983.471074380165,7102.449526780293,981.6777900253142
2026,SERANGOON,EXECUTIVE,historical_mature,39,58.083333333333336,71.41666666666667,10,7619.047619047619,7524.302130816723,772.3366586118283
2026,TAMPINES,2 ROOM,historical_mature,8,81.5,88.41666666666667,6,9039.0,9132.7920906568,464.7136341074132
2026,TAMPINES,3 ROOM,historical_mature,307,54.833333333333336,94.58333333333333,10,6791.044776119403,7217.2828760904185,1150.5283477220742
2026,TAMPINES,4 ROOM,historical_mature,729,55.083333333333336,94.83333333333333,10,6666.666666666667,7127.826812703986,1198.27584301062
2026,TAMPINES,5 ROOM,historical_mature,461,56.416666666666664,94.83333333333333,10,6535.433070866142,6972.716103758365,1158.316167427913
2026,TAMPINES,EXECUTIVE,historical_mature,140,57.083333333333336,70.58333333333333,10,6712.328767123287,6776.170450229012,571.2528539441994
2026,TAMPINES,MULTI-GENERATION,historical_mature,3,59.916666666666664,60.666666666666664,3,6837.349397590361,7275.100401606425,946.6907879603052
2026,TOA PAYOH,2 ROOM,historical_mature,19,39.75,56.416666666666664,7,6800.0,6748.072522098317,487.3167642110453
2026,TOA PAYOH,3 ROOM,historical_mature,314,39.833333333333336,94.5,10,5654.461300309598,7082.0381714814985,2723.9963871428217
2026,TOA PAYOH,4 ROOM,historical_mature,314,45.333333333333336,94.58333333333333,10,11107.52688172043,10305.097346786606,2205.7846220873676
2026,TOA PAYOH,5 ROOM,historical_mature,115,41.416666666666664,94.41666666666667,9,8414.634146341463,9081.877092824801,2624.5955157861854
2026,TOA PAYOH,EXECUTIVE,historical_mature,12,59.083333333333336,65.91666666666667,8,6739.726027397261,7250.244557341123,921.9080554499524
2026,WOODLANDS,2 ROOM,historical_non_mature,23,57.416666666666664,92.75,8,8085.106382978724,8151.635675833583,808.2912059866597
2026,WOODLANDS,3 ROOM,historical_non_mature,168,47.0,92.83333333333333,10,5882.705479452055,6173.687756537296,1110.2408032070575
2026,WOODLANDS,4 ROOM,historical_non_mature,689,46.916666666666664,92.83333333333333,10,5606.060606060606,5734.6877006928735,688.6690702298542
2026,WOODLANDS,5 ROOM,historical_non_mature,429,48.5,92.66666666666667,10,5416.666666666667,5522.116794699999,592.2063053238448
2026,WOODLANDS,EXECUTIVE,historical_non_mature,157,58.416666666666664,74.33333333333333,10,5992.43537414966,5981.406202060968,374.6936719937719
2026,YISHUN,2 ROOM,historical_non_mature,41,73.66666666666667,94.08333333333333,9,7723.404255319149,7848.807800508018,631.1910422151509
2026,YISHUN,3 ROOM,historical_non_mature,325,50.416666666666664,93.83333333333333,10,6298.507462686567,6433.109538683388,667.7852231090561
2026,YISHUN,4 ROOM,historical_non_mature,627,51.166666666666664,94.33333333333333,10,5892.857142857143,5917.357149933002,700.9255670320581
2026,YISHUN,5 ROOM,historical_non_mature,208,57.0,91.83333333333333,10,5813.340323177501,5889.351006922801,762.056025809491
2026,YISHUN,EXECUTIVE,historical_non_mature,55,57.583333333333336,65.41666666666667,9,6099.290780141844,6243.76026628442,492.9355938439786
2026,YISHUN,MULTI-GENERATION,historical_non_mature,3,60.333333333333336,60.666666666666664,3,7300.613496932516,7385.457285280204,603.1035110798115
